participant,phase,trial,occurrence,ordinal,x,y,onset_ms,duration_ms,sample_count
P01,Encoding,enc_01,1,1,570.4,609.3,70,80,40
P01,Encoding,enc_01,1,2,571.8,835.1,178,314,157
P01,Encoding,enc_01,1,3,1153.5,188.3,520,80,40
P01,Encoding,enc_01,1,4,1289.6,704.7,667,298,149
P01,Encoding,enc_01,1,5,932.6,752.5,995,268,134
P01,Encoding,enc_01,1,6,1073.5,213.2,1329,344,172
P01,Encoding,enc_01,1,7,1242.8,651.7,1726,288,144
P01,Encoding,enc_01,1,8,620.2,617.7,2060,300,150
P01,Encoding,enc_01,1,9,33.3,815.3,2418,302,151
P01,Encoding,enc_01,1,10,1206.5,683.4,2783,80,40
P01,Encoding,enc_01,1,11,917.2,728.9,2899,170,85
P01,Encoding,enc_02,1,1,846.3,284.0,59,446,223
P01,Encoding,enc_02,1,2,1227.1,995.4,534,320,160
P01,Encoding,enc_02,1,3,1129.8,614.4,902,214,107
P01,Encoding,enc_02,1,4,1192.4,596.8,1160,298,149
P01,Encoding,enc_02,1,5,857.0,302.6,1513,192,96
P01,Encoding,enc_02,1,6,725.5,690.9,1729,412,206
P01,Encoding,enc_02,1,7,713.4,749.6,2205,216,108
P01,Encoding,enc_02,1,8,710.1,641.3,2472,276,138
P01,Encoding,enc_02,1,9,1150.7,636.0,2799,80,40
P01,Encoding,enc_02,1,10,825.5,285.8,2923,156,78
P01,Encoding,enc_02,1,11,747.6,661.1,3138,414,207
P01,Encoding,enc_02,1,12,729.0,633.1,3621,234,117
P01,Encoding,enc_02,1,13,1133.7,626.3,3905,256,128
P01,Encoding,enc_02,1,14,918.6,214.7,4219,360,180
P01,Encoding,enc_02,1,15,734.0,699.6,4632,456,228
P01,Encoding,enc_02,1,16,885.6,374.8,5135,258,129
P01,Encoding,enc_03,1,1,1106.2,711.0,106,350,175
P01,Encoding,enc_03,1,2,1106.7,678.8,510,378,189
P01,Encoding,enc_03,1,3,573.1,668.1,913,370,185
P01,Encoding,enc_03,1,4,881.0,534.0,1336,416,208
P01,Encoding,enc_03,1,5,1292.9,579.6,1776,358,179
P01,Encoding,enc_03,1,6,1224.8,387.3,2166,332,166
P01,Encoding,enc_03,1,7,787.0,541.4,2538,260,130
P01,Encoding,enc_03,1,8,1523.1,535.1,2828,260,130
P01,Encoding,enc_03,1,9,908.6,528.9,3157,484,242
P01,Encoding,enc_03,1,10,1147.0,732.3,3687,446,223
P01,Encoding,enc_04,1,1,621.1,415.0,89,288,144
P01,Encoding,enc_04,1,2,639.0,417.8,432,374,187
P01,Encoding,enc_04,1,3,661.9,419.6,839,212,106
P01,Encoding,enc_04,1,4,685.8,388.4,1107,180,90
P01,Encoding,enc_04,1,5,805.1,809.5,1326,360,180
P01,Encoding,enc_04,1,6,798.0,817.3,1728,386,193
P01,Encoding,enc_04,1,7,380.5,969.3,2147,424,212
P01,Encoding,enc_04,1,8,1229.0,332.4,2596,252,126
P01,Encoding,enc_05,1,1,1235.3,432.3,40,196,98
P01,Encoding,enc_05,1,2,1236.3,479.4,273,328,164
P01,Encoding,enc_05,1,3,602.7,759.6,642,186,93
P01,Encoding,enc_05,1,4,550.2,789.9,867,344,172
P01,Encoding,enc_05,1,5,1240.1,477.9,1270,182,91
P01,Encoding,enc_05,1,6,1258.5,459.2,1492,506,253
P01,Encoding,enc_06,1,1,913.2,389.4,98,256,128
P01,Encoding,enc_06,1,2,839.2,671.0,382,308,154
P01,Encoding,enc_06,1,3,584.1,776.5,742,292,146
P01,Encoding,enc_06,1,4,569.6,440.7,1078,294,147
P01,Encoding,enc_06,1,5,1106.7,359.3,1409,310,155
P01,Encoding,enc_06,1,6,570.1,438.7,1770,248,124
P01,Encoding,enc_06,1,7,865.6,730.1,2070,370,185
P01,Encoding,enc_06,1,8,904.7,761.9,2505,208,104
P01,Encoding,enc_06,1,9,595.6,427.2,2743,422,211
P01,Encoding,enc_06,1,10,867.0,329.7,3219,254,127
P01,Encoding,enc_06,1,11,541.0,414.6,3503,348,174
P01,Encoding,enc_07,1,1,889.0,910.6,70,136,68
P01,Encoding,enc_07,1,2,842.4,303.9,266,246,123
P01,Encoding,enc_07,1,3,1369.1,184.7,559,484,242
P01,Encoding,enc_07,1,4,711.6,710.9,1081,314,157
P01,Encoding,enc_07,1,5,909.5,269.4,1451,284,142
P01,Encoding,enc_07,1,6,1375.4,320.0,1759,268,134
P01,Encoding,enc_07,1,7,875.8,250.6,2094,270,135
P01,Encoding,enc_07,1,8,1279.9,373.1,2394,352,176
P01,Encoding,enc_07,1,9,1348.5,394.9,2810,374,187
P01,Encoding,enc_07,1,10,1224.4,456.4,3222,240,120
P01,Encoding,enc_07,1,11,1225.0,376.5,3502,288,144
P01,Encoding,enc_07,1,12,851.1,253.8,3834,364,182
P01,Encoding,enc_07,1,13,907.1,285.7,4236,226,113
P01,Encoding,enc_07,1,14,851.1,247.2,4516,302,151
P01,Encoding,enc_08,1,1,580.9,548.2,86,360,180
P01,Encoding,enc_08,1,2,811.0,706.7,491,218,109
P01,Encoding,enc_08,1,3,1445.9,655.1,763,80,40
P01,Encoding,enc_08,1,4,1230.8,455.9,886,182,91
P01,Encoding,enc_08,1,5,797.1,672.3,1137,342,171
P01,Encoding,enc_08,1,6,652.3,542.5,1520,424,212
P01,Encoding,enc_08,1,7,1207.0,471.1,2002,304,152
P01,Encoding,enc_08,1,8,657.4,537.7,2359,224,112
P01,Encoding,enc_08,1,9,662.7,257.0,2619,248,124
P01,Encoding,enc_08,1,10,643.9,278.0,2899,212,106
P01,Encoding,enc_08,1,11,586.3,522.5,3156,360,180
P01,Encoding,enc_08,1,12,836.2,679.8,3549,414,207
P01,Encoding,enc_09,1,1,1223.8,713.7,77,306,153
P01,Encoding,enc_09,1,2,778.1,455.5,439,262,131
P01,Encoding,enc_09,1,3,1255.7,774.2,737,394,197
P01,Encoding,enc_09,1,4,1191.2,771.0,1196,256,128
P01,Encoding,enc_09,1,5,849.2,486.3,1492,496,248
P01,Encoding,enc_09,1,6,180.4,49.9,2038,330,165
P01,Encoding,enc_09,1,7,1259.2,760.1,2420,384,192
P01,Encoding,enc_09,1,8,789.5,406.4,2844,304,152
P01,Encoding,enc_09,1,9,1225.0,304.2,3216,296,148
P01,Encoding,enc_09,1,10,1162.3,772.6,3537,412,206
P01,Encoding,enc_09,1,11,1284.1,772.3,4002,396,198
P01,Encoding,enc_10,1,1,1180.7,695.5,82,228,114
P01,Encoding,enc_10,1,2,691.4,387.5,342,130,65
P01,Encoding,enc_10,1,3,701.3,280.4,524,134,67
P01,Encoding,enc_10,1,4,754.1,727.3,697,254,127
P01,Encoding,enc_10,1,5,713.2,290.2,1016,446,223
P01,Encoding,enc_10,1,6,891.4,367.4,1490,190,95
P01,Encoding,enc_10,1,7,1218.3,697.3,1722,240,120
P01,Encoding,enc_10,1,8,918.0,361.5,2024,224,112
P01,Encoding,enc_11,1,1,1006.7,220.2,96,268,134
P01,Encoding,enc_11,1,2,665.4,715.0,401,278,139
P01,Encoding,enc_11,1,3,1417.5,268.4,726,450,225
P01,Encoding,enc_11,1,4,1293.4,477.5,1242,392,196
P01,Encoding,enc_11,1,5,675.8,735.5,1695,180,90
P01,Encoding,enc_11,1,6,1004.0,774.0,1922,306,153
P01,Encoding,enc_11,1,7,1291.5,354.2,2297,218,109
P01,Encoding,enc_11,1,8,1313.9,527.7,2540,292,146
P01,Encoding,enc_11,1,9,1172.3,269.6,2878,256,128
P01,Encoding,enc_11,1,10,1305.4,471.4,3171,234,117
P01,Encoding,enc_12,1,1,127.9,794.6,115,148,74
P01,Encoding,enc_12,1,2,1741.5,50.8,290,280,140
P01,Encoding,enc_12,1,3,1114.0,511.9,629,514,257
P01,Encoding,enc_12,1,4,1357.4,819.3,1198,386,193
P01,Encoding,enc_12,1,5,1452.8,749.1,1649,268,134
P01,Encoding,enc_12,1,6,1082.1,774.9,1973,288,144
P01,Encoding,enc_12,1,7,963.9,467.0,2294,368,184
P01,Encoding,enc_12,1,8,983.5,411.0,2689,196,98
P01,Encoding,enc_12,1,9,939.3,441.7,2923,260,130
P01,Encoding,enc_12,1,10,1006.4,413.4,3228,276,138
P01,Encoding,enc_12,1,11,704.1,410.4,3548,354,177
P01,Encoding,enc_12,1,12,985.3,363.2,3969,224,112
P01,Encoding,enc_12,1,13,1012.0,416.4,4248,292,146
P01,Encoding,enc_12,1,14,1310.8,827.7,4600,364,182
P01,Encoding,enc_13,1,1,1260.3,401.2,90,212,106
P01,Encoding,enc_13,1,2,1241.7,637.8,351,402,201
P01,Encoding,enc_13,1,3,1428.3,263.2,794,278,139
P01,Encoding,enc_13,1,4,1238.2,430.9,1139,228,114
P01,Encoding,enc_13,1,5,877.5,490.4,1424,276,138
P01,Encoding,enc_13,1,6,1277.1,408.6,1749,256,128
P01,Encoding,enc_13,1,7,1102.8,905.0,2048,276,138
P01,Encoding,enc_13,1,8,1275.8,403.3,2382,282,141
P01,Encoding,enc_13,1,9,189.9,311.6,2694,364,182
P01,Encoding,enc_14,1,1,986.1,960.5,61,252,126
P01,Encoding,enc_14,1,2,1185.5,743.8,382,322,161
P01,Encoding,enc_14,1,3,1176.7,696.1,754,220,110
P01,Encoding,enc_14,1,4,25.6,860.8,1009,388,194
P01,Encoding,enc_14,1,5,1218.9,478.4,1462,276,138
P01,Encoding,enc_14,1,6,1180.9,717.7,1772,416,208
P01,Encoding,enc_14,1,7,1174.1,710.3,2254,340,170
P01,Encoding,enc_14,1,8,1034.1,450.0,2640,254,127
P01,Encoding,enc_14,1,9,1184.5,716.9,2934,190,95
P01,Encoding,enc_14,1,10,1226.1,466.4,3182,250,125
P01,Encoding,enc_14,1,11,1024.2,432.0,3489,400,200
P01,Encoding,enc_15,1,1,1288.6,621.1,80,328,164
P01,Encoding,enc_15,1,2,1235.8,251.8,461,236,118
P01,Encoding,enc_15,1,3,1199.5,600.6,733,320,160
P01,Encoding,enc_15,1,4,946.2,708.4,1100,340,170
P01,Encoding,enc_15,1,5,1215.3,614.8,1507,462,231
P01,Encoding,enc_15,1,6,643.3,703.8,2023,80,40
P01,Encoding,enc_15,1,7,918.7,654.4,2150,376,188
P01,Encoding,enc_15,1,8,1256.7,258.4,2554,292,146
P01,Encoding,enc_15,1,9,642.9,676.8,2899,160,80
P01,Encoding,enc_15,1,10,540.0,720.5,3105,334,167
P01,Encoding,enc_15,1,11,557.8,680.7,3497,206,103
P01,Encoding,enc_15,1,12,970.1,599.7,3737,298,149
P01,Encoding,enc_16,1,1,1161.1,821.7,52,320,160
P01,Encoding,enc_16,1,2,932.0,563.7,435,204,102
P01,Encoding,enc_16,1,3,680.4,728.8,669,386,193
P01,Encoding,enc_16,1,4,687.7,709.8,1080,204,102
P01,Encoding,enc_16,1,5,637.0,437.9,1311,286,143
P01,Encoding,enc_16,1,6,606.2,677.2,1665,270,135
P01,Encoding,enc_16,1,7,931.2,559.6,1963,286,143
P01,Encoding,enc_16,1,8,639.6,677.1,2294,274,137
P01,Encoding,enc_16,1,9,948.5,569.2,2635,306,153
P01,Encoding,enc_16,1,10,928.6,570.7,3010,188,94
P01,Encoding,enc_17,1,1,577.7,737.2,60,208,104
P01,Encoding,enc_17,1,2,713.0,415.1,307,224,112
P01,Encoding,enc_17,1,3,599.4,727.8,591,388,194
P01,Encoding,enc_17,1,4,1119.9,756.6,1017,294,147
P01,Encoding,enc_17,1,5,569.8,695.8,1380,450,225
P01,Encoding,enc_17,1,6,1705.0,357.9,1869,284,142
P01,Encoding,enc_17,1,7,611.3,702.0,2201,228,114
P01,Encoding,enc_17,1,8,521.0,843.2,2470,302,151
P01,Encoding,enc_17,1,9,618.1,687.7,2818,80,40
P01,Encoding,enc_17,1,10,754.0,354.3,2950,382,191
P01,Encoding,enc_17,1,11,1089.1,765.9,3378,338,169
P01,Encoding,enc_17,1,12,711.1,350.6,3754,432,216
P01,Encoding,enc_18,1,1,1091.9,345.1,47,322,161
P01,Encoding,enc_18,1,2,722.8,342.7,436,442,221
P01,Encoding,enc_18,1,3,1075.0,335.7,905,306,153
P01,Encoding,enc_18,1,4,1096.1,557.0,1253,310,155
P01,Encoding,enc_18,1,5,1128.0,517.2,1613,280,140
P01,Encoding,enc_18,1,6,1425.5,417.3,1931,228,114
P01,Encoding,enc_18,1,7,1106.6,336.4,2227,436,218
P01,Encoding,enc_18,1,8,1760.7,565.1,2698,390,195
P01,Encoding,enc_18,1,9,1131.3,506.7,3148,218,109
P01,Encoding,enc_19,1,1,545.5,520.8,48,120,60
P01,Encoding,enc_19,1,2,501.2,492.3,193,362,181
P01,Encoding,enc_19,1,3,652.9,283.1,616,118,59
P01,Encoding,enc_19,1,4,623.9,221.0,758,302,151
P01,Encoding,enc_19,1,5,537.4,463.8,1118,376,188
P01,Encoding,enc_19,1,6,836.4,592.9,1542,358,179
P01,Encoding,enc_19,1,7,599.2,254.5,1965,202,101
P01,Encoding,enc_19,1,8,517.7,256.4,2195,302,151
P01,Encoding,enc_19,1,9,528.1,479.3,2533,154,77
P01,Encoding,enc_19,1,10,898.3,609.8,2750,188,94
P01,Encoding,enc_20,1,1,1148.8,346.2,94,384,192
P01,Encoding,enc_20,1,2,791.8,553.0,540,356,178
P01,Encoding,enc_20,1,3,695.5,757.4,946,456,228
P01,Encoding,enc_20,1,4,676.5,582.2,1450,222,111
P01,Encoding,enc_20,1,5,714.1,333.7,1734,340,170
P01,Encoding,enc_20,1,6,1169.6,448.9,2123,272,136
P01,Encoding,enc_20,1,7,660.0,593.6,2436,310,155
P01,Encoding,enc_20,1,8,670.1,531.3,2811,424,212
P01,Encoding,enc_20,1,9,1192.5,757.7,3259,360,180
P01,Encoding,enc_20,1,10,744.5,716.9,3656,206,103
P01,Encoding,enc_20,1,11,1204.6,778.1,3897,418,209
P01,Encoding,enc_20,1,12,847.3,1033.3,4340,254,127
P01,Encoding,enc_20,1,13,735.2,322.7,4662,218,109
P01,Retrieval,ret_01,1,1,580.9,798.1,56,260,130
P01,Retrieval,ret_01,1,2,598.5,1024.1,377,258,129
P01,Retrieval,ret_01,1,3,969.4,570.8,671,306,153
P01,Retrieval,ret_01,1,4,951.0,544.1,1020,212,106
P01,Retrieval,ret_01,1,5,1057.9,226.0,1288,466,233
P01,Retrieval,ret_01,1,6,913.9,748.6,1822,230,115
P01,Retrieval,ret_01,1,7,562.0,658.2,2116,446,223
P01,Retrieval,ret_01,1,8,994.5,499.9,2615,516,258
P01,Retrieval,ret_01,1,9,910.7,757.0,3157,272,136
P01,Retrieval,ret_01,1,10,1070.1,196.3,3481,336,168
P01,Retrieval,ret_02,1,1,668.3,536.8,118,464,232
P01,Retrieval,ret_02,1,2,611.9,542.9,628,220,110
P01,Retrieval,ret_02,1,3,655.6,550.1,885,276,138
P01,Retrieval,ret_02,1,4,1014.5,619.3,1226,326,163
P01,Retrieval,ret_02,1,5,812.2,662.0,1608,176,88
P01,Retrieval,ret_02,1,6,615.4,506.1,1827,284,142
P01,Retrieval,ret_02,1,7,688.9,565.0,2147,224,112
P01,Retrieval,ret_02,1,8,584.3,491.3,2398,248,124
P01,Retrieval,ret_02,1,9,894.4,693.9,2684,302,151
P01,Retrieval,ret_02,1,10,776.8,121.1,3051,432,216
P01,Retrieval,ret_02,1,11,991.0,475.9,3528,312,156
P01,Retrieval,ret_03,1,1,1225.3,235.3,41,306,153
P01,Retrieval,ret_03,1,2,540.9,678.4,414,180,90
P01,Retrieval,ret_03,1,3,1238.2,253.3,639,332,166
P01,Retrieval,ret_03,1,4,522.0,701.2,1000,374,187
P01,Retrieval,ret_03,1,5,1253.9,278.3,1406,346,173
P01,Retrieval,ret_03,1,6,673.5,30.7,1782,278,139
P01,Retrieval,ret_03,1,7,570.3,670.1,2121,254,127
P01,Retrieval,ret_03,1,8,1200.6,621.6,2404,246,123
P01,Retrieval,ret_03,1,9,939.7,697.4,2690,166,83
P01,Retrieval,ret_03,1,10,1185.0,584.5,2918,320,160
P01,Retrieval,ret_03,1,11,860.2,636.9,3273,258,129
P01,Retrieval,ret_03,1,12,1173.8,243.1,3566,244,122
P01,Retrieval,ret_03,1,13,1296.8,578.5,3850,262,131
P01,Retrieval,ret_04,1,1,709.8,722.5,100,288,144
P01,Retrieval,ret_04,1,2,714.8,687.3,433,186,93
P01,Retrieval,ret_04,1,3,1255.7,654.0,687,300,150
P01,Retrieval,ret_04,1,4,770.1,628.0,1029,328,164
P01,Retrieval,ret_04,1,5,938.6,577.8,1414,376,188
P01,Retrieval,ret_04,1,6,1028.1,809.9,1814,94,47
P01,Retrieval,ret_04,1,7,812.6,278.2,1968,358,179
P01,Retrieval,ret_04,1,8,1089.5,53.0,2381,386,193
P01,Retrieval,ret_04,1,9,1099.7,649.9,2820,422,211
P01,Retrieval,ret_04,1,10,886.1,804.3,3269,322,161
P01,Retrieval,ret_04,1,11,1013.3,874.2,3650,224,112
P01,Retrieval,ret_04,1,12,780.6,955.9,3899,272,136
P01,Retrieval,ret_05,1,1,975.0,500.4,90,180,90
P01,Retrieval,ret_05,1,2,847.6,496.1,306,410,205
P01,Retrieval,ret_05,1,3,1294.9,790.9,769,202,101
P01,Retrieval,ret_05,1,4,1562.6,857.9,1019,486,243
P01,Retrieval,ret_05,1,5,1297.6,804.0,1529,260,130
P01,Retrieval,ret_05,1,6,1227.3,736.8,1857,372,186
P01,Retrieval,ret_05,1,7,1270.3,805.0,2268,452,226
P01,Retrieval,ret_06,1,1,459.6,176.8,47,332,166
P01,Retrieval,ret_06,1,2,953.6,563.0,405,218,109
P01,Retrieval,ret_06,1,3,971.0,552.2,665,212,106
P01,Retrieval,ret_06,1,4,1253.1,812.5,944,266,133
P01,Retrieval,ret_06,1,5,633.6,476.2,1261,328,164
P01,Retrieval,ret_06,1,6,957.6,553.7,1616,418,209
P01,Retrieval,ret_06,1,7,648.9,693.1,2062,264,132
P01,Retrieval,ret_06,1,8,1314.5,691.8,2385,368,184
P01,Retrieval,ret_06,1,9,1287.2,290.9,2810,136,68
P01,Retrieval,ret_06,1,10,600.9,719.0,2983,238,119
P01,Retrieval,ret_06,1,11,987.0,601.6,3277,252,126
P01,Retrieval,ret_07,1,1,897.5,562.3,82,312,156
P01,Retrieval,ret_07,1,2,1223.9,241.4,450,374,187
P01,Retrieval,ret_07,1,3,1293.8,580.7,880,368,184
P01,Retrieval,ret_07,1,4,1012.6,543.5,1275,166,83
P01,Retrieval,ret_07,1,5,917.8,327.5,1502,418,209
P01,Retrieval,ret_07,1,6,783.2,833.2,1961,166,83
P01,Retrieval,ret_07,1,7,1827.9,124.5,2170,364,182
P01,Retrieval,ret_07,1,8,936.7,525.8,2571,312,156
P01,Retrieval,ret_07,1,9,742.2,348.7,2917,226,113
P01,Retrieval,ret_07,1,10,531.0,694.5,3209,224,112
P01,Retrieval,ret_08,1,1,740.7,249.8,109,200,100
P01,Retrieval,ret_08,1,2,692.1,706.1,356,248,124
P01,Retrieval,ret_08,1,3,697.8,395.2,648,198,99
P01,Retrieval,ret_08,1,4,789.9,756.3,875,200,100
P01,Retrieval,ret_08,1,5,762.2,267.9,1125,234,117
P01,Retrieval,ret_08,1,6,970.3,621.2,1384,242,121
P01,Retrieval,ret_08,1,7,905.6,297.1,1664,380,190
P01,Retrieval,ret_08,1,8,881.4,430.6,2085,308,154
P01,Retrieval,ret_08,1,9,933.9,359.6,2429,184,92
P01,Retrieval,ret_08,1,10,1050.0,538.7,2640,336,168
P01,Retrieval,ret_08,1,11,390.7,1016.7,3008,342,171
P01,Retrieval,ret_09,1,1,611.5,703.2,108,346,173
P01,Retrieval,ret_09,1,2,727.0,391.2,507,376,188
P01,Retrieval,ret_09,1,3,988.7,483.5,923,304,152
P01,Retrieval,ret_09,1,4,550.5,710.0,1279,202,101
P01,Retrieval,ret_09,1,5,988.1,576.3,1534,202,101
P01,Retrieval,ret_09,1,6,760.8,429.5,1781,302,151
P01,Retrieval,ret_09,1,7,560.0,693.9,2107,80,40
P01,Retrieval,ret_09,1,8,582.6,797.3,2248,192,96
P01,Retrieval,ret_09,1,9,722.2,424.3,2475,334,167
P01,Retrieval,ret_09,1,10,956.6,567.3,2836,240,120
P01,Retrieval,ret_09,1,11,623.4,661.8,3107,220,110
P01,Retrieval,ret_09,1,12,963.9,537.1,3356,288,144
P01,Retrieval,ret_10,1,1,632.1,325.1,86,554,277
P01,Retrieval,ret_10,1,2,713.0,512.9,670,220,110
P01,Retrieval,ret_10,1,3,927.2,564.2,916,364,182
P01,Retrieval,ret_10,1,4,1090.4,633.0,1337,374,187
P01,Retrieval,ret_10,1,5,802.8,360.5,1764,272,136
P01,Retrieval,ret_10,1,6,975.1,555.4,2103,378,189
P01,Retrieval,ret_10,1,7,579.2,211.7,2532,308,154
P01,Retrieval,ret_10,1,8,1020.6,569.9,2898,236,118
P01,Retrieval,ret_10,1,9,1242.2,573.2,3169,418,209
P01,Retrieval,ret_10,1,10,630.1,427.0,3632,284,142
P01,Retrieval,ret_10,1,11,768.9,780.9,3971,292,146
P01,Retrieval,ret_10,1,12,127.4,634.3,4314,80,40
P01,Retrieval,ret_11,1,1,681.0,715.3,74,342,171
P01,Retrieval,ret_11,1,2,1368.0,562.1,440,304,152
P01,Retrieval,ret_11,1,3,997.0,824.3,795,388,194
P01,Retrieval,ret_11,1,4,1261.1,311.8,1222,280,140
P01,Retrieval,ret_11,1,5,1182.8,261.7,1544,216,108
P01,Retrieval,ret_11,1,6,1301.3,527.9,1806,414,207
P01,Retrieval,ret_11,1,7,649.6,682.6,2250,232,116
P01,Retrieval,ret_11,1,8,1192.4,277.3,2512,326,163
P01,Retrieval,ret_11,1,9,988.6,557.7,2869,238,119
P01,Retrieval,ret_11,1,10,985.6,254.5,3132,228,114
P01,Retrieval,ret_12,1,1,952.0,544.0,108,464,232
P01,Retrieval,ret_12,1,2,1141.2,507.9,640,200,100
P01,Retrieval,ret_12,1,3,1085.8,373.6,902,82,41
P01,Retrieval,ret_12,1,4,1088.5,481.9,1037,308,154
P01,Retrieval,ret_12,1,5,989.6,1011.0,1390,242,121
P01,Retrieval,ret_12,1,6,1773.3,586.6,1672,206,103
P01,Retrieval,ret_12,1,7,1114.1,493.8,1905,356,178
P01,Retrieval,ret_12,1,8,965.7,618.4,2330,398,199
P01,Retrieval,ret_12,1,9,1069.9,298.7,2773,298,149
P01,Retrieval,ret_12,1,10,1170.0,459.3,3140,314,157
P01,Retrieval,ret_12,1,11,963.0,571.1,3516,346,173
P01,Retrieval,ret_12,1,12,904.9,536.4,3931,204,102
P01,Retrieval,ret_12,1,13,1131.3,510.9,4194,448,224
P01,Retrieval,ret_12,1,14,946.7,555.9,4705,434,217
P01,Retrieval,ret_13,1,1,1197.1,441.8,66,408,204
P01,Retrieval,ret_13,1,2,573.0,782.9,539,296,148
P01,Retrieval,ret_13,1,3,599.8,831.2,891,286,143
P01,Retrieval,ret_13,1,4,1252.3,423.1,1219,368,184
P01,Retrieval,ret_13,1,5,1202.0,409.9,1637,386,193
P01,Retrieval,ret_13,1,6,1221.0,489.4,2081,322,161
P01,Retrieval,ret_13,1,7,1231.1,464.0,2436,200,100
P01,Retrieval,ret_13,1,8,876.4,591.3,2687,258,129
P01,Retrieval,ret_13,1,9,1214.7,467.7,2991,328,164
P01,Retrieval,ret_13,1,10,987.5,528.5,3360,276,138
P01,Retrieval,ret_14,1,1,1003.6,553.8,49,388,194
P01,Retrieval,ret_14,1,2,1157.1,419.2,480,216,108
P01,Retrieval,ret_14,1,3,957.6,487.7,750,406,203
P01,Retrieval,ret_14,1,4,1005.7,414.3,1221,292,146
P01,Retrieval,ret_14,1,5,550.7,577.3,1540,226,113
P01,Retrieval,ret_14,1,6,1004.6,432.0,1797,238,119
P01,Retrieval,ret_14,1,7,980.9,417.6,2075,390,195
P01,Retrieval,ret_14,1,8,198.9,958.9,2501,190,95
P01,Retrieval,ret_14,1,9,936.7,555.2,2747,244,122
P01,Retrieval,ret_15,1,1,658.3,266.4,79,266,133
P01,Retrieval,ret_15,1,2,957.9,352.5,396,352,176
P01,Retrieval,ret_15,1,3,494.5,538.0,807,280,140
P01,Retrieval,ret_15,1,4,1364.6,707.4,1113,190,95
P01,Retrieval,ret_15,1,5,676.4,283.0,1360,166,83
P01,Retrieval,ret_15,1,6,475.3,290.1,1569,266,133
P01,Retrieval,ret_15,1,7,1318.8,175.7,1873,344,172
P01,Retrieval,ret_15,1,8,879.1,518.7,2273,306,153
P01,Retrieval,ret_15,1,9,482.5,245.1,2631,244,122
P01,Retrieval,ret_15,1,10,978.8,533.6,2912,250,125
P01,Retrieval,ret_16,1,1,614.7,395.8,112,370,185
P01,Retrieval,ret_16,1,2,882.4,285.8,542,324,162
P01,Retrieval,ret_16,1,3,530.0,376.4,930,416,208
P01,Retrieval,ret_16,1,4,826.0,713.3,1377,290,145
P01,Retrieval,ret_16,1,5,943.7,548.8,1712,252,126
P01,Retrieval,ret_16,1,6,843.3,778.0,2011,190,95
P01,Retrieval,ret_16,1,7,872.7,634.4,2267,246,123
P01,Retrieval,ret_16,1,8,580.9,439.1,2541,286,143
P01,Retrieval,ret_16,1,9,552.8,501.9,2889,260,130
P01,Retrieval,ret_16,1,10,918.7,384.5,3212,144,72
P01,Retrieval,ret_16,1,11,978.1,499.7,3395,342,171
P01,Retrieval,ret_16,1,12,971.6,548.0,3784,216,108
P01,Retrieval,ret_16,1,13,866.9,405.6,4038,186,93
P01,Retrieval,ret_18,1,1,1238.5,707.0,107,502,251
P01,Retrieval,ret_18,1,2,893.2,494.9,648,310,155
P01,Retrieval,ret_18,1,3,417.5,958.4,1024,328,164
P01,Retrieval,ret_18,1,4,1373.3,481.1,1408,436,218
P01,Retrieval,ret_18,1,5,699.2,771.1,1901,342,171
P01,Retrieval,ret_18,1,6,697.1,254.8,2290,268,134
P01,Retrieval,ret_18,1,7,910.0,543.4,2583,282,141
P01,Retrieval,ret_18,1,8,1143.6,798.7,2928,232,116
P01,Retrieval,ret_18,1,9,633.9,433.7,3208,230,115
P01,Retrieval,ret_18,1,10,1246.6,769.8,3500,230,115
P01,Retrieval,ret_18,1,11,678.8,557.5,3762,390,195
P01,Retrieval,ret_18,1,12,999.3,567.1,4194,230,115
P01,Retrieval,ret_18,1,13,692.1,376.5,4461,336,168
P01,Retrieval,ret_18,1,14,522.5,179.3,4856,80,40
P01,Retrieval,ret_18,1,15,621.1,554.0,4975,392,196
P01,Retrieval,ret_19,1,1,1352.4,181.8,65,320,160
P01,Retrieval,ret_19,1,2,1250.3,405.9,422,350,175
P01,Retrieval,ret_19,1,3,694.2,775.9,821,166,83
P01,Retrieval,ret_19,1,4,1415.4,369.0,1023,152,76
P01,Retrieval,ret_19,1,5,934.3,515.5,1207,316,158
P01,Retrieval,ret_19,1,6,942.7,512.1,1572,346,173
P01,Retrieval,ret_19,1,7,834.7,269.9,1967,290,145
P01,Retrieval,ret_19,1,8,701.1,716.8,2304,236,118
P01,Retrieval,ret_19,1,9,1434.2,251.4,2579,364,182
P01,Retrieval,ret_19,1,10,1215.4,406.9,2985,194,97
P01,Retrieval,ret_20,1,1,1259.1,419.7,117,452,226
P01,Retrieval,ret_20,1,2,1285.8,507.0,636,332,166
P01,Retrieval,ret_20,1,3,954.0,478.0,1037,266,133
P01,Retrieval,ret_20,1,4,1345.5,237.4,1358,200,100
P01,Retrieval,ret_20,1,5,1270.2,506.7,1611,334,167
P01,Retrieval,ret_20,1,6,985.3,540.7,1998,210,105
P01,Retrieval,ret_20,1,7,1136.1,737.1,2261,314,157
P01,Retrieval,ret_20,1,8,1205.3,442.5,2618,304,152
P01,Retrieval,ret_20,1,9,489.5,203.7,2970,330,165
P01,Retrieval,ret_20,1,10,997.5,500.1,3362,80,40
P01,Retrieval,ret_20,1,11,1278.5,530.7,3478,302,151
P02,Encoding,enc_01,1,1,1021.3,641.3,69,320,160
P02,Encoding,enc_01,1,2,692.9,692.5,436,240,120
P02,Encoding,enc_01,1,3,1272.0,534.1,728,236,118
P02,Encoding,enc_01,1,4,1247.4,416.0,1016,348,174
P02,Encoding,enc_01,1,5,1132.6,370.1,1430,328,164
P02,Encoding,enc_01,1,6,1337.7,455.7,1820,382,191
P02,Encoding,enc_01,1,7,1019.1,672.4,2240,226,113
P02,Encoding,enc_01,1,8,683.5,751.1,2526,80,40
P02,Encoding,enc_01,1,9,416.8,1051.4,2660,152,76
P02,Encoding,enc_01,1,10,1041.3,652.7,2864,244,122
P02,Encoding,enc_01,1,11,1158.9,281.9,3137,206,103
P02,Encoding,enc_01,1,12,624.8,728.1,3401,188,94
P02,Encoding,enc_01,1,13,1162.6,268.0,3616,188,94
P02,Encoding,enc_02,1,1,734.7,370.8,64,382,191
P02,Encoding,enc_02,1,2,1004.7,423.7,513,370,185
P02,Encoding,enc_02,1,3,679.7,379.9,927,412,206
P02,Encoding,enc_02,1,4,1305.7,798.0,1385,184,92
P02,Encoding,enc_02,1,5,665.8,276.9,1638,340,170
P02,Encoding,enc_02,1,6,702.8,395.8,2025,174,87
P02,Encoding,enc_02,1,7,983.9,471.3,2238,388,194
P02,Encoding,enc_02,1,8,682.3,438.6,2660,314,157
P02,Encoding,enc_02,1,9,381.8,358.9,3009,254,127
P02,Encoding,enc_02,1,10,1007.3,439.7,3329,82,41
P02,Encoding,enc_02,1,11,1022.2,739.2,3458,330,165
P02,Encoding,enc_03,1,1,1244.9,402.3,116,358,179
P02,Encoding,enc_03,1,2,834.4,608.4,507,408,204
P02,Encoding,enc_03,1,3,601.7,637.0,943,272,136
P02,Encoding,enc_03,1,4,1058.4,237.9,1255,234,117
P02,Encoding,enc_03,1,5,1240.2,592.7,1541,398,199
P02,Encoding,enc_03,1,6,1274.6,400.3,1970,402,201
P02,Encoding,enc_03,1,7,613.8,651.4,2434,418,209
P02,Encoding,enc_03,1,8,1272.8,410.6,2885,344,172
P02,Encoding,enc_03,1,9,359.4,68.4,3289,328,164
P02,Encoding,enc_03,1,10,775.7,359.3,3669,272,136
P02,Encoding,enc_04,1,1,1178.0,730.7,112,446,223
P02,Encoding,enc_04,1,2,1300.9,487.8,591,232,116
P02,Encoding,enc_04,1,3,1224.5,427.5,886,412,206
P02,Encoding,enc_04,1,4,1325.1,494.0,1363,212,106
P02,Encoding,enc_04,1,5,1030.1,733.0,1634,354,177
P02,Encoding,enc_04,1,6,1270.9,463.1,2014,380,190
P02,Encoding,enc_04,1,7,1183.9,651.8,2455,172,86
P02,Encoding,enc_04,1,8,1170.9,737.8,2676,238,119
P02,Encoding,enc_04,1,9,1235.7,437.7,2955,276,138
P02,Encoding,enc_04,1,10,1160.2,734.2,3270,252,126
P02,Encoding,enc_05,1,1,1124.8,766.6,106,214,107
P02,Encoding,enc_05,1,2,689.3,583.3,346,346,173
P02,Encoding,enc_05,1,3,1158.9,772.0,740,434,217
P02,Encoding,enc_05,1,4,755.3,373.5,1221,196,98
P02,Encoding,enc_05,1,5,781.2,398.1,1451,124,62
P02,Encoding,enc_05,1,6,1090.9,742.8,1637,384,192
P02,Encoding,enc_05,1,7,773.5,403.2,2049,248,124
P02,Encoding,enc_05,1,8,1193.7,763.7,2364,416,208
P02,Encoding,enc_05,1,9,1302.2,542.9,2818,144,72
P02,Encoding,enc_05,1,10,1183.9,726.8,2995,146,73
P02,Encoding,enc_05,1,11,1116.5,774.2,3196,396,198
P02,Encoding,enc_05,1,12,1140.8,502.0,3656,246,123
P02,Encoding,enc_06,1,1,612.0,328.7,52,204,102
P02,Encoding,enc_06,1,2,1607.4,400.4,322,286,143
P02,Encoding,enc_06,1,3,642.5,723.7,637,220,110
P02,Encoding,enc_06,1,4,998.2,378.6,902,376,188
P02,Encoding,enc_06,1,5,634.5,359.7,1312,328,164
P02,Encoding,enc_06,1,6,976.8,419.0,1681,230,115
P02,Encoding,enc_06,1,7,1224.9,243.1,1962,238,119
P02,Encoding,enc_06,1,8,827.0,195.4,2253,220,110
P02,Encoding,enc_06,1,9,988.3,410.6,2505,212,106
P02,Encoding,enc_06,1,10,624.5,321.9,2782,270,135
P02,Encoding,enc_07,1,1,1327.6,324.7,82,316,158
P02,Encoding,enc_07,1,2,1113.6,633.1,452,186,93
P02,Encoding,enc_07,1,3,157.4,896.5,693,178,89
P02,Encoding,enc_07,1,4,769.5,565.1,897,348,174
P02,Encoding,enc_07,1,5,1115.1,581.2,1297,324,162
P02,Encoding,enc_07,1,6,1274.2,322.1,1661,408,204
P02,Encoding,enc_07,1,7,1284.5,350.4,2110,206,103
P02,Encoding,enc_07,1,8,781.7,610.4,2340,206,103
P02,Encoding,enc_07,1,9,746.9,617.3,2607,404,202
P02,Encoding,enc_08,1,1,1115.3,473.2,65,300,150
P02,Encoding,enc_08,1,2,1100.4,334.5,409,352,176
P02,Encoding,enc_08,1,3,654.9,340.3,800,240,120
P02,Encoding,enc_08,1,4,724.0,121.7,1071,288,144
P02,Encoding,enc_08,1,5,730.3,316.1,1423,322,161
P02,Encoding,enc_08,1,6,1061.6,369.2,1801,224,112
P02,Encoding,enc_08,1,7,1126.9,513.2,2082,278,139
P02,Encoding,enc_08,1,8,762.1,379.0,2401,328,164
P02,Encoding,enc_08,1,9,1455.4,652.2,2770,296,148
P02,Encoding,enc_08,1,10,1124.5,546.1,3125,150,75
P02,Encoding,enc_08,1,11,1098.6,302.0,3305,488,244
P02,Encoding,enc_08,1,12,748.1,350.3,3832,312,156
P02,Encoding,enc_09,1,1,906.9,607.7,100,248,124
P02,Encoding,enc_09,1,2,511.6,506.6,380,458,229
P02,Encoding,enc_09,1,3,533.1,488.0,893,238,119
P02,Encoding,enc_09,1,4,534.5,616.7,1168,472,236
P02,Encoding,enc_09,1,5,534.0,522.8,1706,184,92
P02,Encoding,enc_09,1,6,555.0,504.5,1921,354,177
P02,Encoding,enc_09,1,7,90.7,602.8,2327,230,115
P02,Encoding,enc_09,1,8,555.4,489.4,2616,126,63
P02,Encoding,enc_09,1,9,624.6,275.6,2786,362,181
P02,Encoding,enc_10,1,1,727.8,609.3,68,376,188
P02,Encoding,enc_10,1,2,665.7,757.6,502,250,125
P02,Encoding,enc_10,1,3,770.5,540.0,788,266,133
P02,Encoding,enc_10,1,4,1373.6,885.2,1088,142,71
P02,Encoding,enc_10,1,5,1138.4,420.7,1278,278,139
P02,Encoding,enc_10,1,6,715.5,777.0,1597,360,180
P02,Encoding,enc_10,1,7,705.7,785.7,1998,380,190
P02,Encoding,enc_10,1,8,711.9,558.6,2421,470,235
P02,Encoding,enc_10,1,9,703.9,769.9,2921,250,125
P02,Encoding,enc_10,1,10,1192.8,804.8,3195,80,40
P02,Encoding,enc_10,1,11,1234.9,756.8,3314,200,100
P02,Encoding,enc_11,1,1,738.2,739.6,72,596,298
P02,Encoding,enc_11,1,2,553.0,253.8,728,384,192
P02,Encoding,enc_11,1,3,985.5,832.4,1167,372,186
P02,Encoding,enc_11,1,4,1162.2,551.4,1581,446,223
P02,Encoding,enc_11,1,5,752.8,749.8,2059,270,135
P02,Encoding,enc_11,1,6,744.5,747.3,2381,216,108
P02,Encoding,enc_11,1,7,81.9,978.5,2664,248,124
P02,Encoding,enc_11,1,8,924.3,671.5,2946,242,121
P02,Encoding,enc_11,1,9,1209.8,425.0,3223,340,170
P02,Encoding,enc_11,1,10,1466.5,62.8,3622,224,112
P02,Encoding,enc_12,1,1,1067.4,489.8,62,358,179
P02,Encoding,enc_12,1,2,1022.9,398.7,482,342,171
P02,Encoding,enc_12,1,3,1131.8,490.0,879,124,62
P02,Encoding,enc_12,1,4,618.4,601.4,1030,186,93
P02,Encoding,enc_12,1,5,1049.9,539.9,1274,288,144
P02,Encoding,enc_12,1,6,761.2,69.1,1590,264,132
P02,Encoding,enc_12,1,7,1095.4,515.9,1913,80,40
P02,Encoding,enc_12,1,8,1093.7,563.6,2055,386,193
P02,Encoding,enc_12,1,9,1239.7,330.2,2493,326,163
P02,Encoding,enc_13,1,1,635.7,784.2,61,284,142
P02,Encoding,enc_13,1,2,697.5,683.1,390,452,226
P02,Encoding,enc_13,1,3,1273.6,595.4,874,354,177
P02,Encoding,enc_13,1,4,1038.0,817.7,1297,296,148
P02,Encoding,enc_13,1,5,783.5,312.9,1643,264,132
P02,Encoding,enc_13,1,6,708.3,779.8,1934,438,219
P02,Encoding,enc_13,1,7,835.5,309.0,2413,256,128
P02,Encoding,enc_13,1,8,1295.0,648.6,2730,294,147
P02,Encoding,enc_13,1,9,1389.6,40.5,3081,170,85
P02,Encoding,enc_13,1,10,655.0,808.0,3290,286,143
P02,Encoding,enc_13,1,11,1319.0,628.1,3601,286,143
P02,Encoding,enc_13,1,12,757.7,304.1,3934,448,224
P02,Encoding,enc_13,1,13,870.5,288.7,4413,406,203
P02,Encoding,enc_14,1,1,1247.1,781.6,80,300,150
P02,Encoding,enc_14,1,2,601.1,623.6,439,466,233
P02,Encoding,enc_14,1,3,558.3,480.0,971,400,200
P02,Encoding,enc_14,1,4,1241.0,339.6,1429,220,110
P02,Encoding,enc_14,1,5,304.7,185.4,1690,174,87
P02,Encoding,enc_14,1,6,1202.7,876.8,1888,250,125
P02,Encoding,enc_14,1,7,560.8,487.5,2164,276,138
P02,Encoding,enc_14,1,8,619.7,496.4,2485,112,56
P02,Encoding,enc_15,1,1,586.5,782.6,85,92,46
P02,Encoding,enc_15,1,2,1030.7,741.4,233,292,146
P02,Encoding,enc_15,1,3,638.5,770.7,576,234,117
P02,Encoding,enc_15,1,4,985.3,682.6,850,208,104
P02,Encoding,enc_15,1,5,588.2,838.1,1114,278,139
P02,Encoding,enc_15,1,6,1319.5,837.0,1417,362,181
P02,Encoding,enc_15,1,7,652.9,797.7,1810,450,225
P02,Encoding,enc_15,1,8,1299.1,815.6,2302,340,170
P02,Encoding,enc_15,1,9,1672.5,950.5,2683,292,146
P02,Encoding,enc_15,1,10,1029.3,677.5,3000,322,161
P02,Encoding,enc_15,1,11,1050.7,731.9,3363,98,49
P02,Encoding,enc_15,1,12,643.3,816.3,3526,302,151
P02,Encoding,enc_16,1,1,891.8,721.9,108,240,120
P02,Encoding,enc_16,1,2,560.0,431.2,416,286,143
P02,Encoding,enc_16,1,3,903.4,1008.4,767,140,70
P02,Encoding,enc_16,1,4,573.2,466.1,974,404,202
P02,Encoding,enc_16,1,5,879.2,351.2,1418,252,126
P02,Encoding,enc_16,1,6,1114.4,304.9,1727,222,111
P02,Encoding,enc_16,1,7,1176.9,313.1,1995,396,198
P02,Encoding,enc_16,1,8,880.4,734.3,2460,186,93
P02,Encoding,enc_16,1,9,803.3,780.0,2674,290,145
P02,Encoding,enc_16,1,10,865.5,327.9,2999,362,181
P02,Encoding,enc_16,1,11,722.9,783.6,3398,392,196
P02,Encoding,enc_17,1,1,1395.6,346.6,115,304,152
P02,Encoding,enc_17,1,2,853.3,250.1,453,328,164
P02,Encoding,enc_17,1,3,1350.7,906.7,812,438,219
P02,Encoding,enc_17,1,4,1229.2,361.4,1286,246,123
P02,Encoding,enc_17,1,5,872.0,273.9,1597,164,82
P02,Encoding,enc_17,1,6,1241.2,388.0,1809,404,202
P02,Encoding,enc_17,1,7,1376.7,303.8,2241,208,104
P02,Encoding,enc_17,1,8,875.3,278.4,2488,252,126
P02,Encoding,enc_17,1,9,1173.8,831.0,2776,260,130
P02,Encoding,enc_17,1,10,1394.7,308.8,3071,202,101
P02,Encoding,enc_17,1,11,884.4,240.4,3318,154,77
P02,Encoding,enc_17,1,12,1388.4,341.2,3523,284,142
P02,Encoding,enc_17,1,13,869.0,255.0,3863,322,161
P02,Encoding,enc_18,1,1,839.7,433.2,71,346,173
P02,Encoding,enc_18,1,2,941.0,749.4,461,218,109
P02,Encoding,enc_18,1,3,1090.8,232.1,737,344,172
P02,Encoding,enc_18,1,4,948.2,744.6,1140,416,208
P02,Encoding,enc_18,1,5,962.7,704.1,1591,336,168
P02,Encoding,enc_18,1,6,804.2,394.8,1991,146,73
P02,Encoding,enc_18,1,7,1088.1,797.1,2202,334,167
P02,Encoding,enc_18,1,8,1170.2,800.7,2576,276,138
P02,Encoding,enc_18,1,9,1123.1,812.0,2879,322,161
P02,Encoding,enc_18,1,10,1078.6,300.7,3244,382,191
P02,Encoding,enc_19,1,1,1116.1,585.7,105,228,114
P02,Encoding,enc_19,1,2,463.6,334.4,372,222,111
P02,Encoding,enc_19,1,3,673.6,511.1,619,288,144
P02,Encoding,enc_19,1,4,631.3,427.5,974,456,228
P02,Encoding,enc_19,1,5,707.5,172.7,1487,294,147
P02,Encoding,enc_19,1,6,661.8,463.2,1821,184,92
P02,Encoding,enc_19,1,7,848.0,736.3,2073,166,83
P02,Encoding,enc_19,1,8,917.3,311.4,2297,400,200
P02,Encoding,enc_19,1,9,675.9,401.2,2760,232,116
P02,Encoding,enc_20,1,1,267.5,295.4,61,258,129
P02,Encoding,enc_20,1,2,687.9,788.1,365,276,138
P02,Encoding,enc_20,1,3,808.3,398.7,693,254,127
P02,Encoding,enc_20,1,4,604.0,629.9,1000,280,140
P02,Encoding,enc_20,1,5,694.4,674.0,1335,316,158
P02,Encoding,enc_20,1,6,898.1,717.6,1681,314,157
P02,Encoding,enc_20,1,7,260.8,98.6,2051,162,81
P02,Retrieval,ret_01,1,1,1224.6,531.4,107,222,111
P02,Retrieval,ret_01,1,2,847.2,485.2,395,338,169
P02,Retrieval,ret_01,1,3,1125.9,340.4,787,380,190
P02,Retrieval,ret_01,1,4,1291.4,498.8,1230,122,61
P02,Retrieval,ret_01,1,5,1360.8,716.8,1411,320,160
P02,Retrieval,ret_01,1,6,944.3,453.2,1787,228,114
P02,Retrieval,ret_01,1,7,927.6,575.2,2062,156,78
P02,Retrieval,ret_01,1,8,1185.9,496.8,2247,394,197
P02,Retrieval,ret_01,1,9,1000.3,526.8,2682,242,121
P02,Retrieval,ret_01,1,10,923.0,545.5,2986,298,149
P02,Retrieval,ret_02,1,1,769.4,324.6,47,254,127
P02,Retrieval,ret_02,1,2,219.2,641.1,370,414,207
P02,Retrieval,ret_02,1,3,1077.1,349.3,836,328,164
P02,Retrieval,ret_02,1,4,935.4,489.9,1227,166,83
P02,Retrieval,ret_02,1,5,1189.1,458.3,1457,274,137
P02,Retrieval,ret_02,1,6,1025.0,355.7,1780,186,93
P02,Retrieval,ret_02,1,7,654.6,315.6,2007,208,104
P02,Retrieval,ret_02,1,8,958.0,598.6,2267,324,162
P02,Retrieval,ret_02,1,9,1142.6,516.3,2617,264,132
P02,Retrieval,ret_03,1,1,996.0,517.7,82,190,95
P02,Retrieval,ret_03,1,2,1034.5,796.1,336,204,102
P02,Retrieval,ret_03,1,3,1225.2,288.2,608,80,40
P02,Retrieval,ret_03,1,4,661.6,760.3,733,292,146
P02,Retrieval,ret_03,1,5,635.5,816.8,1082,236,118
P02,Retrieval,ret_03,1,6,1009.2,224.9,1342,92,46
P02,Retrieval,ret_03,1,7,1449.3,801.6,1481,402,201
P02,Retrieval,ret_03,1,8,559.2,784.7,1930,112,56
P02,Retrieval,ret_03,1,9,1006.3,686.1,2082,364,182
P02,Retrieval,ret_04,1,1,950.5,580.0,102,212,106
P02,Retrieval,ret_04,1,2,1006.9,494.5,340,272,136
P02,Retrieval,ret_04,1,3,971.2,428.4,671,222,111
P02,Retrieval,ret_04,1,4,965.1,395.1,951,316,158
P02,Retrieval,ret_04,1,5,1343.5,793.0,1335,136,68
P02,Retrieval,ret_04,1,6,1290.6,796.7,1505,424,212
P02,Retrieval,ret_04,1,7,633.0,413.0,1995,226,113
P02,Retrieval,ret_04,1,8,643.2,264.1,2280,336,168
P02,Retrieval,ret_04,1,9,712.0,443.3,2676,236,118
P02,Retrieval,ret_04,1,10,1045.3,666.1,2956,334,167
P02,Retrieval,ret_04,1,11,1284.7,754.1,3316,312,156
P02,Retrieval,ret_04,1,12,1575.5,117.7,3695,396,198
P02,Retrieval,ret_04,1,13,989.4,436.2,4122,354,177
P02,Retrieval,ret_05,1,1,522.2,555.6,113,442,0
P02,Retrieval,ret_05,1,2,522.1,602.3,606,212,0
P02,Retrieval,ret_05,1,3,487.0,556.8,873,436,0
P02,Retrieval,ret_05,1,4,593.3,434.8,1354,468,0
P02,Retrieval,ret_05,1,5,969.9,551.4,1865,340,0
P02,Retrieval,ret_05,1,6,498.8,554.7,2238,422,0
P02,Retrieval,ret_05,1,7,962.5,521.6,2724,308,0
P02,Retrieval,ret_05,1,8,646.8,202.6,3091,346,0
P02,Retrieval,ret_05,1,9,452.0,457.8,3468,356,0
P02,Retrieval,ret_06,1,1,897.9,759.2,113,242,121
P02,Retrieval,ret_06,1,2,606.8,491.3,413,310,155
P02,Retrieval,ret_06,1,3,890.3,557.3,758,262,131
P02,Retrieval,ret_06,1,4,1044.3,549.8,1073,354,177
P02,Retrieval,ret_06,1,5,1141.6,243.9,1492,456,228
P02,Retrieval,ret_06,1,6,985.1,542.0,2004,216,108
P02,Retrieval,ret_06,1,7,596.2,531.7,2285,342,171
P02,Retrieval,ret_06,1,8,1128.7,324.1,2696,506,253
P02,Retrieval,ret_06,1,9,1871.8,767.7,3228,436,218
P02,Retrieval,ret_06,1,10,884.9,732.4,3690,410,205
P02,Retrieval,ret_06,1,11,1014.1,563.0,4167,248,124
P02,Retrieval,ret_06,1,12,879.7,440.3,4441,180,90
P02,Retrieval,ret_06,1,13,521.7,510.8,4653,80,40
P02,Retrieval,ret_07,1,1,1337.0,456.9,77,272,136
P02,Retrieval,ret_07,1,2,1234.1,437.7,409,158,79
P02,Retrieval,ret_07,1,3,1295.6,420.5,615,494,247
P02,Retrieval,ret_07,1,4,1317.0,636.2,1163,368,184
P02,Retrieval,ret_07,1,5,966.4,588.4,1560,404,202
P02,Retrieval,ret_07,1,6,970.4,520.5,2025,236,118
P02,Retrieval,ret_07,1,7,1216.3,612.9,2285,104,52
P02,Retrieval,ret_07,1,8,1017.5,202.1,2437,172,86
P02,Retrieval,ret_07,1,9,1241.8,612.7,2666,304,152
P02,Retrieval,ret_07,1,10,653.7,707.3,3028,218,109
P02,Retrieval,ret_07,1,11,891.4,422.8,3310,410,205
P02,Retrieval,ret_07,1,12,954.5,528.0,3760,282,141
P02,Retrieval,ret_07,1,13,1238.8,599.3,4100,364,182
P02,Retrieval,ret_08,1,1,757.2,563.1,76,586,293
P02,Retrieval,ret_08,1,2,1232.3,769.6,725,296,148
P02,Retrieval,ret_08,1,3,721.1,1013.2,1074,226,113
P02,Retrieval,ret_08,1,4,685.7,743.9,1329,198,99
P02,Retrieval,ret_08,1,5,1211.8,802.4,1551,232,116
P02,Retrieval,ret_08,1,6,895.1,576.4,1819,178,89
P02,Retrieval,ret_08,1,7,943.6,541.9,2062,246,123
P02,Retrieval,ret_08,1,8,640.4,786.6,2360,306,153
P02,Retrieval,ret_08,1,9,765.3,519.1,2694,196,98
P02,Retrieval,ret_08,1,10,713.7,802.7,2950,408,204
P02,Retrieval,ret_08,1,11,766.4,761.5,3388,220,110
P02,Retrieval,ret_08,1,12,711.3,671.0,3674,314,157
P02,Retrieval,ret_09,1,1,1162.8,306.3,87,266,133
P02,Retrieval,ret_09,1,2,538.3,511.4,398,410,205
P02,Retrieval,ret_09,1,3,1411.3,297.9,851,362,181
P02,Retrieval,ret_09,1,4,853.3,193.3,1282,500,250
P02,Retrieval,ret_09,1,5,971.2,512.3,1824,148,74
P02,Retrieval,ret_09,1,6,1365.2,325.7,1997,370,185
P02,Retrieval,ret_09,1,7,1418.2,364.4,2413,398,199
P02,Retrieval,ret_09,1,8,1412.0,251.6,2874,208,104
P02,Retrieval,ret_09,1,9,1357.2,319.6,3137,324,162
P02,Retrieval,ret_09,1,10,1371.4,318.0,3492,372,186
P02,Retrieval,ret_09,1,11,900.7,450.7,3921,124,62
P02,Retrieval,ret_10,1,1,1240.5,493.0,48,374,187
P02,Retrieval,ret_10,1,2,940.4,525.1,468,402,201
P02,Retrieval,ret_10,1,3,1001.6,512.5,899,240,120
P02,Retrieval,ret_10,1,4,1045.4,784.6,1169,270,135
P02,Retrieval,ret_10,1,5,1230.2,682.0,1475,260,130
P02,Retrieval,ret_10,1,6,874.0,532.8,1791,446,223
P02,Retrieval,ret_10,1,7,1166.7,759.6,2285,282,141
P02,Retrieval,ret_10,1,8,1194.3,715.3,2626,340,170
P02,Retrieval,ret_10,1,9,1351.0,845.1,3026,308,154
P02,Retrieval,ret_10,1,10,985.5,484.7,3398,314,157
P02,Retrieval,ret_11,1,1,790.6,182.0,96,230,115
P02,Retrieval,ret_11,1,2,975.7,660.4,357,286,143
P02,Retrieval,ret_11,1,3,836.4,508.2,692,118,59
P02,Retrieval,ret_11,1,4,491.9,324.3,850,344,172
P02,Retrieval,ret_11,1,5,703.7,842.0,1235,358,179
P02,Retrieval,ret_11,1,6,981.3,505.9,1621,330,165
P02,Retrieval,ret_11,1,7,581.9,242.9,2019,130,65
P02,Retrieval,ret_11,1,8,995.6,589.9,2209,278,139
P02,Retrieval,ret_11,1,9,1347.0,995.5,2540,390,195
P02,Retrieval,ret_12,1,1,780.9,340.4,89,290,145
P02,Retrieval,ret_12,1,2,922.7,705.3,430,268,134
P02,Retrieval,ret_12,1,3,1138.8,813.4,736,310,155
P02,Retrieval,ret_12,1,4,1027.8,584.9,1106,240,120
P02,Retrieval,ret_12,1,5,1099.3,833.3,1389,228,114
P02,Retrieval,ret_12,1,6,1551.2,544.5,1685,304,152
P02,Retrieval,ret_12,1,7,1050.5,288.5,2027,208,104
P02,Retrieval,ret_12,1,8,1032.7,216.9,2292,410,205
P02,Retrieval,ret_12,1,9,1043.1,852.9,2726,386,193
P02,Retrieval,ret_12,1,10,1107.0,188.4,3156,276,138
P02,Retrieval,ret_13,1,1,1169.9,758.2,51,308,154
P02,Retrieval,ret_13,1,2,1093.5,732.3,403,190,95
P02,Retrieval,ret_13,1,3,967.7,534.7,621,308,154
P02,Retrieval,ret_13,1,4,1108.6,727.4,956,362,181
P02,Retrieval,ret_13,1,5,651.8,666.1,1371,382,191
P02,Retrieval,ret_13,1,6,1142.9,489.1,1788,338,169
P02,Retrieval,ret_13,1,7,705.8,598.9,2152,522,261
P02,Retrieval,ret_13,1,8,1342.3,577.6,2727,274,137
P02,Retrieval,ret_13,1,9,666.3,593.4,3044,200,100
P02,Retrieval,ret_13,1,10,1087.5,768.3,3274,272,136
P02,Retrieval,ret_14,1,1,999.5,544.3,48,298,149
P02,Retrieval,ret_14,1,2,931.3,570.9,388,392,196
P02,Retrieval,ret_14,1,3,1062.4,594.0,809,230,115
P02,Retrieval,ret_14,1,4,1103.6,502.8,1084,310,155
P02,Retrieval,ret_14,1,5,1066.5,564.6,1423,366,183
P02,Retrieval,ret_14,1,6,1027.4,414.6,1827,344,172
P02,Retrieval,ret_14,1,7,1091.7,435.8,2231,218,109
P02,Retrieval,ret_14,1,8,1069.8,491.2,2495,386,193
P02,Retrieval,ret_14,1,9,1134.5,547.5,2913,344,172
P02,Retrieval,ret_15,1,1,850.9,753.6,110,254,127
P02,Retrieval,ret_15,1,2,1011.7,601.1,407,350,175
P02,Retrieval,ret_15,1,3,943.1,564.8,794,340,170
P02,Retrieval,ret_15,1,4,705.1,400.1,1185,268,134
P02,Retrieval,ret_15,1,5,1894.7,940.2,1498,364,182
P02,Retrieval,ret_15,1,6,936.4,259.5,1901,326,163
P02,Retrieval,ret_15,1,7,629.8,397.6,2251,294,147
P02,Retrieval,ret_15,1,8,810.8,751.8,2582,164,82
P02,Retrieval,ret_16,1,1,898.4,560.6,110,328,164
P02,Retrieval,ret_16,1,2,711.6,738.0,479,348,174
P02,Retrieval,ret_16,1,3,1346.1,648.9,873,88,44
P02,Retrieval,ret_16,1,4,938.5,280.2,1011,362,181
P02,Retrieval,ret_16,1,5,577.1,367.0,1426,182,91
P02,Retrieval,ret_16,1,6,817.3,270.9,1644,124,62
P02,Retrieval,ret_16,1,7,980.8,499.1,1813,280,140
P02,Retrieval,ret_17,1,1,848.9,304.7,43,268,134
P02,Retrieval,ret_17,1,2,1329.4,656.6,336,288,144
P02,Retrieval,ret_17,1,3,763.9,338.5,684,80,40
P02,Retrieval,ret_17,1,4,848.1,274.6,788,296,148
P02,Retrieval,ret_17,1,5,1034.3,587.2,1130,280,140
P02,Retrieval,ret_17,1,6,1027.4,567.2,1442,258,129
P02,Retrieval,ret_17,1,7,900.9,564.4,1733,414,207
P02,Retrieval,ret_17,1,8,875.0,232.7,2183,390,195
P02,Retrieval,ret_17,1,9,654.8,832.4,2600,106,53
P02,Retrieval,ret_17,1,10,958.1,522.5,2757,346,173
P02,Retrieval,ret_17,1,11,748.7,832.7,3162,236,118
P02,Retrieval,ret_17,1,12,1876.6,724.1,3457,226,113
P02,Retrieval,ret_18,1,1,647.0,759.5,55,260,130
P02,Retrieval,ret_18,1,2,692.4,652.6,343,260,130
P02,Retrieval,ret_18,1,3,885.6,681.6,653,356,178
P02,Retrieval,ret_18,1,4,846.6,453.3,1074,220,110
P02,Retrieval,ret_18,1,5,936.0,659.4,1324,310,155
P02,Retrieval,ret_18,1,6,670.3,687.3,1692,256,128
P02,Retrieval,ret_18,1,7,917.9,567.7,1984,308,154
P02,Retrieval,ret_18,1,8,694.1,774.8,2318,232,116
P02,Retrieval,ret_18,1,9,901.6,440.6,2587,348,174
P02,Retrieval,ret_18,1,10,653.2,885.7,2992,122,61
P02,Retrieval,ret_18,1,11,916.7,504.9,3162,180,90
P02,Retrieval,ret_19,1,1,1315.2,382.2,96,238,119
P02,Retrieval,ret_19,1,2,1251.6,417.9,400,154,77
P02,Retrieval,ret_19,1,3,1356.9,311.3,605,176,88
P02,Retrieval,ret_19,1,4,735.9,590.1,827,184,92
P02,Retrieval,ret_19,1,5,1120.0,653.5,1065,118,59
P02,Retrieval,ret_19,1,6,1084.3,610.1,1233,378,189
P02,Retrieval,ret_19,1,7,794.8,577.3,1639,458,229
P02,Retrieval,ret_19,1,8,926.3,326.7,2158,312,156
P02,Retrieval,ret_19,1,9,1091.8,431.9,2499,362,181
P02,Retrieval,ret_19,1,10,1013.2,520.4,2918,286,143
P02,Retrieval,ret_19,1,11,941.5,505.5,3234,210,105
P02,Retrieval,ret_19,1,12,1496.7,221.4,3507,350,175
P02,Retrieval,ret_19,1,13,1391.3,858.2,3925,222,111
P02,Retrieval,ret_19,1,14,1536.6,760.1,4181,146,73
P02,Retrieval,ret_20,1,1,455.5,213.4,61,272,136
P02,Retrieval,ret_20,1,2,923.8,573.5,398,118,59
P02,Retrieval,ret_20,1,3,1258.6,825.3,581,270,135
P02,Retrieval,ret_20,1,4,1225.9,820.3,887,342,171
P02,Retrieval,ret_20,1,5,563.3,441.8,1270,348,174
P02,Retrieval,ret_20,1,6,966.3,516.4,1642,192,96
P02,Retrieval,ret_20,1,7,559.2,521.9,1902,144,72
P02,Retrieval,ret_20,1,8,994.0,513.1,2096,284,142
P02,Retrieval,ret_20,1,9,527.1,512.5,2445,442,221
P02,Retrieval,ret_20,1,10,517.0,547.0,2926,300,150
P02,Retrieval,ret_20,1,11,677.5,464.1,3281,314,157
P02,Retrieval,ret_20,1,12,1203.1,354.9,3660,150,75
P03,Encoding,enc_01,1,1,1195.0,497.0,96,274,137
P03,Encoding,enc_01,1,2,979.9,831.0,418,344,172
P03,Encoding,enc_01,1,3,1204.4,555.2,810,288,144
P03,Encoding,enc_01,1,4,973.8,657.9,1162,134,67
P03,Encoding,enc_01,1,5,1100.3,819.7,1359,198,99
P03,Encoding,enc_01,1,6,910.2,645.9,1598,378,189
P03,Encoding,enc_01,1,7,1047.1,769.8,2042,332,166
P03,Encoding,enc_01,1,8,765.5,806.8,2417,316,158
P03,Encoding,enc_01,1,9,988.0,824.0,2774,312,156
P03,Encoding,enc_01,1,10,945.8,813.4,3114,364,182
P03,Encoding,enc_01,1,11,1208.1,525.6,3509,268,134
P03,Encoding,enc_01,1,12,1219.3,565.1,3823,474,237
P03,Encoding,enc_01,1,13,563.6,243.4,4361,380,190
P03,Encoding,enc_02,1,1,1222.5,326.2,81,210,105
P03,Encoding,enc_02,1,2,930.0,285.4,326,202,101
P03,Encoding,enc_02,1,3,1055.3,522.8,588,164,82
P03,Encoding,enc_02,1,4,919.2,285.5,802,412,206
P03,Encoding,enc_02,1,5,869.7,318.4,1250,436,218
P03,Encoding,enc_02,1,6,1193.1,359.0,1725,260,130
P03,Encoding,enc_02,1,7,907.5,327.4,2032,366,183
P03,Encoding,enc_02,1,8,878.4,357.5,2462,210,105
P03,Encoding,enc_02,1,9,1275.5,328.2,2709,146,73
P03,Encoding,enc_02,1,10,592.2,573.8,2918,204,102
P03,Encoding,enc_02,1,11,977.8,526.2,3151,212,106
P03,Encoding,enc_02,1,12,994.1,549.7,3422,346,173
P03,Encoding,enc_02,1,13,899.2,634.4,3818,266,133
P03,Encoding,enc_02,1,14,1234.5,311.1,4109,380,190
P03,Encoding,enc_03,1,1,847.7,312.8,116,298,149
P03,Encoding,enc_03,1,2,876.6,312.7,460,300,150
P03,Encoding,enc_03,1,3,651.6,765.5,821,260,130
P03,Encoding,enc_03,1,4,592.9,772.5,1119,382,191
P03,Encoding,enc_03,1,5,1324.2,584.3,1550,316,158
P03,Encoding,enc_03,1,6,726.1,753.3,1929,150,75
P03,Encoding,enc_03,1,7,597.4,749.2,2108,294,147
P03,Encoding,enc_03,1,8,1294.6,628.4,2455,354,177
P03,Encoding,enc_03,1,9,636.6,745.1,2848,298,149
P03,Encoding,enc_03,1,10,782.8,305.9,3199,368,184
P03,Encoding,enc_03,1,11,812.3,302.4,3602,242,121
P03,Encoding,enc_03,1,12,604.1,737.8,3888,316,158
P03,Encoding,enc_03,1,13,1289.6,613.1,4252,282,141
P03,Encoding,enc_04,1,1,579.6,516.1,99,356,178
P03,Encoding,enc_04,1,2,590.5,645.2,512,380,190
P03,Encoding,enc_04,1,3,624.7,503.2,957,294,147
P03,Encoding,enc_04,1,4,543.3,502.2,1294,354,177
P03,Encoding,enc_04,1,5,1299.0,364.3,1697,270,135
P03,Encoding,enc_04,1,6,1246.6,358.6,2002,356,178
P03,Encoding,enc_04,1,7,700.6,535.1,2397,282,141
P03,Encoding,enc_04,1,8,603.3,644.4,2740,236,118
P03,Encoding,enc_04,1,9,611.6,624.7,3033,234,117
P03,Encoding,enc_04,1,10,541.5,488.8,3309,352,176
P03,Encoding,enc_04,1,11,608.0,515.9,3720,382,191
P03,Encoding,enc_04,1,12,960.0,350.5,4162,184,92
P03,Encoding,enc_04,1,13,976.8,308.6,4405,194,97
P03,Encoding,enc_04,1,14,766.2,704.2,4633,240,120
P03,Encoding,enc_05,1,1,936.6,726.5,59,278,139
P03,Encoding,enc_05,1,2,623.1,621.1,368,394,197
P03,Encoding,enc_05,1,3,1259.0,442.1,823,368,184
P03,Encoding,enc_05,1,4,1228.4,421.2,1250,270,135
P03,Encoding,enc_05,1,5,1331.1,435.2,1583,280,140
P03,Encoding,enc_05,1,6,905.5,472.9,1892,394,197
P03,Encoding,enc_05,1,7,896.0,250.3,2328,310,155
P03,Encoding,enc_05,1,8,1298.4,409.7,2667,184,92
P03,Encoding,enc_05,1,9,958.9,667.5,2891,354,177
P03,Encoding,enc_05,1,10,671.1,602.5,3296,190,95
P03,Encoding,enc_05,1,11,1201.4,169.7,3519,198,99
P03,Encoding,enc_06,1,1,1284.6,277.5,41,240,120
P03,Encoding,enc_06,1,2,804.1,368.7,333,356,178
P03,Encoding,enc_06,1,3,1066.0,320.4,748,200,100
P03,Encoding,enc_06,1,4,1623.9,488.4,1015,256,128
P03,Encoding,enc_06,1,5,860.0,394.3,1298,312,156
P03,Encoding,enc_06,1,6,827.8,404.4,1642,386,193
P03,Encoding,enc_06,1,7,939.3,653.4,2073,482,241
P03,Encoding,enc_06,1,8,833.7,363.8,2607,234,117
P03,Encoding,enc_06,1,9,1322.7,191.6,2888,402,201
P03,Encoding,enc_06,1,10,936.2,608.2,3350,276,138
P03,Encoding,enc_07,1,1,553.1,906.1,50,252,126
P03,Encoding,enc_07,1,2,822.4,769.8,364,362,181
P03,Encoding,enc_07,1,3,869.2,712.7,770,254,127
P03,Encoding,enc_07,1,4,828.8,760.8,1081,382,191
P03,Encoding,enc_07,1,5,529.2,859.3,1488,466,233
P03,Encoding,enc_07,1,6,1161.2,879.1,1978,428,214
P03,Encoding,enc_07,1,7,1125.3,694.4,2436,260,130
P03,Encoding,enc_07,1,8,600.6,539.5,2725,394,197
P03,Encoding,enc_07,1,9,1328.1,744.2,3158,242,121
P03,Encoding,enc_07,1,10,834.3,748.0,3460,268,134
P03,Encoding,enc_07,1,11,576.8,558.2,3789,196,98
P03,Encoding,enc_07,1,12,910.0,361.7,4024,170,85
P03,Encoding,enc_08,1,1,827.1,435.2,65,272,136
P03,Encoding,enc_08,1,2,931.6,817.1,405,300,150
P03,Encoding,enc_08,1,3,838.7,380.6,734,248,124
P03,Encoding,enc_08,1,4,1123.9,770.6,1042,288,144
P03,Encoding,enc_08,1,5,987.9,794.4,1359,384,192
P03,Encoding,enc_08,1,6,1033.5,272.6,1769,154,77
P03,Encoding,enc_08,1,7,961.4,795.3,1976,316,158
P03,Encoding,enc_08,1,8,1222.9,673.2,2322,176,88
P03,Encoding,enc_08,1,9,951.3,749.9,2540,326,163
P03,Encoding,enc_08,1,10,1247.1,652.6,2895,80,40
P03,Encoding,enc_08,1,11,850.9,330.4,3039,148,74
P03,Encoding,enc_08,1,12,1005.0,710.7,3213,368,184
P03,Encoding,enc_08,1,13,832.0,382.8,3630,172,86
P03,Encoding,enc_09,1,1,591.9,428.9,64,356,178
P03,Encoding,enc_09,1,2,1201.0,560.5,488,308,154
P03,Encoding,enc_09,1,3,938.0,294.2,864,188,94
P03,Encoding,enc_09,1,4,34.8,154.4,1094,226,113
P03,Encoding,enc_09,1,5,1171.7,557.5,1372,240,120
P03,Encoding,enc_09,1,6,1164.6,515.5,1673,276,138
P03,Encoding,enc_09,1,7,1220.8,509.7,2011,116,58
P03,Encoding,enc_09,1,8,927.1,327.8,2175,176,88
P03,Encoding,enc_09,1,9,1134.2,582.4,2381,272,136
P03,Encoding,enc_09,1,10,525.4,905.5,2707,228,114
P03,Encoding,enc_09,1,11,949.5,288.6,2996,364,182
P03,Encoding,enc_09,1,12,909.6,281.0,3416,286,143
P03,Encoding,enc_09,1,13,913.6,351.4,3760,346,173
P03,Encoding,enc_09,1,14,943.0,167.6,4158,374,187
P03,Encoding,enc_10,1,1,608.9,645.8,96,358,179
P03,Encoding,enc_10,1,2,875.5,718.2,487,350,175
P03,Encoding,enc_10,1,3,683.1,467.5,905,294,147
P03,Encoding,enc_10,1,4,640.0,619.2,1259,274,137
P03,Encoding,enc_10,1,5,658.8,671.0,1570,434,217
P03,Encoding,enc_10,1,6,872.5,713.1,2040,316,158
P03,Encoding,enc_10,1,7,726.2,777.1,2393,310,155
P03,Encoding,enc_10,1,8,898.5,675.9,2734,306,153
P03,Encoding,enc_10,1,9,607.8,641.4,3082,388,194
P03,Encoding,enc_10,1,10,812.0,337.9,3517,306,153
P03,Encoding,enc_10,1,11,890.2,680.5,3885,366,183
P03,Encoding,enc_10,1,12,658.8,647.3,4313,434,217
P03,Encoding,enc_11,1,1,632.4,262.5,88,282,141
P03,Encoding,enc_11,1,2,1216.1,394.4,330,346,173
P03,Encoding,enc_11,1,3,1133.7,348.0,727,286,143
P03,Encoding,enc_11,1,4,1247.0,368.5,1062,348,174
P03,Encoding,enc_11,1,5,646.4,272.1,1445,346,173
P03,Encoding,enc_11,1,6,1003.6,499.8,1848,326,163
P03,Encoding,enc_11,1,7,1027.8,418.0,2212,250,125
P03,Encoding,enc_11,1,8,1010.0,403.0,2516,200,100
P03,Encoding,enc_11,1,9,1003.3,470.9,2754,262,131
P03,Encoding,enc_11,1,10,635.0,256.7,3051,378,189
P03,Encoding,enc_11,1,11,1027.2,455.0,3487,238,119
P03,Encoding,enc_11,1,12,1145.3,321.7,3755,216,108
P03,Encoding,enc_12,1,1,852.6,575.0,70,234,117
P03,Encoding,enc_12,1,2,361.2,142.9,364,252,126
P03,Encoding,enc_12,1,3,605.7,562.0,651,230,115
P03,Encoding,enc_12,1,4,523.9,487.0,917,226,113
P03,Encoding,enc_12,1,5,660.0,576.9,1184,328,164
P03,Encoding,enc_12,1,6,1646.0,949.0,1551,364,182
P03,Encoding,enc_12,1,7,1379.7,291.6,1975,244,122
P03,Encoding,enc_12,1,8,850.7,587.3,2256,298,149
P03,Encoding,enc_12,1,9,945.0,571.3,2588,284,142
P03,Encoding,enc_12,1,10,1077.6,766.0,2913,132,66
P03,Encoding,enc_12,1,11,1370.1,300.7,3074,128,64
P03,Encoding,enc_12,1,12,620.1,899.3,3227,410,205
P03,Encoding,enc_12,1,13,1347.1,309.1,3692,222,111
P03,Encoding,enc_13,1,1,939.4,289.0,56,420,210
P03,Encoding,enc_13,1,2,1386.5,463.5,530,412,206
P03,Encoding,enc_13,1,3,577.7,657.0,971,254,127
P03,Encoding,enc_13,1,4,1008.5,610.1,1267,288,144
P03,Encoding,enc_13,1,5,635.3,253.3,1604,142,71
P03,Encoding,enc_13,1,6,1150.7,590.4,1772,478,239
P03,Encoding,enc_13,1,7,914.2,350.8,2311,268,134
P03,Encoding,enc_13,1,8,619.0,301.6,2614,286,143
P03,Encoding,enc_14,1,1,560.3,762.5,54,282,141
P03,Encoding,enc_14,1,2,975.3,760.5,367,314,157
P03,Encoding,enc_14,1,3,1305.0,446.8,736,446,223
P03,Encoding,enc_14,1,4,957.7,794.9,1215,222,111
P03,Encoding,enc_14,1,5,972.3,778.8,1474,352,176
P03,Encoding,enc_14,1,6,831.2,404.8,1855,182,91
P03,Encoding,enc_14,1,7,959.8,737.7,2085,370,185
P03,Encoding,enc_14,1,8,542.7,403.9,2482,184,92
P03,Encoding,enc_14,1,9,661.9,735.4,2714,250,125
P03,Encoding,enc_14,1,10,619.7,378.4,3027,328,164
P03,Encoding,enc_14,1,11,107.7,322.9,3400,280,140
P03,Encoding,enc_15,1,1,1128.3,487.9,89,354,177
P03,Encoding,enc_15,1,2,1119.6,430.0,506,320,160
P03,Encoding,enc_15,1,3,1575.5,738.5,893,222,111
P03,Encoding,enc_15,1,4,171.2,109.4,1163,230,115
P03,Encoding,enc_15,1,5,1217.1,795.6,1448,314,157
P03,Encoding,enc_15,1,6,1122.6,502.8,1807,264,132
P03,Encoding,enc_15,1,7,1114.0,487.4,2127,260,130
P03,Encoding,enc_15,1,8,1118.2,464.6,2447,324,162
P03,Encoding,enc_15,1,9,765.8,441.5,2808,272,136
P03,Encoding,enc_15,1,10,1122.4,477.6,3109,290,145
P03,Encoding,enc_15,1,11,735.0,398.7,3426,170,85
P03,Encoding,enc_15,1,12,1074.0,730.8,3629,278,139
P03,Encoding,enc_16,1,1,633.5,335.9,116,360,180
P03,Encoding,enc_16,1,2,654.1,327.8,522,208,104
P03,Encoding,enc_16,1,3,649.5,756.6,782,180,90
P03,Encoding,enc_16,1,4,762.0,503.7,1014,384,192
P03,Encoding,enc_16,1,5,998.4,341.0,1452,332,166
P03,Encoding,enc_16,1,6,630.9,285.1,1843,282,141
P03,Encoding,enc_16,1,7,636.3,316.0,2192,372,186
P03,Encoding,enc_16,1,8,682.1,788.2,2595,260,130
P03,Encoding,enc_16,1,9,682.0,751.4,2920,498,249
P03,Encoding,enc_16,1,10,627.5,749.6,3472,256,128
P03,Encoding,enc_16,1,11,617.0,743.7,3757,316,158
P03,Encoding,enc_17,1,1,893.5,843.5,51,362,181
P03,Encoding,enc_17,1,2,1323.6,314.9,444,356,178
P03,Encoding,enc_17,1,3,1300.9,428.5,856,338,169
P03,Encoding,enc_17,1,4,743.9,543.9,1247,198,99
P03,Encoding,enc_17,1,5,1043.4,868.8,1470,242,121
P03,Encoding,enc_17,1,6,1303.8,344.1,1748,184,92
P03,Encoding,enc_17,1,7,766.5,556.0,1976,164,82
P03,Encoding,enc_17,1,8,744.2,589.2,2177,372,186
P03,Encoding,enc_17,1,9,737.4,559.4,2597,246,123
P03,Encoding,enc_18,1,1,820.3,669.0,119,348,174
P03,Encoding,enc_18,1,2,1069.0,348.3,511,302,151
P03,Encoding,enc_18,1,3,932.2,396.3,865,338,169
P03,Encoding,enc_18,1,4,1141.1,804.8,1242,282,141
P03,Encoding,enc_18,1,5,454.7,526.8,1556,284,142
P03,Encoding,enc_18,1,6,886.5,377.4,1904,374,187
P03,Encoding,enc_18,1,7,1240.9,893.2,2307,194,97
P03,Encoding,enc_18,1,8,855.9,825.1,2556,278,139
P03,Encoding,enc_18,1,9,1003.7,581.8,2883,302,151
P03,Encoding,enc_18,1,10,948.3,559.3,3224,534,267
P03,Encoding,enc_19,1,1,1065.7,429.7,58,260,130
P03,Encoding,enc_19,1,2,1817.3,832.6,382,374,187
P03,Encoding,enc_19,1,3,1013.7,455.5,781,260,130
P03,Encoding,enc_19,1,4,1072.9,633.8,1108,310,155
P03,Encoding,enc_19,1,5,1013.4,809.9,1484,288,144
P03,Encoding,enc_19,1,6,176.0,883.4,1837,338,169
P03,Encoding,enc_19,1,7,1363.7,437.6,2221,360,180
P03,Encoding,enc_19,1,8,527.2,303.6,2650,316,158
P03,Encoding,enc_19,1,9,522.0,277.7,3003,452,226
P03,Encoding,enc_20,1,1,820.4,617.1,54,238,119
P03,Encoding,enc_20,1,2,778.6,638.1,343,134,67
P03,Encoding,enc_20,1,3,1019.6,757.5,503,288,144
P03,Encoding,enc_20,1,4,601.6,707.9,839,286,143
P03,Encoding,enc_20,1,5,1001.3,701.7,1165,300,150
P03,Encoding,enc_20,1,6,580.7,720.9,1512,320,160
P03,Encoding,enc_20,1,7,1567.6,709.9,1896,250,125
P03,Encoding,enc_20,1,8,717.3,316.4,2204,276,138
P03,Encoding,enc_20,1,9,1219.0,392.6,2507,288,144
P03,Encoding,enc_20,1,10,568.9,728.2,2843,124,62
P03,Encoding,enc_20,1,11,804.7,648.0,2997,222,111
P03,Encoding,enc_20,1,12,615.4,735.0,3250,244,122
P03,Encoding,enc_20,1,13,1049.9,730.6,3523,170,85
P03,Retrieval,ret_01,1,1,1071.4,828.4,46,302,151
P03,Retrieval,ret_01,1,2,1039.5,787.4,379,278,139
P03,Retrieval,ret_01,1,3,1185.4,467.6,725,236,118
P03,Retrieval,ret_01,1,4,948.0,661.5,1009,362,181
P03,Retrieval,ret_01,1,5,1015.6,525.0,1439,172,86
P03,Retrieval,ret_01,1,6,556.6,201.9,1639,148,74
P03,Retrieval,ret_01,1,7,1184.1,1037.5,1839,390,195
P03,Retrieval,ret_01,1,8,945.0,589.4,2260,350,175
P03,Retrieval,ret_01,1,9,988.9,509.7,2643,300,150
P03,Retrieval,ret_01,1,10,1241.7,464.8,3003,242,121
P03,Retrieval,ret_01,1,11,833.2,810.6,3307,218,109
P03,Retrieval,ret_01,1,12,1008.8,800.1,3575,362,181
P03,Retrieval,ret_01,1,13,1024.1,789.0,3996,352,176
P03,Retrieval,ret_02,1,1,907.4,552.4,113,284,142
P03,Retrieval,ret_02,1,2,943.8,655.2,441,358,179
P03,Retrieval,ret_02,1,3,978.7,788.4,855,312,156
P03,Retrieval,ret_02,1,4,1208.4,715.8,1230,244,122
P03,Retrieval,ret_02,1,5,1034.4,772.3,1538,342,171
P03,Retrieval,ret_02,1,6,989.8,710.0,1922,378,189
P03,Retrieval,ret_02,1,7,897.3,390.2,2356,350,175
P03,Retrieval,ret_02,1,8,815.6,389.1,2751,428,214
P03,Retrieval,ret_02,1,9,838.0,372.2,3245,314,157
P03,Retrieval,ret_02,1,10,995.2,812.8,3622,380,190
P03,Retrieval,ret_03,1,1,1151.5,486.0,100,236,118
P03,Retrieval,ret_03,1,2,1092.2,522.5,387,160,80
P03,Retrieval,ret_03,1,3,1104.0,449.1,583,274,137
P03,Retrieval,ret_03,1,4,1110.7,448.1,903,388,194
P03,Retrieval,ret_03,1,5,1155.1,448.3,1322,516,258
P03,Retrieval,ret_03,1,6,1177.2,455.6,1887,388,194
P03,Retrieval,ret_03,1,7,1030.2,189.4,2336,198,99
P03,Retrieval,ret_03,1,8,1110.6,503.0,2598,292,146
P03,Retrieval,ret_03,1,9,1040.9,455.7,2922,416,208
P03,Retrieval,ret_03,1,10,770.7,970.6,3382,364,182
P03,Retrieval,ret_03,1,11,972.6,470.0,3807,190,95
P03,Retrieval,ret_03,1,12,1138.2,437.1,4062,202,101
P03,Retrieval,ret_04,1,1,921.7,522.2,77,222,111
P03,Retrieval,ret_04,1,2,907.5,575.3,347,380,190
P03,Retrieval,ret_04,1,3,984.5,291.4,779,444,222
P03,Retrieval,ret_04,1,4,1003.0,543.1,1280,242,121
P03,Retrieval,ret_04,1,5,1221.0,408.0,1566,278,139
P03,Retrieval,ret_04,1,6,865.6,278.2,1898,212,106
P03,Retrieval,ret_04,1,7,895.1,252.9,2162,256,128
P03,Retrieval,ret_04,1,8,1027.3,520.4,2480,306,153
P03,Retrieval,ret_04,1,9,993.0,506.6,2850,224,112
P03,Retrieval,ret_04,1,10,957.6,702.0,3125,204,102
P03,Retrieval,ret_04,1,11,1224.1,335.5,3359,274,137
P03,Retrieval,ret_05,1,1,679.9,414.8,65,264,132
P03,Retrieval,ret_05,1,2,1200.5,466.3,388,302,151
P03,Retrieval,ret_05,1,3,542.2,879.1,747,314,157
P03,Retrieval,ret_05,1,4,942.0,327.2,1090,260,130
P03,Retrieval,ret_05,1,5,581.8,479.9,1375,250,125
P03,Retrieval,ret_05,1,6,970.8,341.0,1692,218,109
P03,Retrieval,ret_05,1,7,940.1,290.5,1951,224,112
P03,Retrieval,ret_05,1,8,981.4,411.5,2204,298,149
P03,Retrieval,ret_05,1,9,1012.7,487.4,2528,406,203
P03,Retrieval,ret_05,1,10,876.2,331.1,2997,202,101
P03,Retrieval,ret_05,1,11,900.2,302.7,3259,80,40
P03,Retrieval,ret_05,1,12,1170.0,583.2,3387,298,149
P03,Retrieval,ret_06,1,1,565.7,690.4,61,308,154
P03,Retrieval,ret_06,1,2,691.2,344.2,423,218,109
P03,Retrieval,ret_06,1,3,665.2,459.5,676,368,184
P03,Retrieval,ret_06,1,4,499.4,695.6,1088,226,113
P03,Retrieval,ret_06,1,5,697.8,742.8,1358,376,188
P03,Retrieval,ret_06,1,6,954.4,457.4,1790,388,194
P03,Retrieval,ret_06,1,7,535.9,890.9,2246,264,132
P03,Retrieval,ret_06,1,8,796.7,244.0,2570,154,77
P03,Retrieval,ret_06,1,9,712.3,689.2,2769,258,129
P03,Retrieval,ret_06,1,10,928.6,521.9,3060,426,213
P03,Retrieval,ret_06,1,11,1030.5,366.9,3527,266,133
P03,Retrieval,ret_07,1,1,1351.8,525.2,96,146,73
P03,Retrieval,ret_07,1,2,812.6,278.6,294,244,122
P03,Retrieval,ret_07,1,3,650.3,711.8,590,290,145
P03,Retrieval,ret_07,1,4,782.8,734.3,929,354,177
P03,Retrieval,ret_07,1,5,1299.5,556.8,1310,396,198
P03,Retrieval,ret_07,1,6,629.0,758.7,1740,356,178
P03,Retrieval,ret_07,1,7,655.4,747.3,2122,284,142
P03,Retrieval,ret_07,1,8,607.6,760.8,2434,362,181
P03,Retrieval,ret_07,1,9,599.4,769.5,2845,412,206
P03,Retrieval,ret_07,1,10,600.2,704.9,3296,270,135
P03,Retrieval,ret_07,1,11,606.8,749.5,3590,360,180
P03,Retrieval,ret_07,1,12,585.9,762.6,3995,276,138
P03,Retrieval,ret_07,1,13,1286.4,639.5,4303,228,114
P03,Retrieval,ret_07,1,14,1293.8,578.2,4569,276,138
P03,Retrieval,ret_08,1,1,908.1,708.7,47,298,149
P03,Retrieval,ret_08,1,2,641.7,634.7,403,224,112
P03,Retrieval,ret_08,1,3,991.4,502.4,664,348,174
P03,Retrieval,ret_08,1,4,952.7,568.7,1074,384,192
P03,Retrieval,ret_08,1,5,638.7,573.2,1520,350,175
P03,Retrieval,ret_08,1,6,783.5,351.9,1926,390,195
P03,Retrieval,ret_08,1,7,24.5,944.9,2353,180,90
P03,Retrieval,ret_08,1,8,591.5,612.4,2595,296,148
P03,Retrieval,ret_08,1,9,670.5,611.5,2940,242,121
P03,Retrieval,ret_08,1,10,656.5,691.5,3214,248,124
P03,Retrieval,ret_08,1,11,139.6,937.5,3505,80,40
P03,Retrieval,ret_08,1,12,1000.2,506.3,3629,246,123
P03,Retrieval,ret_08,1,13,720.2,443.8,3936,262,131
P03,Retrieval,ret_08,1,14,594.0,655.9,4261,366,183
P03,Retrieval,ret_09,1,1,1121.0,836.9,97,234,117
P03,Retrieval,ret_09,1,2,1327.3,467.0,365,214,107
P03,Retrieval,ret_09,1,3,705.8,470.5,611,266,133
P03,Retrieval,ret_09,1,4,764.9,595.9,920,336,168
P03,Retrieval,ret_09,1,5,964.2,477.5,1304,456,228
P03,Retrieval,ret_09,1,6,173.5,182.3,1804,238,119
P03,Retrieval,ret_09,1,7,1251.7,414.1,2096,200,100
P03,Retrieval,ret_09,1,8,962.4,578.7,2345,414,207
P03,Retrieval,ret_10,1,1,569.0,475.4,105,282,141
P03,Retrieval,ret_10,1,2,589.2,493.5,444,446,223
P03,Retrieval,ret_10,1,3,584.1,521.4,922,330,165
P03,Retrieval,ret_10,1,4,574.2,503.5,1301,296,148
P03,Retrieval,ret_10,1,5,989.0,368.8,1653,154,77
P03,Retrieval,ret_10,1,6,636.8,630.3,1831,176,88
P03,Retrieval,ret_10,1,7,925.6,531.7,2034,330,165
P03,Retrieval,ret_10,1,8,1238.2,352.1,2409,274,137
P03,Retrieval,ret_10,1,9,1225.9,336.3,2747,632,316
P03,Retrieval,ret_10,1,10,628.5,677.3,3440,238,119
P03,Retrieval,ret_11,1,1,911.2,531.0,45,352,176
P03,Retrieval,ret_11,1,2,647.6,297.1,433,362,181
P03,Retrieval,ret_11,1,3,587.1,448.2,850,286,143
P03,Retrieval,ret_11,1,4,977.1,435.7,1178,232,116
P03,Retrieval,ret_11,1,5,1013.0,469.4,1458,386,193
P03,Retrieval,ret_11,1,6,1128.3,427.1,1890,258,129
P03,Retrieval,ret_11,1,7,1007.6,404.7,2210,252,126
P03,Retrieval,ret_11,1,8,528.2,211.6,2519,208,104
P03,Retrieval,ret_11,1,9,987.5,432.3,2760,130,65
P03,Retrieval,ret_11,1,10,1095.6,513.2,2930,216,108
P03,Retrieval,ret_11,1,11,923.5,540.0,3177,434,217
P03,Retrieval,ret_11,1,12,1214.8,440.7,3671,252,126
P03,Retrieval,ret_11,1,13,614.1,242.5,3957,350,175
P03,Retrieval,ret_12,1,1,1170.8,778.9,83,390,195
P03,Retrieval,ret_12,1,2,911.4,538.3,505,258,129
P03,Retrieval,ret_12,1,3,991.5,564.3,801,140,70
P03,Retrieval,ret_12,1,4,776.7,710.7,978,212,106
P03,Retrieval,ret_12,1,5,971.1,515.1,1216,376,188
P03,Retrieval,ret_12,1,6,1007.1,577.6,1654,316,158
P03,Retrieval,ret_12,1,7,976.4,574.3,2023,304,152
P03,Retrieval,ret_12,1,8,943.7,582.1,2366,274,137
P03,Retrieval,ret_12,1,9,1073.0,810.3,2670,310,155
P03,Retrieval,ret_12,1,10,1065.1,371.9,3022,274,137
P03,Retrieval,ret_12,1,11,929.2,536.6,3349,326,163
P03,Retrieval,ret_12,1,12,958.1,607.5,3718,264,132
P03,Retrieval,ret_12,1,13,957.9,571.8,4035,420,210
P03,Retrieval,ret_13,1,1,934.3,647.6,43,434,217
P03,Retrieval,ret_13,1,2,842.3,662.6,545,268,134
P03,Retrieval,ret_13,1,3,685.8,613.6,842,198,99
P03,Retrieval,ret_13,1,4,936.1,628.9,1073,386,193
P03,Retrieval,ret_13,1,5,982.6,430.1,1498,234,117
P03,Retrieval,ret_13,1,6,1165.0,780.1,1796,276,138
P03,Retrieval,ret_13,1,7,1288.8,440.6,2097,392,196
P03,Retrieval,ret_13,1,8,1753.6,806.3,2527,220,110
P03,Retrieval,ret_13,1,9,1340.7,416.1,2779,158,79
P03,Retrieval,ret_13,1,10,1394.9,222.8,2994,338,169
P03,Retrieval,ret_14,1,1,620.6,854.4,75,156,78
P03,Retrieval,ret_14,1,2,639.6,920.0,274,142,71
P03,Retrieval,ret_14,1,3,1350.0,330.8,466,260,130
P03,Retrieval,ret_14,1,4,1081.5,34.2,750,314,157
P03,Retrieval,ret_14,1,5,466.7,546.7,1107,254,127
P03,Retrieval,ret_14,1,6,879.2,632.5,1390,350,175
P03,Retrieval,ret_14,1,7,1412.1,315.3,1805,396,198
P03,Retrieval,ret_14,1,8,1008.5,557.2,2254,214,107
P03,Retrieval,ret_14,1,9,515.0,498.0,2509,272,136
P03,Retrieval,ret_14,1,10,946.8,548.4,2845,272,136
P03,Retrieval,ret_15,1,1,491.9,325.3,68,290,145
P03,Retrieval,ret_15,1,2,991.6,783.2,399,208,104
P03,Retrieval,ret_15,1,3,948.7,520.5,641,160,80
P03,Retrieval,ret_15,1,4,1089.8,567.0,830,274,137
P03,Retrieval,ret_15,1,5,1134.9,170.6,1145,242,121
P03,Retrieval,ret_15,1,6,1424.0,59.9,1440,242,121
P03,Retrieval,ret_15,1,7,921.3,103.1,1747,364,182
P03,Retrieval,ret_15,1,8,913.1,556.9,2161,234,117
P03,Retrieval,ret_15,1,9,533.8,309.4,2456,496,248
P03,Retrieval,ret_15,1,10,918.2,803.0,3010,146,73
P03,Retrieval,ret_15,1,11,1214.7,501.3,3183,350,175
P03,Retrieval,ret_16,1,1,1085.8,314.7,66,138,69
P03,Retrieval,ret_16,1,2,980.2,454.2,265,256,128
P03,Retrieval,ret_16,1,3,851.3,760.3,580,316,158
P03,Retrieval,ret_16,1,4,851.4,397.2,965,350,175
P03,Retrieval,ret_16,1,5,824.4,421.0,1361,382,191
P03,Retrieval,ret_16,1,6,876.1,433.0,1796,376,188
P03,Retrieval,ret_16,1,7,496.6,959.9,2199,170,85
P03,Retrieval,ret_16,1,8,788.2,365.7,2425,262,131
P03,Retrieval,ret_16,1,9,942.9,510.1,2748,370,185
P03,Retrieval,ret_17,1,1,939.8,262.4,108,162,81
P03,Retrieval,ret_17,1,2,927.0,330.6,317,284,142
P03,Retrieval,ret_17,1,3,987.4,583.5,665,418,209
P03,Retrieval,ret_17,1,4,981.6,368.8,1133,314,157
P03,Retrieval,ret_17,1,5,665.8,951.8,1514,224,112
P03,Retrieval,ret_17,1,6,879.0,339.4,1786,256,128
P03,Retrieval,ret_17,1,7,720.5,263.9,2100,300,150
P03,Retrieval,ret_18,1,1,628.4,730.6,118,168,84
P03,Retrieval,ret_18,1,2,961.2,508.4,335,370,185
P03,Retrieval,ret_18,1,3,979.7,691.7,758,330,165
P03,Retrieval,ret_18,1,4,1460.9,392.3,1135,364,182
P03,Retrieval,ret_18,1,5,561.4,703.8,1553,260,130
P03,Retrieval,ret_18,1,6,699.0,563.3,1859,376,188
P03,Retrieval,ret_18,1,7,993.7,763.4,2298,370,185
P03,Retrieval,ret_18,1,8,923.5,575.1,2704,284,142
P03,Retrieval,ret_18,1,9,925.0,867.1,3034,264,132
P03,Retrieval,ret_18,1,10,815.4,711.5,3355,336,168
P03,Retrieval,ret_18,1,11,740.6,312.7,3751,216,108
P03,Retrieval,ret_18,1,12,864.7,582.7,4033,184,92
P03,Retrieval,ret_18,1,13,644.9,742.3,4284,368,184
P03,Retrieval,ret_19,1,1,872.4,779.7,71,330,165
P03,Retrieval,ret_19,1,2,1333.2,763.7,434,338,169
P03,Retrieval,ret_19,1,3,1073.5,676.6,809,264,132
P03,Retrieval,ret_19,1,4,1315.1,736.2,1100,200,100
P03,Retrieval,ret_19,1,5,821.4,747.6,1333,328,164
P03,Retrieval,ret_19,1,6,1159.3,888.0,1688,270,135
P03,Retrieval,ret_19,1,7,1138.4,875.3,2017,420,210
P03,Retrieval,ret_20,1,1,840.1,388.5,105,374,187
P03,Retrieval,ret_20,1,2,967.2,795.2,543,336,168
P03,Retrieval,ret_20,1,3,658.7,798.4,920,118,59
P03,Retrieval,ret_20,1,4,920.1,579.8,1100,254,127
P03,Retrieval,ret_20,1,5,1344.5,449.5,1407,256,128
P03,Retrieval,ret_20,1,6,636.5,770.2,1706,392,196
P03,Retrieval,ret_20,1,7,892.8,845.7,2125,352,176
P03,Retrieval,ret_20,1,8,990.1,818.8,2516,366,183
P03,Retrieval,ret_20,1,9,675.0,736.1,2932,418,209
P03,Retrieval,ret_20,1,10,929.6,774.8,3395,378,189
P03,Retrieval,ret_20,1,11,622.5,327.8,3838,176,88
P04,Encoding,enc_01,1,1,947.4,464.9,102,326,163
P04,Encoding,enc_01,1,2,1190.1,332.9,474,248,124
P04,Encoding,enc_01,1,3,1182.5,412.0,788,260,130
P04,Encoding,enc_01,1,4,989.6,427.4,1108,318,159
P04,Encoding,enc_01,1,5,133.2,689.8,1470,344,172
P04,Encoding,enc_01,1,6,1024.0,415.3,1844,258,129
P04,Encoding,enc_01,1,7,1685.4,867.4,2167,238,119
P04,Encoding,enc_01,1,8,1016.7,417.5,2445,434,217
P04,Encoding,enc_01,1,9,663.3,249.4,2924,216,108
P04,Encoding,enc_01,1,10,1167.5,327.8,3190,192,96
P04,Encoding,enc_01,1,11,1079.9,466.9,3414,196,98
P04,Encoding,enc_01,1,12,1005.2,378.2,3675,404,202
P04,Encoding,enc_02,1,1,1059.8,722.8,47,322,161
P04,Encoding,enc_02,1,2,1103.4,756.9,398,222,111
P04,Encoding,enc_02,1,3,1335.9,1025.2,682,260,130
P04,Encoding,enc_02,1,4,1358.3,325.3,1003,338,169
P04,Encoding,enc_02,1,5,633.3,522.2,1395,284,142
P04,Encoding,enc_02,1,6,983.3,598.2,1736,408,204
P04,Encoding,enc_02,1,7,636.7,528.6,2186,256,128
P04,Encoding,enc_03,1,1,1129.1,516.8,61,292,146
P04,Encoding,enc_03,1,2,644.5,268.5,400,144,72
P04,Encoding,enc_03,1,3,1321.0,425.0,607,460,230
P04,Encoding,enc_03,1,4,992.4,338.7,1094,246,123
P04,Encoding,enc_03,1,5,1117.1,543.5,1406,286,143
P04,Encoding,enc_03,1,6,630.8,273.6,1752,244,122
P04,Encoding,enc_03,1,7,815.4,904.1,2021,488,244
P04,Encoding,enc_03,1,8,952.5,320.1,2563,228,114
P04,Encoding,enc_03,1,9,1286.0,417.9,2854,190,95
P04,Encoding,enc_03,1,10,1313.4,464.5,3078,258,129
P04,Encoding,enc_03,1,11,926.2,316.4,3397,250,125
P04,Encoding,enc_03,1,12,1329.5,419.1,3680,172,86
P04,Encoding,enc_03,1,13,1034.2,573.3,3886,414,207
P04,Encoding,enc_04,1,1,1347.3,480.8,83,196,98
P04,Encoding,enc_04,1,2,559.1,459.2,340,308,154
P04,Encoding,enc_04,1,3,1851.5,1015.9,715,252,126
P04,Encoding,enc_04,1,4,1022.3,260.2,1032,294,147
P04,Encoding,enc_04,1,5,558.0,792.2,1386,310,155
P04,Encoding,enc_04,1,6,983.5,304.2,1736,134,67
P04,Encoding,enc_04,1,7,520.2,771.5,1931,110,55
P04,Encoding,enc_04,1,8,542.0,746.5,2079,162,81
P04,Encoding,enc_05,1,1,1313.2,440.2,94,392,196
P04,Encoding,enc_05,1,2,747.9,388.2,547,356,178
P04,Encoding,enc_05,1,3,1063.6,515.7,940,146,73
P04,Encoding,enc_05,1,4,871.2,379.6,1120,264,132
P04,Encoding,enc_05,1,5,687.2,750.5,1442,336,168
P04,Encoding,enc_05,1,6,687.2,439.8,1816,144,72
P04,Encoding,enc_05,1,7,1044.7,487.0,2024,144,72
P04,Encoding,enc_05,1,8,744.0,613.6,2197,400,200
P04,Encoding,enc_05,1,9,713.2,746.8,2648,356,178
P04,Encoding,enc_05,1,10,941.1,347.6,3034,388,194
P04,Encoding,enc_05,1,11,698.0,743.5,3460,440,220
P04,Encoding,enc_06,1,1,527.4,611.4,97,276,138
P04,Encoding,enc_06,1,2,180.0,166.1,438,290,145
P04,Encoding,enc_06,1,3,764.3,429.6,771,256,128
P04,Encoding,enc_06,1,4,747.9,420.4,1083,212,106
P04,Encoding,enc_06,1,5,787.3,448.4,1322,412,206
P04,Encoding,enc_06,1,6,955.8,270.4,1768,418,209
P04,Encoding,enc_06,1,7,913.3,904.4,2221,284,142
P04,Encoding,enc_06,1,8,949.0,256.4,2536,264,132
P04,Encoding,enc_06,1,9,779.3,394.6,2867,310,155
P04,Encoding,enc_06,1,10,586.1,628.5,3202,318,159
P04,Encoding,enc_06,1,11,782.0,448.7,3582,234,117
P04,Encoding,enc_06,1,12,598.1,638.0,3848,378,189
P04,Encoding,enc_06,1,13,723.1,428.0,4258,210,105
P04,Encoding,enc_06,1,14,782.4,439.6,4528,368,184
P04,Encoding,enc_07,1,1,1291.1,464.2,80,262,131
P04,Encoding,enc_07,1,2,1331.6,847.8,403,152,76
P04,Encoding,enc_07,1,3,981.5,701.6,621,288,144
P04,Encoding,enc_07,1,4,1268.1,509.8,977,234,117
P04,Encoding,enc_07,1,5,990.4,680.2,1268,200,100
P04,Encoding,enc_07,1,6,805.4,425.2,1521,160,80
P04,Encoding,enc_07,1,7,1382.3,838.1,1717,240,120
P04,Encoding,enc_07,1,8,1350.7,849.7,2015,266,133
P04,Encoding,enc_07,1,9,801.9,523.6,2334,172,86
P04,Encoding,enc_07,1,10,1006.3,705.8,2547,132,66
P04,Encoding,enc_07,1,11,881.6,637.1,2720,358,179
P04,Encoding,enc_07,1,12,1035.9,700.3,3142,118,59
P04,Encoding,enc_08,1,1,1030.7,626.2,103,278,139
P04,Encoding,enc_08,1,2,1275.9,770.0,427,264,132
P04,Encoding,enc_08,1,3,915.0,371.0,715,296,148
P04,Encoding,enc_08,1,4,1144.2,764.6,1058,230,115
P04,Encoding,enc_08,1,5,946.4,608.3,1334,360,180
P04,Encoding,enc_08,1,6,1016.2,549.7,1726,286,143
P04,Encoding,enc_08,1,7,1084.3,351.9,2069,396,198
P04,Encoding,enc_08,1,8,944.6,571.4,2512,216,108
P04,Encoding,enc_08,1,9,1046.5,596.3,2780,280,140
P04,Encoding,enc_08,1,10,927.6,413.9,3086,372,186
P04,Encoding,enc_08,1,11,997.3,583.0,3519,474,237
P04,Encoding,enc_09,1,1,535.0,299.4,76,256,128
P04,Encoding,enc_09,1,2,829.6,527.9,383,196,98
P04,Encoding,enc_09,1,3,1006.4,425.5,632,338,169
P04,Encoding,enc_09,1,4,534.8,273.4,1016,226,113
P04,Encoding,enc_09,1,5,1057.9,423.8,1303,328,164
P04,Encoding,enc_09,1,6,1350.5,474.9,1699,356,178
P04,Encoding,enc_09,1,7,559.5,258.0,2104,162,81
P04,Encoding,enc_09,1,8,773.6,514.3,2304,482,241
P04,Encoding,enc_09,1,9,850.4,491.0,2818,320,160
P04,Encoding,enc_09,1,10,1058.6,460.4,3207,382,191
P04,Encoding,enc_10,1,1,1009.8,695.8,100,444,222
P04,Encoding,enc_10,1,2,960.4,714.8,568,266,133
P04,Encoding,enc_10,1,3,793.6,618.1,895,320,160
P04,Encoding,enc_10,1,4,639.1,692.8,1271,206,103
P04,Encoding,enc_10,1,5,1011.7,748.4,1541,210,105
P04,Encoding,enc_10,1,6,729.1,308.7,1799,344,172
P04,Encoding,enc_10,1,7,596.7,695.5,2172,316,158
P04,Encoding,enc_10,1,8,579.4,724.6,2521,340,170
P04,Encoding,enc_10,1,9,1343.6,772.5,2888,160,80
P04,Encoding,enc_10,1,10,705.2,309.8,3077,344,172
P04,Encoding,enc_10,1,11,820.4,666.4,3474,258,129
P04,Encoding,enc_10,1,12,806.8,585.9,3771,80,40
P04,Encoding,enc_10,1,13,846.6,675.4,3890,272,136
P04,Encoding,enc_10,1,14,765.7,569.5,4227,444,222
P04,Encoding,enc_11,1,1,1254.2,398.6,103,396,198
P04,Encoding,enc_11,1,2,1328.2,301.4,535,436,218
P04,Encoding,enc_11,1,3,615.0,659.3,1023,152,76
P04,Encoding,enc_11,1,4,680.5,624.6,1243,452,226
P04,Encoding,enc_11,1,5,1855.5,1054.3,1745,378,189
P04,Encoding,enc_11,1,6,652.8,836.5,2185,298,149
P04,Encoding,enc_11,1,7,663.1,852.5,2518,224,112
P04,Encoding,enc_11,1,8,1120.6,278.5,2772,410,205
P04,Encoding,enc_11,1,9,650.6,870.2,3226,230,115
P04,Encoding,enc_11,1,10,661.8,609.3,3492,188,94
P04,Encoding,enc_12,1,1,983.4,712.0,116,248,124
P04,Encoding,enc_12,1,2,552.1,237.1,394,384,192
P04,Encoding,enc_12,1,3,795.3,406.0,824,238,119
P04,Encoding,enc_12,1,4,1340.5,197.7,1123,366,183
P04,Encoding,enc_12,1,5,39.1,1016.4,1532,170,85
P04,Encoding,enc_12,1,6,1073.1,826.0,1735,500,250
P04,Encoding,enc_12,1,7,1105.1,849.9,2265,420,210
P04,Encoding,enc_12,1,8,992.6,245.5,2711,426,213
P04,Encoding,enc_12,1,9,938.3,699.6,3166,296,148
P04,Encoding,enc_12,1,10,1029.4,807.6,3515,284,142
P04,Encoding,enc_12,1,11,1717.0,327.6,3851,280,140
P04,Encoding,enc_12,1,12,918.5,716.9,4189,250,125
P04,Encoding,enc_13,1,1,750.7,842.4,99,392,196
P04,Encoding,enc_13,1,2,581.4,711.5,539,290,145
P04,Encoding,enc_13,1,3,1187.8,295.2,861,432,216
P04,Encoding,enc_13,1,4,589.0,725.3,1349,290,145
P04,Encoding,enc_13,1,5,1086.9,580.7,1694,290,145
P04,Encoding,enc_13,1,6,1184.4,315.9,2040,294,147
P04,Encoding,enc_13,1,7,555.9,676.8,2369,284,142
P04,Encoding,enc_13,1,8,410.7,180.5,2706,288,144
P04,Encoding,enc_13,1,9,690.3,867.1,3026,384,192
P04,Encoding,enc_13,1,10,1204.4,315.0,3462,410,205
P04,Encoding,enc_13,1,11,1252.1,187.9,3909,360,180
P04,Encoding,enc_13,1,12,1034.2,513.6,4336,168,84
P04,Encoding,enc_14,1,1,1053.0,791.9,70,208,104
P04,Encoding,enc_14,1,2,622.2,427.5,316,310,155
P04,Encoding,enc_14,1,3,906.1,490.6,679,444,222
P04,Encoding,enc_14,1,4,813.3,577.9,1155,232,116
P04,Encoding,enc_14,1,5,1134.7,772.3,1452,358,179
P04,Encoding,enc_14,1,6,1359.5,316.7,1845,262,131
P04,Encoding,enc_14,1,7,624.1,488.9,2170,382,191
P04,Encoding,enc_14,1,8,1377.3,335.7,2598,142,71
P04,Encoding,enc_14,1,9,1499.6,638.4,2789,250,125
P04,Encoding,enc_14,1,10,1359.2,400.7,3098,394,197
P04,Encoding,enc_14,1,11,1118.3,772.6,3524,132,66
P04,Encoding,enc_15,1,1,1309.3,441.7,117,254,127
P04,Encoding,enc_15,1,2,1245.4,445.3,408,330,165
P04,Encoding,enc_15,1,3,848.9,273.5,796,238,119
P04,Encoding,enc_15,1,4,755.0,788.0,1101,298,149
P04,Encoding,enc_15,1,5,929.2,730.7,1446,486,243
P04,Encoding,enc_15,1,6,861.8,285.4,1969,204,102
P04,Encoding,enc_15,1,7,833.0,276.0,2210,282,141
P04,Encoding,enc_15,1,8,1363.5,410.1,2527,230,115
P04,Encoding,enc_15,1,9,860.3,269.4,2817,244,122
P04,Encoding,enc_15,1,10,1088.0,250.9,3127,516,258
P04,Encoding,enc_15,1,11,1666.2,769.0,3697,142,71
P04,Encoding,enc_16,1,1,1028.6,329.3,116,224,112
P04,Encoding,enc_16,1,2,1328.2,482.3,403,286,143
P04,Encoding,enc_16,1,3,828.9,342.5,716,80,40
P04,Encoding,enc_16,1,4,1061.1,352.1,852,310,155
P04,Encoding,enc_16,1,5,959.8,646.1,1198,338,169
P04,Encoding,enc_16,1,6,1025.3,277.2,1587,362,181
P04,Encoding,enc_16,1,7,860.9,348.1,1982,226,113
P04,Encoding,enc_16,1,8,1033.6,298.6,2238,286,143
P04,Encoding,enc_16,1,9,840.2,426.8,2577,330,165
P04,Encoding,enc_16,1,10,946.9,677.2,2967,272,136
P04,Encoding,enc_17,1,1,1294.5,718.6,43,270,135
P04,Encoding,enc_17,1,2,843.1,726.3,342,286,143
P04,Encoding,enc_17,1,3,897.9,358.5,685,340,170
P04,Encoding,enc_17,1,4,762.8,781.7,1090,224,112
P04,Encoding,enc_17,1,5,834.3,749.0,1380,320,160
P04,Encoding,enc_17,1,6,1445.2,730.6,1751,90,45
P04,Encoding,enc_17,1,7,790.2,811.6,1868,330,165
P04,Encoding,enc_17,1,8,930.8,370.6,2235,250,125
P04,Encoding,enc_17,1,9,822.3,814.8,2513,256,128
P04,Encoding,enc_17,1,10,590.1,529.2,2820,360,180
P04,Encoding,enc_17,1,11,586.0,562.6,3219,250,125
P04,Encoding,enc_18,1,1,669.8,720.9,66,298,149
P04,Encoding,enc_18,1,2,708.5,408.6,416,304,152
P04,Encoding,enc_18,1,3,649.5,303.1,773,358,179
P04,Encoding,enc_18,1,4,884.6,714.7,1165,308,154
P04,Encoding,enc_18,1,5,944.9,811.3,1509,432,216
P04,Encoding,enc_18,1,6,1202.3,891.6,1983,464,232
P04,Encoding,enc_18,1,7,853.2,686.6,2475,286,143
P04,Encoding,enc_18,1,8,895.5,793.3,2792,216,108
P04,Encoding,enc_18,1,9,668.1,660.6,3062,282,141
P04,Encoding,enc_18,1,10,914.7,613.3,3387,288,144
P04,Encoding,enc_18,1,11,868.1,672.4,3725,220,110
P04,Encoding,enc_19,1,1,1102.0,561.4,115,230,115
P04,Encoding,enc_19,1,2,811.1,337.5,385,140,70
P04,Encoding,enc_19,1,3,545.4,913.4,575,274,137
P04,Encoding,enc_19,1,4,1104.4,571.1,881,254,127
P04,Encoding,enc_19,1,5,852.3,802.4,1165,152,76
P04,Encoding,enc_19,1,6,784.9,755.0,1360,364,182
P04,Encoding,enc_19,1,7,718.3,729.5,1757,390,195
P04,Encoding,enc_19,1,8,775.2,752.1,2213,244,122
P04,Encoding,enc_19,1,9,787.9,751.6,2496,134,67
P04,Encoding,enc_19,1,10,947.7,331.4,2682,186,93
P04,Encoding,enc_19,1,11,1145.1,574.4,2922,194,97
P04,Encoding,enc_19,1,12,1296.1,516.3,3156,384,192
P04,Encoding,enc_19,1,13,722.8,748.2,3600,304,152
P04,Encoding,enc_19,1,14,834.5,364.9,3972,278,139
P04,Encoding,enc_19,1,15,1201.6,807.0,4318,306,153
P04,Encoding,enc_20,1,1,1173.6,334.0,81,386,193
P04,Encoding,enc_20,1,2,1293.9,813.2,525,422,211
P04,Encoding,enc_20,1,3,1203.5,308.1,974,192,96
P04,Encoding,enc_20,1,4,593.0,607.5,1227,338,169
P04,Encoding,enc_20,1,5,953.9,469.1,1598,288,144
P04,Encoding,enc_20,1,6,1162.0,345.2,1936,276,138
P04,Encoding,enc_20,1,7,1141.9,340.5,2267,450,225
P04,Encoding,enc_20,1,8,1287.3,787.5,2741,186,93
P04,Encoding,enc_20,1,9,896.2,434.8,2973,238,119
P04,Encoding,enc_20,1,10,905.4,533.5,3273,316,158
P04,Encoding,enc_20,1,11,1270.1,807.4,3657,332,166
P04,Encoding,enc_20,1,12,590.0,594.1,4057,304,152
P04,Encoding,enc_20,1,13,1272.8,541.2,4404,120,60
P04,Retrieval,ret_01,1,1,1000.8,509.8,87,230,115
P04,Retrieval,ret_01,1,2,1191.0,440.2,351,366,183
P04,Retrieval,ret_01,1,3,1175.7,304.1,763,104,52
P04,Retrieval,ret_01,1,4,678.6,227.4,928,262,131
P04,Retrieval,ret_01,1,5,1094.0,439.0,1258,260,130
P04,Retrieval,ret_01,1,6,1089.0,502.4,1562,246,123
P04,Retrieval,ret_01,1,7,1092.8,521.6,1854,116,58
P04,Retrieval,ret_01,1,8,1133.6,515.0,2031,158,79
P04,Retrieval,ret_01,1,9,1222.6,382.7,2245,472,236
P04,Retrieval,ret_01,1,10,1165.8,339.1,2750,384,192
P04,Retrieval,ret_02,1,1,1853.2,615.5,119,246,123
P04,Retrieval,ret_02,1,2,921.1,551.6,398,346,173
P04,Retrieval,ret_02,1,3,954.1,575.8,804,192,96
P04,Retrieval,ret_02,1,4,933.5,576.3,1046,278,139
P04,Retrieval,ret_02,1,5,1125.3,689.5,1377,392,196
P04,Retrieval,ret_02,1,6,947.8,332.4,1827,268,134
P04,Retrieval,ret_02,1,7,1066.3,821.8,2136,216,108
P04,Retrieval,ret_02,1,8,1029.9,638.5,2394,304,152
P04,Retrieval,ret_02,1,9,912.7,499.0,2740,158,79
P04,Retrieval,ret_02,1,10,990.9,638.4,2938,266,133
P04,Retrieval,ret_02,1,11,1018.7,479.5,3270,360,180
P04,Retrieval,ret_02,1,12,1228.5,736.5,3683,298,149
P04,Retrieval,ret_03,1,1,933.5,702.6,90,194,97
P04,Retrieval,ret_03,1,2,1068.2,265.5,331,404,202
P04,Retrieval,ret_03,1,3,948.7,549.1,775,166,83
P04,Retrieval,ret_03,1,4,830.9,313.5,1009,400,200
P04,Retrieval,ret_03,1,5,1357.9,440.4,1457,224,112
P04,Retrieval,ret_03,1,6,1306.2,445.6,1745,288,144
P04,Retrieval,ret_03,1,7,898.0,266.5,2074,446,223
P04,Retrieval,ret_03,1,8,997.6,717.7,2586,280,140
P04,Retrieval,ret_03,1,9,841.2,262.9,2897,358,179
P04,Retrieval,ret_03,1,10,1271.6,457.1,3302,246,123
P04,Retrieval,ret_03,1,11,926.7,733.9,3582,260,130
P04,Retrieval,ret_03,1,12,870.8,210.7,3907,396,198
P04,Retrieval,ret_03,1,13,843.9,296.5,4365,144,72
P04,Retrieval,ret_04,1,1,944.8,460.6,59,326,163
P04,Retrieval,ret_04,1,2,946.5,584.5,442,202,101
P04,Retrieval,ret_04,1,3,1150.3,867.8,707,212,106
P04,Retrieval,ret_04,1,4,918.3,537.7,971,352,176
P04,Retrieval,ret_04,1,5,1173.7,714.4,1380,386,193
P04,Retrieval,ret_04,1,6,1102.4,794.7,1795,280,140
P04,Retrieval,ret_04,1,7,943.1,483.9,2103,132,66
P04,Retrieval,ret_04,1,8,1456.8,851.6,2276,278,139
P04,Retrieval,ret_04,1,9,1059.3,710.8,2623,254,127
P04,Retrieval,ret_04,1,10,1005.7,533.5,2905,260,130
P04,Retrieval,ret_05,1,1,831.2,463.6,76,268,134
P04,Retrieval,ret_05,1,2,984.8,437.4,387,370,185
P04,Retrieval,ret_05,1,3,981.7,430.7,815,370,185
P04,Retrieval,ret_05,1,4,997.3,434.1,1252,194,97
P04,Retrieval,ret_05,1,5,1042.3,445.3,1471,256,128
P04,Retrieval,ret_05,1,6,993.2,512.4,1787,476,238
P04,Retrieval,ret_05,1,7,542.3,276.7,2305,222,111
P04,Retrieval,ret_05,1,8,632.4,238.7,2559,198,99
P04,Retrieval,ret_05,1,9,966.5,509.0,2826,336,168
P04,Retrieval,ret_05,1,10,542.7,296.7,3228,390,195
P04,Retrieval,ret_05,1,11,541.5,256.6,3657,244,122
P04,Retrieval,ret_05,1,12,498.8,227.0,3946,180,90
P04,Retrieval,ret_05,1,13,1381.0,496.0,4173,326,163
P04,Retrieval,ret_06,1,1,759.3,476.9,44,136,68
P04,Retrieval,ret_06,1,2,855.7,451.8,229,344,172
P04,Retrieval,ret_06,1,3,1014.4,332.4,640,304,152
P04,Retrieval,ret_06,1,4,996.0,623.1,987,366,183
P04,Retrieval,ret_06,1,5,719.5,621.0,1396,338,169
P04,Retrieval,ret_06,1,6,1021.3,252.3,1784,276,138
P04,Retrieval,ret_06,1,7,579.4,635.4,2089,332,166
P04,Retrieval,ret_06,1,8,948.1,540.2,2462,252,126
P04,Retrieval,ret_06,1,9,1006.3,570.3,2761,340,170
P04,Retrieval,ret_06,1,10,1011.5,336.5,3150,358,179
P04,Retrieval,ret_06,1,11,840.5,377.5,3556,214,107
P04,Retrieval,ret_06,1,12,875.8,223.8,3823,244,122
P04,Retrieval,ret_06,1,13,1316.8,439.6,4136,274,137
P04,Retrieval,ret_06,1,14,1052.3,875.1,4444,184,92
P04,Retrieval,ret_07,1,1,800.1,906.5,119,234,117
P04,Retrieval,ret_07,1,2,1136.3,996.3,387,230,115
P04,Retrieval,ret_07,1,3,1330.0,466.8,662,422,211
P04,Retrieval,ret_07,1,4,990.8,247.9,1139,306,153
P04,Retrieval,ret_07,1,5,1691.5,494.8,1503,392,196
P04,Retrieval,ret_07,1,6,605.9,231.9,1932,210,105
P04,Retrieval,ret_07,1,7,712.3,252.5,2167,258,129
P04,Retrieval,ret_07,1,8,1318.0,404.7,2473,544,272
P04,Retrieval,ret_07,1,9,1147.8,523.2,3074,280,140
P04,Retrieval,ret_07,1,10,969.8,519.3,3407,150,75
P04,Retrieval,ret_07,1,11,960.8,377.5,3623,404,202
P04,Retrieval,ret_07,1,12,1279.5,481.5,4083,372,186
P04,Retrieval,ret_07,1,13,970.2,621.3,4524,80,40
P04,Retrieval,ret_08,1,1,568.3,728.1,65,430,215
P04,Retrieval,ret_08,1,2,1047.6,562.1,538,364,182
P04,Retrieval,ret_08,1,3,808.5,450.1,935,208,104
P04,Retrieval,ret_08,1,4,984.2,777.6,1173,224,112
P04,Retrieval,ret_08,1,5,853.1,422.6,1431,292,146
P04,Retrieval,ret_08,1,6,818.1,679.8,1760,272,136
P04,Retrieval,ret_08,1,7,753.8,314.7,2059,96,48
P04,Retrieval,ret_08,1,8,951.6,526.6,2196,438,219
P04,Retrieval,ret_08,1,9,968.5,507.0,2681,172,86
P04,Retrieval,ret_08,1,10,1253.3,200.5,2900,324,162
P04,Retrieval,ret_08,1,11,721.0,346.4,3281,148,74
P04,Retrieval,ret_08,1,12,1006.6,610.7,3489,418,209
P04,Retrieval,ret_08,1,13,795.1,603.8,3936,300,150
P04,Retrieval,ret_09,1,1,796.8,812.5,67,418,209
P04,Retrieval,ret_09,1,2,1355.8,688.5,551,290,145
P04,Retrieval,ret_09,1,3,893.5,662.0,878,238,119
P04,Retrieval,ret_09,1,4,528.4,542.6,1165,368,184
P04,Retrieval,ret_09,1,5,1108.8,177.6,1583,228,114
P04,Retrieval,ret_09,1,6,861.3,770.0,1846,354,177
P04,Retrieval,ret_09,1,7,884.8,371.0,2240,184,92
P04,Retrieval,ret_09,1,8,1277.3,657.9,2489,286,143
P04,Retrieval,ret_09,1,9,584.3,530.9,2813,306,153
P04,Retrieval,ret_09,1,10,895.9,347.8,3179,328,164
P04,Retrieval,ret_09,1,11,1258.3,692.6,3539,432,216
P04,Retrieval,ret_09,1,12,1449.4,736.6,3999,300,150
P04,Retrieval,ret_10,1,1,922.3,294.3,43,334,167
P04,Retrieval,ret_10,1,2,1467.1,662.6,443,124,62
P04,Retrieval,ret_10,1,3,526.0,724.6,596,228,114
P04,Retrieval,ret_10,1,4,1405.0,527.4,881,354,177
P04,Retrieval,ret_10,1,5,1069.0,890.3,1270,376,188
P04,Retrieval,ret_10,1,6,1010.2,568.5,1707,344,172
P04,Retrieval,ret_10,1,7,524.3,769.4,2091,344,172
P04,Retrieval,ret_10,1,8,1313.1,902.2,2477,336,168
P04,Retrieval,ret_10,1,9,1174.6,474.7,2838,220,110
P04,Retrieval,ret_10,1,10,610.8,907.8,3101,468,234
P04,Retrieval,ret_10,1,11,955.6,556.3,3608,308,154
P04,Retrieval,ret_10,1,12,958.1,483.7,3985,396,198
P04,Retrieval,ret_11,1,1,893.0,780.0,43,344,172
P04,Retrieval,ret_11,1,2,375.8,1001.5,449,424,212
P04,Retrieval,ret_11,1,3,1363.4,366.8,932,308,154
P04,Retrieval,ret_11,1,4,699.7,614.3,1302,364,182
P04,Retrieval,ret_11,1,5,1200.6,343.3,1720,392,196
P04,Retrieval,ret_11,1,6,703.8,724.2,2137,192,96
P04,Retrieval,ret_11,1,7,1332.1,712.4,2365,288,144
P04,Retrieval,ret_11,1,8,865.3,555.0,2711,426,213
P04,Retrieval,ret_11,1,9,1088.7,840.6,3179,232,116
P04,Retrieval,ret_12,1,1,628.2,659.1,118,146,73
P04,Retrieval,ret_12,1,2,968.3,796.9,324,380,190
P04,Retrieval,ret_12,1,3,887.2,650.7,760,198,99
P04,Retrieval,ret_12,1,4,661.3,388.0,1009,276,138
P04,Retrieval,ret_12,1,5,773.4,770.9,1312,254,127
P04,Retrieval,ret_12,1,6,927.4,554.9,1626,268,134
P04,Retrieval,ret_12,1,7,773.7,451.1,1945,296,148
P04,Retrieval,ret_12,1,8,677.0,432.9,2201,374,187
P04,Retrieval,ret_12,1,9,844.0,670.9,2614,274,137
P04,Retrieval,ret_12,1,10,853.5,661.7,2949,396,198
P04,Retrieval,ret_12,1,11,664.5,767.9,3387,188,94
P04,Retrieval,ret_12,1,12,832.3,712.4,3601,236,118
P04,Retrieval,ret_13,1,1,968.3,521.6,81,196,98
P04,Retrieval,ret_13,1,2,1126.4,534.6,323,396,198
P04,Retrieval,ret_13,1,3,942.9,550.9,787,294,147
P04,Retrieval,ret_13,1,4,709.7,468.6,1124,274,137
P04,Retrieval,ret_13,1,5,703.0,701.5,1427,252,126
P04,Retrieval,ret_13,1,6,1340.1,918.1,1707,232,116
P04,Retrieval,ret_13,1,7,746.7,425.7,2000,140,70
P04,Retrieval,ret_13,1,8,584.8,576.1,2167,398,199
P04,Retrieval,ret_13,1,9,523.8,554.7,2616,222,111
P04,Retrieval,ret_14,1,1,1074.6,825.0,109,334,167
P04,Retrieval,ret_14,1,2,109.9,69.5,475,274,137
P04,Retrieval,ret_14,1,3,1349.2,216.8,801,80,40
P04,Retrieval,ret_14,1,4,1049.4,541.6,947,82,41
P04,Retrieval,ret_14,1,5,926.2,457.3,1080,178,89
P04,Retrieval,ret_14,1,6,1046.5,263.0,1316,238,119
P04,Retrieval,ret_14,1,7,538.2,181.3,1582,440,220
P04,Retrieval,ret_14,1,8,1169.1,889.1,2078,400,200
P04,Retrieval,ret_14,1,9,992.0,653.8,2516,368,184
P04,Retrieval,ret_14,1,10,1028.7,728.4,2909,312,156
P04,Retrieval,ret_14,1,11,923.4,517.8,3276,238,119
P04,Retrieval,ret_14,1,12,41.7,647.5,3575,264,132
P04,Retrieval,ret_15,1,1,1131.5,957.8,66,358,179
P04,Retrieval,ret_15,1,2,907.1,859.3,463,296,148
P04,Retrieval,ret_15,1,3,856.2,376.9,817,138,69
P04,Retrieval,ret_15,1,4,788.6,299.5,1009,254,127
P04,Retrieval,ret_15,1,5,578.3,899.3,1319,286,143
P04,Retrieval,ret_15,1,6,906.8,823.2,1635,302,151
P04,Retrieval,ret_15,1,7,857.8,386.3,1999,278,139
P04,Retrieval,ret_15,1,8,1073.6,514.6,2341,298,149
P04,Retrieval,ret_15,1,9,1139.1,474.5,2672,238,119
P04,Retrieval,ret_15,1,10,975.5,440.8,2938,382,191
P04,Retrieval,ret_15,1,11,974.7,596.9,3361,402,201
P04,Retrieval,ret_15,1,12,844.1,338.2,3796,250,125
P04,Retrieval,ret_16,1,1,708.0,440.9,69,160,80
P04,Retrieval,ret_16,1,2,742.3,435.1,281,224,112
P04,Retrieval,ret_16,1,3,961.9,541.1,572,570,285
P04,Retrieval,ret_16,1,4,924.9,290.6,1198,356,178
P04,Retrieval,ret_16,1,5,586.5,701.0,1581,320,160
P04,Retrieval,ret_16,1,6,517.8,651.0,1954,450,225
P04,Retrieval,ret_16,1,7,731.7,480.5,2453,312,156
P04,Retrieval,ret_16,1,8,767.5,373.4,2825,160,80
P04,Retrieval,ret_16,1,9,550.1,618.2,3026,308,154
P04,Retrieval,ret_17,1,1,991.3,496.0,95,198,99
P04,Retrieval,ret_17,1,2,495.4,483.1,348,320,160
P04,Retrieval,ret_17,1,3,949.8,556.2,698,340,170
P04,Retrieval,ret_17,1,4,710.7,88.6,1064,330,165
P04,Retrieval,ret_17,1,5,986.0,550.4,1427,348,174
P04,Retrieval,ret_17,1,6,1175.8,369.7,1808,176,88
P04,Retrieval,ret_17,1,7,858.5,899.8,2010,414,207
P04,Retrieval,ret_17,1,8,1421.4,366.3,2489,212,106
P04,Retrieval,ret_17,1,9,945.5,522.4,2732,100,50
P04,Retrieval,ret_17,1,10,544.6,690.7,2858,268,134
P04,Retrieval,ret_17,1,11,614.2,915.5,3176,382,191
P04,Retrieval,ret_18,1,1,849.5,558.4,69,336,168
P04,Retrieval,ret_18,1,2,1170.2,312.2,463,244,122
P04,Retrieval,ret_18,1,3,1886.9,184.4,739,280,140
P04,Retrieval,ret_18,1,4,932.6,445.9,1043,150,75
P04,Retrieval,ret_18,1,5,546.9,595.0,1230,156,78
P04,Retrieval,ret_18,1,6,980.1,593.1,1436,286,143
P04,Retrieval,ret_18,1,7,1240.5,522.5,1764,422,211
P04,Retrieval,ret_19,1,1,949.0,722.6,81,360,180
P04,Retrieval,ret_19,1,2,971.4,600.6,496,418,209
P04,Retrieval,ret_19,1,3,1308.4,508.9,968,238,119
P04,Retrieval,ret_19,1,4,975.1,499.8,1231,296,148
P04,Retrieval,ret_19,1,5,787.3,419.9,1568,390,195
P04,Retrieval,ret_19,1,6,1055.8,771.4,1991,278,139
P04,Retrieval,ret_19,1,7,1070.9,692.1,2313,304,152
P04,Retrieval,ret_19,1,8,1648.4,125.8,2678,170,85
P04,Retrieval,ret_19,1,9,940.8,520.0,2887,268,134
P04,Retrieval,ret_19,1,10,889.2,351.9,3211,302,151
P04,Retrieval,ret_19,1,11,1324.6,806.0,3541,298,149
P04,Retrieval,ret_20,1,1,1341.4,318.0,101,376,188
P04,Retrieval,ret_20,1,2,1348.2,322.3,545,400,200
P04,Retrieval,ret_20,1,3,1152.0,766.9,984,394,197
P04,Retrieval,ret_20,1,4,1334.3,304.4,1419,282,141
P04,Retrieval,ret_20,1,5,935.5,476.3,1740,156,78
P04,Retrieval,ret_20,1,6,1333.9,278.4,1952,168,84
P04,Retrieval,ret_20,1,7,995.5,601.8,2185,202,101
P04,Retrieval,ret_20,1,8,1874.6,953.8,2441,268,134
P04,Retrieval,ret_20,1,9,626.5,417.2,2772,218,109
P04,Retrieval,ret_20,1,10,923.7,447.5,3030,196,98
P04,Retrieval,ret_20,1,11,973.0,571.5,3274,326,163
P04,Retrieval,ret_20,1,12,218.1,695.0,3644,146,73
P05,Encoding,enc_01,1,1,671.3,829.6,70,336,168
P05,Encoding,enc_01,1,2,1254.7,289.1,448,324,162
P05,Encoding,enc_01,1,3,713.7,835.2,831,268,134
P05,Encoding,enc_01,1,4,689.3,832.0,1150,264,132
P05,Encoding,enc_01,1,5,677.0,581.1,1438,308,154
P05,Encoding,enc_01,1,6,690.4,831.9,1775,302,151
P05,Encoding,enc_01,1,7,693.2,640.5,2139,376,188
P05,Encoding,enc_01,1,8,806.5,370.6,2543,206,103
P05,Encoding,enc_01,1,9,720.9,673.6,2777,160,80
P05,Encoding,enc_01,1,10,684.8,617.3,2962,340,170
P05,Encoding,enc_01,1,11,707.6,834.8,3360,254,127
P05,Encoding,enc_01,1,12,1465.9,376.7,3669,282,141
P05,Encoding,enc_01,1,13,846.2,669.7,4003,284,142
P05,Encoding,enc_02,1,1,840.1,402.2,88,382,191
P05,Encoding,enc_02,1,2,946.8,714.0,515,374,187
P05,Encoding,enc_02,1,3,1051.3,621.6,944,312,156
P05,Encoding,enc_02,1,4,1064.8,795.6,1301,392,196
P05,Encoding,enc_02,1,5,1096.1,812.3,1718,306,153
P05,Encoding,enc_02,1,6,818.1,402.3,2087,346,173
P05,Encoding,enc_02,1,7,765.1,381.2,2493,212,106
P05,Encoding,enc_02,1,8,1007.6,671.8,2756,228,114
P05,Encoding,enc_02,1,9,593.1,268.1,3018,376,188
P05,Encoding,enc_02,1,10,1060.2,820.0,3434,214,107
P05,Encoding,enc_02,1,11,1072.4,790.6,3716,232,116
P05,Encoding,enc_03,1,1,756.7,224.2,71,376,188
P05,Encoding,enc_03,1,2,1215.8,347.7,508,290,145
P05,Encoding,enc_03,1,3,1235.2,342.9,824,206,103
P05,Encoding,enc_03,1,4,1196.7,399.4,1070,244,122
P05,Encoding,enc_03,1,5,1165.4,332.8,1352,318,159
P05,Encoding,enc_03,1,6,1136.1,566.0,1730,296,148
P05,Encoding,enc_03,1,7,1209.7,430.7,2078,274,137
P05,Encoding,enc_03,1,8,603.7,85.8,2413,220,110
P05,Encoding,enc_03,1,9,594.7,732.4,2696,436,218
P05,Encoding,enc_03,1,10,674.5,508.2,3190,376,188
P05,Encoding,enc_03,1,11,584.8,726.0,3607,302,151
P05,Encoding,enc_03,1,12,1158.6,324.7,3942,320,160
P05,Encoding,enc_03,1,13,605.8,529.9,4297,338,169
P05,Encoding,enc_04,1,1,1075.3,786.4,118,118,59
P05,Encoding,enc_04,1,2,610.8,421.3,276,384,192
P05,Encoding,enc_04,1,3,607.0,522.1,714,274,137
P05,Encoding,enc_04,1,4,1333.4,290.1,1013,140,70
P05,Encoding,enc_04,1,5,1352.5,273.3,1189,304,152
P05,Encoding,enc_04,1,6,1036.5,804.5,1523,344,172
P05,Encoding,enc_04,1,7,1139.3,791.9,1926,108,54
P05,Encoding,enc_04,1,8,1068.3,808.2,2102,352,176
P05,Encoding,enc_04,1,9,1348.6,336.1,2515,514,257
P05,Encoding,enc_04,1,10,1051.8,818.4,3064,288,144
P05,Encoding,enc_04,1,11,672.2,440.3,3404,434,217
P05,Encoding,enc_04,1,12,1522.0,671.2,3897,274,137
P05,Encoding,enc_04,1,13,683.6,486.5,4214,306,153
P05,Encoding,enc_05,1,1,1097.2,649.3,105,322,161
P05,Encoding,enc_05,1,2,961.5,246.8,489,234,117
P05,Encoding,enc_05,1,3,692.0,380.8,761,266,133
P05,Encoding,enc_05,1,4,944.5,241.9,1079,332,166
P05,Encoding,enc_05,1,5,958.2,443.6,1446,260,130
P05,Encoding,enc_05,1,6,992.7,232.6,1760,332,166
P05,Encoding,enc_05,1,7,691.0,389.8,2117,212,106
P05,Encoding,enc_05,1,8,1401.2,977.9,2356,306,153
P05,Encoding,enc_05,1,9,1024.1,473.1,2716,424,212
P05,Encoding,enc_05,1,10,1466.2,995.6,3164,250,125
P05,Encoding,enc_05,1,11,981.1,399.6,3463,396,198
P05,Encoding,enc_05,1,12,960.4,226.2,3906,360,180
P05,Encoding,enc_05,1,13,721.9,383.2,4328,398,199
P05,Encoding,enc_05,1,14,961.1,459.7,4758,250,125
P05,Encoding,enc_06,1,1,1024.3,792.2,56,242,121
P05,Encoding,enc_06,1,2,1159.0,699.8,324,316,158
P05,Encoding,enc_06,1,3,1461.6,596.7,666,412,206
P05,Encoding,enc_06,1,4,605.1,632.5,1103,236,118
P05,Encoding,enc_06,1,5,750.7,202.4,1364,296,148
P05,Encoding,enc_06,1,6,610.2,510.9,1689,396,198
P05,Encoding,enc_06,1,7,921.3,390.3,2148,80,40
P05,Encoding,enc_06,1,8,942.3,505.2,2266,252,126
P05,Encoding,enc_06,1,9,607.6,605.6,2550,170,85
P05,Encoding,enc_06,1,10,1149.5,621.2,2757,454,227
P05,Encoding,enc_06,1,11,1013.4,494.2,3267,300,150
P05,Encoding,enc_06,1,12,1177.2,609.8,3611,302,151
P05,Encoding,enc_07,1,1,957.2,320.4,92,332,166
P05,Encoding,enc_07,1,2,1006.3,367.4,460,400,200
P05,Encoding,enc_07,1,3,1263.9,492.3,928,382,191
P05,Encoding,enc_07,1,4,942.6,605.2,1363,248,124
P05,Encoding,enc_07,1,5,975.7,265.4,1666,174,87
P05,Encoding,enc_07,1,6,1006.3,388.7,1906,140,70
P05,Encoding,enc_07,1,7,939.7,604.1,2099,408,204
P05,Encoding,enc_07,1,8,1223.7,488.7,2571,412,206
P05,Encoding,enc_07,1,9,1223.2,498.7,3039,324,162
P05,Encoding,enc_07,1,10,958.6,609.4,3389,230,115
P05,Encoding,enc_07,1,11,729.0,834.4,3654,370,185
P05,Encoding,enc_07,1,12,989.9,313.3,4049,286,143
P05,Encoding,enc_07,1,13,991.7,298.3,4369,316,158
P05,Encoding,enc_07,1,14,982.2,263.8,4716,218,109
P05,Encoding,enc_07,1,15,1238.7,483.0,5000,310,155
P05,Encoding,enc_08,1,1,868.2,651.4,79,128,64
P05,Encoding,enc_08,1,2,897.9,688.2,235,354,177
P05,Encoding,enc_08,1,3,883.6,700.9,648,350,175
P05,Encoding,enc_08,1,4,691.3,406.8,1067,424,212
P05,Encoding,enc_08,1,5,873.1,699.5,1543,334,167
P05,Encoding,enc_08,1,6,902.7,815.0,1940,288,144
P05,Encoding,enc_08,1,7,911.4,811.1,2290,340,170
P05,Encoding,enc_08,1,8,844.0,651.4,2668,216,108
P05,Encoding,enc_08,1,9,852.5,807.0,2948,268,134
P05,Encoding,enc_08,1,10,880.0,666.2,3279,332,166
P05,Encoding,enc_08,1,11,867.8,670.4,3672,306,153
P05,Encoding,enc_08,1,12,933.9,786.8,4008,176,88
P05,Encoding,enc_09,1,1,730.4,711.4,73,180,90
P05,Encoding,enc_09,1,2,1099.0,571.8,321,298,149
P05,Encoding,enc_09,1,3,747.2,787.4,672,312,156
P05,Encoding,enc_09,1,4,724.7,777.6,1021,420,210
P05,Encoding,enc_09,1,5,785.7,750.6,1469,402,201
P05,Encoding,enc_09,1,6,961.6,464.0,1908,424,212
P05,Encoding,enc_09,1,7,850.3,260.0,2380,192,96
P05,Encoding,enc_09,1,8,752.5,793.4,2632,268,134
P05,Encoding,enc_09,1,9,885.6,280.8,2954,292,146
P05,Encoding,enc_09,1,10,802.9,731.3,3280,318,159
P05,Encoding,enc_09,1,11,822.1,286.3,3639,246,123
P05,Encoding,enc_09,1,12,853.8,293.6,3950,304,152
P05,Encoding,enc_10,1,1,599.1,570.2,65,130,65
P05,Encoding,enc_10,1,2,1237.4,502.3,251,208,104
P05,Encoding,enc_10,1,3,862.7,559.2,522,212,106
P05,Encoding,enc_10,1,4,1219.3,318.3,767,250,125
P05,Encoding,enc_10,1,5,1234.7,505.6,1041,270,135
P05,Encoding,enc_10,1,6,1049.1,534.5,1373,132,66
P05,Encoding,enc_10,1,7,1165.8,337.4,1573,244,122
P05,Encoding,enc_10,1,8,887.3,507.4,1884,218,109
P05,Encoding,enc_10,1,9,542.8,565.7,2159,344,172
P05,Encoding,enc_10,1,10,34.7,216.2,2540,382,191
P05,Encoding,enc_10,1,11,1235.3,488.4,2982,150,75
P05,Encoding,enc_10,1,12,818.6,503.2,3170,362,181
P05,Encoding,enc_11,1,1,1161.3,270.7,105,304,152
P05,Encoding,enc_11,1,2,918.8,636.3,448,342,171
P05,Encoding,enc_11,1,3,964.6,604.5,830,304,152
P05,Encoding,enc_11,1,4,775.8,380.1,1176,402,201
P05,Encoding,enc_11,1,5,749.0,367.5,1622,150,75
P05,Encoding,enc_11,1,6,1168.4,284.5,1811,442,221
P05,Encoding,enc_11,1,7,737.0,371.2,2281,184,92
P05,Encoding,enc_11,1,8,937.9,658.9,2513,504,252
P05,Encoding,enc_11,1,9,1196.4,286.2,3045,168,84
P05,Encoding,enc_11,1,10,994.8,612.6,3257,340,170
P05,Encoding,enc_11,1,11,765.5,336.3,3663,420,210
P05,Encoding,enc_11,1,12,1185.2,372.2,4149,296,148
P05,Encoding,enc_12,1,1,1118.3,371.0,51,186,93
P05,Encoding,enc_12,1,2,1130.7,651.7,274,80,40
P05,Encoding,enc_12,1,3,1108.2,332.5,378,80,40
P05,Encoding,enc_12,1,4,1184.3,834.9,485,216,108
P05,Encoding,enc_12,1,5,836.1,354.8,761,338,169
P05,Encoding,enc_12,1,6,913.1,744.2,1163,172,86
P05,Encoding,enc_12,1,7,1164.9,770.0,1374,370,185
P05,Encoding,enc_12,1,8,950.9,661.5,1775,448,224
P05,Encoding,enc_12,1,9,824.4,346.6,2269,378,189
P05,Encoding,enc_12,1,10,938.4,704.4,2699,332,166
P05,Encoding,enc_12,1,11,948.5,639.4,3066,188,94
P05,Encoding,enc_12,1,12,1830.8,240.6,3282,342,171
P05,Encoding,enc_12,1,13,577.7,708.7,3656,108,54
P05,Encoding,enc_13,1,1,1765.2,995.8,82,452,226
P05,Encoding,enc_13,1,2,1284.8,563.6,598,98,49
P05,Encoding,enc_13,1,3,963.4,340.0,730,80,40
P05,Encoding,enc_13,1,4,1232.1,564.8,856,306,153
P05,Encoding,enc_13,1,5,590.3,447.8,1197,298,149
P05,Encoding,enc_13,1,6,926.7,346.2,1541,300,150
P05,Encoding,enc_13,1,7,1130.0,801.7,1892,300,150
P05,Encoding,enc_13,1,8,556.7,474.4,2232,304,152
P05,Encoding,enc_13,1,9,1330.3,561.8,2568,224,112
P05,Encoding,enc_13,1,10,1286.0,544.0,2836,210,105
P05,Encoding,enc_14,1,1,947.2,438.3,59,278,139
P05,Encoding,enc_14,1,2,921.8,401.6,391,274,137
P05,Encoding,enc_14,1,3,926.1,391.0,734,252,126
P05,Encoding,enc_14,1,4,1196.1,728.2,1053,224,112
P05,Encoding,enc_14,1,5,752.0,684.0,1311,412,206
P05,Encoding,enc_14,1,6,1185.7,713.0,1768,292,146
P05,Encoding,enc_14,1,7,704.9,713.5,2127,326,163
P05,Encoding,enc_14,1,8,782.7,195.6,2491,290,145
P05,Encoding,enc_14,1,9,726.0,729.8,2825,234,117
P05,Encoding,enc_14,1,10,687.1,718.4,3101,158,79
P05,Encoding,enc_14,1,11,1240.5,718.0,3285,202,101
P05,Encoding,enc_15,1,1,755.7,379.0,86,250,125
P05,Encoding,enc_15,1,2,688.2,748.9,362,314,157
P05,Encoding,enc_15,1,3,724.6,424.4,739,382,191
P05,Encoding,enc_15,1,4,720.1,375.6,1148,332,166
P05,Encoding,enc_15,1,5,726.3,404.3,1529,380,190
P05,Encoding,enc_15,1,6,727.7,749.1,1958,122,61
P05,Encoding,enc_15,1,7,710.5,740.9,2141,224,112
P05,Encoding,enc_15,1,8,673.1,709.9,2405,348,174
P05,Encoding,enc_15,1,9,1299.2,434.1,2799,322,161
P05,Encoding,enc_16,1,1,789.5,463.1,101,414,207
P05,Encoding,enc_16,1,2,592.3,639.8,558,258,129
P05,Encoding,enc_16,1,3,975.0,288.4,885,512,256
P05,Encoding,enc_16,1,4,957.3,251.6,1446,304,152
P05,Encoding,enc_16,1,5,1068.7,527.2,1799,106,53
P05,Encoding,enc_16,1,6,1105.3,204.6,1970,316,158
P05,Encoding,enc_16,1,7,648.3,615.5,2329,320,160
P05,Encoding,enc_16,1,8,937.2,261.6,2709,128,64
P05,Encoding,enc_16,1,9,578.3,357.9,2865,128,64
P05,Encoding,enc_16,1,10,552.3,659.2,3046,344,172
P05,Encoding,enc_16,1,11,769.4,426.9,3426,430,215
P05,Encoding,enc_16,1,12,579.8,638.8,3888,232,116
P05,Encoding,enc_17,1,1,813.3,505.7,119,458,229
P05,Encoding,enc_17,1,2,1074.7,824.0,608,280,140
P05,Encoding,enc_17,1,3,1011.6,692.1,943,218,109
P05,Encoding,enc_17,1,4,660.1,450.7,1205,370,185
P05,Encoding,enc_17,1,5,799.9,507.0,1609,202,101
P05,Encoding,enc_17,1,6,1009.4,695.5,1863,300,150
P05,Encoding,enc_17,1,7,767.4,477.8,2230,410,205
P05,Encoding,enc_17,1,8,1260.9,454.7,2701,396,198
P05,Encoding,enc_17,1,9,1297.6,849.2,3132,146,73
P05,Encoding,enc_17,1,10,898.3,504.6,3332,380,190
P05,Encoding,enc_17,1,11,1311.2,809.8,3780,318,159
P05,Encoding,enc_17,1,12,1312.6,840.8,4135,382,191
P05,Encoding,enc_17,1,13,1222.1,491.3,4547,192,96
P05,Encoding,enc_18,1,1,1198.8,384.9,43,192,96
P05,Encoding,enc_18,1,2,732.3,311.3,270,366,183
P05,Encoding,enc_18,1,3,797.2,722.4,686,378,189
P05,Encoding,enc_18,1,4,1791.8,194.2,1103,372,186
P05,Encoding,enc_18,1,5,700.5,335.3,1506,398,199
P05,Encoding,enc_18,1,6,710.8,271.4,1956,358,179
P05,Encoding,enc_18,1,7,1268.4,409.4,2349,146,73
P05,Encoding,enc_18,1,8,1003.4,198.3,2520,282,141
P05,Encoding,enc_18,1,9,1253.5,435.9,2840,230,115
P05,Encoding,enc_18,1,10,787.5,728.2,3096,274,137
P05,Encoding,enc_18,1,11,823.7,770.1,3399,280,140
P05,Encoding,enc_18,1,12,713.1,328.0,3727,208,104
P05,Encoding,enc_18,1,13,1476.5,988.5,3983,250,125
P05,Encoding,enc_18,1,14,708.2,355.9,4290,146,73
P05,Encoding,enc_19,1,1,1178.2,318.9,102,246,123
P05,Encoding,enc_19,1,2,1378.6,549.2,377,334,167
P05,Encoding,enc_19,1,3,618.6,731.9,736,364,182
P05,Encoding,enc_19,1,4,1376.2,552.1,1155,198,99
P05,Encoding,enc_19,1,5,1651.1,1018.0,1395,410,205
P05,Encoding,enc_19,1,6,963.6,566.9,1839,116,58
P05,Encoding,enc_19,1,7,918.6,599.7,2021,252,126
P05,Encoding,enc_19,1,8,904.1,560.5,2315,298,149
P05,Encoding,enc_19,1,9,1358.7,561.7,2677,342,171
P05,Encoding,enc_19,1,10,737.5,453.1,3056,210,105
P05,Encoding,enc_19,1,11,1042.1,284.1,3332,328,164
P05,Encoding,enc_19,1,12,965.9,577.3,3684,288,144
P05,Encoding,enc_19,1,13,1374.2,528.4,4003,132,66
P05,Encoding,enc_20,1,1,653.7,548.4,108,164,82
P05,Encoding,enc_20,1,2,1087.5,429.2,317,322,161
P05,Encoding,enc_20,1,3,1024.7,733.1,696,226,113
P05,Encoding,enc_20,1,4,1073.6,446.2,975,196,98
P05,Encoding,enc_20,1,5,1050.8,424.0,1203,322,161
P05,Encoding,enc_20,1,6,636.2,552.5,1576,460,230
P05,Encoding,enc_20,1,7,971.8,702.3,2072,302,151
P05,Encoding,enc_20,1,8,676.5,562.3,2426,298,149
P05,Encoding,enc_20,1,9,657.2,583.0,2755,308,154
P05,Retrieval,ret_01,1,1,1242.0,312.2,45,344,172
P05,Retrieval,ret_01,1,2,684.7,784.5,428,278,139
P05,Retrieval,ret_01,1,3,1183.5,608.5,758,380,190
P05,Retrieval,ret_01,1,4,855.0,366.9,1194,116,58
P05,Retrieval,ret_01,1,5,701.5,820.1,1358,284,142
P05,Retrieval,ret_01,1,6,660.7,588.1,1699,138,69
P05,Retrieval,ret_01,1,7,825.0,703.1,1888,316,158
P05,Retrieval,ret_01,1,8,772.3,342.2,2263,204,102
P05,Retrieval,ret_01,1,9,1468.0,404.7,2527,356,178
P05,Retrieval,ret_01,1,10,1287.7,299.1,2949,144,72
P05,Retrieval,ret_01,1,11,810.1,402.2,3137,370,185
P05,Retrieval,ret_01,1,12,887.7,651.6,3548,396,198
P05,Retrieval,ret_01,1,13,120.5,1045.6,3991,274,137
P05,Retrieval,ret_01,1,14,1429.6,374.1,4331,400,200
P05,Retrieval,ret_01,1,15,605.3,1022.6,4764,314,157
P05,Retrieval,ret_02,1,1,884.8,702.0,76,278,139
P05,Retrieval,ret_02,1,2,866.6,680.4,402,290,145
P05,Retrieval,ret_02,1,3,859.7,610.9,756,158,79
P05,Retrieval,ret_02,1,4,913.5,814.1,952,190,95
P05,Retrieval,ret_02,1,5,835.9,628.5,1205,240,120
P05,Retrieval,ret_02,1,6,863.4,620.2,1474,356,178
P05,Retrieval,ret_02,1,7,869.1,835.8,1892,376,188
P05,Retrieval,ret_02,1,8,885.1,639.2,2335,408,204
P05,Retrieval,ret_02,1,9,942.8,499.8,2781,242,121
P05,Retrieval,ret_02,1,10,703.2,176.9,3073,216,108
P05,Retrieval,ret_02,1,11,863.6,799.7,3331,304,152
P05,Retrieval,ret_02,1,12,688.2,348.6,3685,234,117
P05,Retrieval,ret_02,1,13,741.0,398.8,3968,364,182
P05,Retrieval,ret_03,1,1,700.2,836.3,47,192,96
P05,Retrieval,ret_03,1,2,1417.2,792.0,299,260,130
P05,Retrieval,ret_03,1,3,686.3,716.6,618,424,212
P05,Retrieval,ret_03,1,4,656.4,706.6,1078,238,119
P05,Retrieval,ret_03,1,5,734.1,769.0,1374,210,105
P05,Retrieval,ret_03,1,6,707.7,419.3,1634,220,110
P05,Retrieval,ret_03,1,7,679.8,691.4,1923,152,76
P05,Retrieval,ret_03,1,8,474.9,608.9,2116,122,61
P05,Retrieval,ret_03,1,9,808.9,215.8,2285,172,86
P05,Retrieval,ret_03,1,10,554.1,337.7,2505,468,234
P05,Retrieval,ret_03,1,11,716.0,344.2,3035,404,202
P05,Retrieval,ret_03,1,12,927.8,505.7,3507,408,204
P05,Retrieval,ret_04,1,1,1726.0,649.0,53,306,153
P05,Retrieval,ret_04,1,2,463.2,26.6,422,404,202
P05,Retrieval,ret_04,1,3,1728.6,918.8,852,382,191
P05,Retrieval,ret_04,1,4,1752.2,590.9,1294,276,138
P05,Retrieval,ret_04,1,5,1865.8,1025.3,1620,420,210
P05,Retrieval,ret_04,1,6,1390.0,55.4,2066,468,234
P05,Retrieval,ret_04,1,7,320.4,28.1,2586,412,206
P05,Retrieval,ret_04,1,8,1344.6,98.9,3043,312,156
P05,Retrieval,ret_04,1,9,1859.2,989.7,3396,248,124
P05,Retrieval,ret_04,1,10,1784.6,815.4,3698,452,226
P05,Retrieval,ret_04,1,11,159.1,316.0,4190,368,184
P05,Retrieval,ret_05,1,1,864.8,265.1,43,100,50
P05,Retrieval,ret_05,1,2,961.9,435.3,182,266,133
P05,Retrieval,ret_05,1,3,751.1,314.6,495,286,143
P05,Retrieval,ret_05,1,4,925.3,521.9,819,392,196
P05,Retrieval,ret_05,1,5,951.0,394.6,1239,216,108
P05,Retrieval,ret_05,1,6,358.9,542.2,1515,272,136
P05,Retrieval,ret_05,1,7,750.6,795.9,1843,420,210
P05,Retrieval,ret_05,1,8,767.4,781.7,2295,156,78
P05,Retrieval,ret_05,1,9,1072.6,569.8,2520,374,187
P05,Retrieval,ret_05,1,10,932.7,519.0,2963,402,201
P05,Retrieval,ret_05,1,11,1106.3,598.3,3422,408,204
P05,Retrieval,ret_06,1,1,788.5,426.4,88,332,166
P05,Retrieval,ret_06,1,2,1073.4,699.6,444,302,151
P05,Retrieval,ret_06,1,3,798.9,443.6,810,474,237
P05,Retrieval,ret_06,1,4,978.5,578.0,1318,112,56
P05,Retrieval,ret_06,1,5,699.4,477.1,1486,426,213
P05,Retrieval,ret_06,1,6,1006.9,558.7,1946,458,229
P05,Retrieval,ret_06,1,7,934.3,536.9,2444,270,135
P05,Retrieval,ret_06,1,8,741.1,422.5,2758,286,143
P05,Retrieval,ret_07,1,1,587.4,674.8,79,336,168
P05,Retrieval,ret_07,1,2,950.2,477.9,484,390,195
P05,Retrieval,ret_07,1,3,1031.3,530.2,915,386,193
P05,Retrieval,ret_07,1,4,635.7,559.2,1344,426,213
P05,Retrieval,ret_07,1,5,1043.9,271.6,1821,368,184
P05,Retrieval,ret_07,1,6,637.4,738.3,2223,182,91
P05,Retrieval,ret_07,1,7,1124.5,561.7,2468,256,128
P05,Retrieval,ret_07,1,8,366.6,811.6,2748,250,125
P05,Retrieval,ret_07,1,9,951.4,530.9,3030,338,169
P05,Retrieval,ret_07,1,10,874.7,592.6,3414,144,72
P05,Retrieval,ret_07,1,11,1194.0,330.8,3599,226,113
P05,Retrieval,ret_07,1,12,1243.5,362.7,3873,320,160
P05,Retrieval,ret_08,1,1,634.7,557.1,86,210,105
P05,Retrieval,ret_08,1,2,996.9,557.0,344,292,146
P05,Retrieval,ret_08,1,3,823.4,530.5,680,394,197
P05,Retrieval,ret_08,1,4,1159.9,482.0,1120,140,70
P05,Retrieval,ret_08,1,5,909.3,503.9,1321,280,140
P05,Retrieval,ret_08,1,6,562.4,561.3,1641,266,133
P05,Retrieval,ret_08,1,7,991.5,1007.4,1945,222,111
P05,Retrieval,ret_08,1,8,559.7,593.7,2208,140,70
P05,Retrieval,ret_08,1,9,550.3,605.1,2394,284,142
P05,Retrieval,ret_08,1,10,1674.9,315.1,2744,294,147
P05,Retrieval,ret_08,1,11,836.5,521.1,3086,198,99
P05,Retrieval,ret_08,1,12,1187.8,512.9,3320,292,146
P05,Retrieval,ret_09,1,1,893.0,545.5,52,346,173
P05,Retrieval,ret_09,1,2,942.5,534.9,447,450,225
P05,Retrieval,ret_09,1,3,662.4,412.8,962,250,125
P05,Retrieval,ret_09,1,4,1030.6,848.5,1276,408,204
P05,Retrieval,ret_09,1,5,1329.0,800.3,1735,274,137
P05,Retrieval,ret_09,1,6,1279.0,471.0,2043,212,106
P05,Retrieval,ret_09,1,7,965.5,542.3,2301,208,104
P05,Retrieval,ret_09,1,8,809.3,549.9,2535,380,190
P05,Retrieval,ret_09,1,9,1387.0,823.7,2957,234,117
P05,Retrieval,ret_09,1,10,658.9,422.0,3238,320,160
P05,Retrieval,ret_09,1,11,1270.8,406.2,3620,358,179
P05,Retrieval,ret_10,1,1,948.4,534.1,95,80,40
P05,Retrieval,ret_10,1,2,939.0,528.1,221,112,56
P05,Retrieval,ret_10,1,3,584.1,537.0,385,264,132
P05,Retrieval,ret_10,1,4,1048.9,819.0,715,440,220
P05,Retrieval,ret_10,1,5,1294.8,292.3,1218,240,120
P05,Retrieval,ret_10,1,6,1714.0,200.0,1492,310,155
P05,Retrieval,ret_10,1,7,1053.0,841.0,1835,338,169
P05,Retrieval,ret_10,1,8,604.6,377.3,2227,238,119
P05,Retrieval,ret_10,1,9,920.9,534.4,2523,214,107
P05,Retrieval,ret_11,1,1,38.5,102.3,94,316,158
P05,Retrieval,ret_11,1,2,1381.6,98.3,472,218,109
P05,Retrieval,ret_11,1,3,87.0,833.8,750,246,123
P05,Retrieval,ret_11,1,4,1131.9,962.7,1028,482,241
P05,Retrieval,ret_11,1,5,1610.4,303.7,1568,290,145
P05,Retrieval,ret_11,1,6,1743.8,987.8,1915,314,157
P05,Retrieval,ret_11,1,7,1515.5,52.8,2280,388,194
P05,Retrieval,ret_11,1,8,1708.6,975.5,2705,188,94
P05,Retrieval,ret_11,1,9,1440.1,1026.8,2959,230,115
P05,Retrieval,ret_11,1,10,375.8,67.9,3226,306,153
P05,Retrieval,ret_11,1,11,291.0,828.5,3558,310,155
P05,Retrieval,ret_12,1,1,957.5,512.8,54,200,100
P05,Retrieval,ret_12,1,2,1283.0,456.8,303,154,77
P05,Retrieval,ret_12,1,3,769.1,775.3,490,358,179
P05,Retrieval,ret_12,1,4,805.5,718.6,892,390,195
P05,Retrieval,ret_12,1,5,727.1,364.2,1306,270,135
P05,Retrieval,ret_12,1,6,961.7,592.0,1629,390,195
P05,Retrieval,ret_12,1,7,1262.9,411.1,2084,380,190
P05,Retrieval,ret_12,1,8,949.6,545.7,2489,232,116
P05,Retrieval,ret_12,1,9,812.4,668.1,2780,186,93
P05,Retrieval,ret_12,1,10,821.7,746.8,2992,440,220
P05,Retrieval,ret_12,1,11,861.0,788.1,3497,254,127
P05,Retrieval,ret_12,1,12,1011.4,160.0,3813,268,134
P05,Retrieval,ret_12,1,13,938.1,545.8,4133,328,164
P05,Retrieval,ret_12,1,14,1250.5,390.4,4516,202,101
P05,Retrieval,ret_12,1,15,828.8,735.7,4751,202,101
P05,Retrieval,ret_13,1,1,1062.7,489.3,49,326,163
P05,Retrieval,ret_13,1,2,1032.2,492.8,418,344,172
P05,Retrieval,ret_13,1,3,652.3,408.7,802,454,227
P05,Retrieval,ret_13,1,4,644.1,423.6,1292,242,121
P05,Retrieval,ret_13,1,5,781.3,392.8,1558,458,229
P05,Retrieval,ret_13,1,6,1028.8,527.8,2065,126,63
P05,Retrieval,ret_13,1,7,982.7,239.3,2218,446,223
P05,Retrieval,ret_13,1,8,719.6,414.5,2718,250,125
P05,Retrieval,ret_13,1,9,1034.4,160.0,2995,178,89
P05,Retrieval,ret_13,1,10,757.0,610.4,3211,328,164
P05,Retrieval,ret_13,1,11,988.5,524.4,3580,318,159
P05,Retrieval,ret_13,1,12,984.9,500.3,3937,316,158
P05,Retrieval,ret_13,1,13,987.8,452.6,4278,178,89
P05,Retrieval,ret_14,1,1,1157.3,842.7,58,294,147
P05,Retrieval,ret_14,1,2,1143.4,750.6,382,208,104
P05,Retrieval,ret_14,1,3,827.4,357.5,643,340,170
P05,Retrieval,ret_14,1,4,1024.8,551.6,1044,340,170
P05,Retrieval,ret_14,1,5,1129.7,701.6,1421,274,137
P05,Retrieval,ret_14,1,6,1010.4,460.3,1749,360,180
P05,Retrieval,ret_14,1,7,898.2,698.7,2138,402,201
P05,Retrieval,ret_14,1,8,979.6,683.9,2601,170,85
P05,Retrieval,ret_14,1,9,1156.1,654.4,2819,340,170
P05,Retrieval,ret_14,1,10,933.9,715.8,3183,340,170
P05,Retrieval,ret_14,1,11,864.9,434.1,3578,348,174
P05,Retrieval,ret_14,1,12,950.7,557.0,3956,258,129
P05,Retrieval,ret_14,1,13,1123.9,667.4,4257,306,153
P05,Retrieval,ret_14,1,14,974.0,691.2,4631,136,68
P05,Retrieval,ret_14,1,15,901.3,511.1,4832,368,184
P05,Retrieval,ret_15,1,1,1463.1,510.5,68,332,166
P05,Retrieval,ret_15,1,2,939.5,489.7,443,194,97
P05,Retrieval,ret_15,1,3,1327.5,540.5,696,272,136
P05,Retrieval,ret_15,1,4,1434.6,329.9,1010,292,146
P05,Retrieval,ret_15,1,5,710.5,951.4,1369,362,181
P05,Retrieval,ret_15,1,6,401.9,964.1,1799,334,167
P05,Retrieval,ret_15,1,7,929.7,596.3,2198,144,72
P05,Retrieval,ret_15,1,8,1373.3,579.5,2366,334,167
P05,Retrieval,ret_15,1,9,1388.9,514.4,2753,190,95
P05,Retrieval,ret_16,1,1,606.5,65.7,67,274,137
P05,Retrieval,ret_16,1,2,1665.0,1023.7,386,188,94
P05,Retrieval,ret_16,1,3,1852.7,1052.3,639,374,187
P05,Retrieval,ret_16,1,4,462.0,116.0,1054,250,125
P05,Retrieval,ret_16,1,5,86.9,974.1,1367,206,103
P05,Retrieval,ret_16,1,6,1430.6,993.1,1623,496,248
P05,Retrieval,ret_16,1,7,365.0,123.5,2165,312,156
P05,Retrieval,ret_16,1,8,1619.0,810.3,2544,162,81
P05,Retrieval,ret_16,1,9,1454.1,1049.3,2739,178,89
P05,Retrieval,ret_16,1,10,706.5,1054.4,2955,340,170
P05,Retrieval,ret_16,1,11,44.0,244.1,3351,132,66
P05,Retrieval,ret_17,1,1,573.1,578.2,61,350,175
P05,Retrieval,ret_17,1,2,1318.5,515.6,446,268,134
P05,Retrieval,ret_17,1,3,1230.2,578.5,769,200,100
P05,Retrieval,ret_17,1,4,1289.9,556.1,1017,294,147
P05,Retrieval,ret_17,1,5,1634.0,1040.3,1374,432,216
P05,Retrieval,ret_17,1,6,1094.8,801.5,1831,388,194
P05,Retrieval,ret_17,1,7,868.5,378.1,2283,480,240
P05,Retrieval,ret_17,1,8,1079.7,869.2,2804,274,137
P05,Retrieval,ret_17,1,9,1265.6,520.6,3108,434,217
P05,Retrieval,ret_17,1,10,625.8,418.7,3577,208,104
P05,Retrieval,ret_17,1,11,974.2,591.9,3810,348,174
P05,Retrieval,ret_17,1,12,917.4,485.9,4191,360,180
P05,Retrieval,ret_17,1,13,1097.6,814.7,4604,200,100
P05,Retrieval,ret_18,1,1,997.6,756.5,75,312,156
P05,Retrieval,ret_18,1,2,968.9,819.1,413,366,183
P05,Retrieval,ret_18,1,3,876.4,565.8,815,452,226
P05,Retrieval,ret_18,1,4,1044.7,495.6,1313,260,130
P05,Retrieval,ret_18,1,5,1013.1,612.3,1637,322,161
P05,Retrieval,ret_18,1,6,1020.4,677.3,2003,226,113
P05,Retrieval,ret_18,1,7,980.9,700.0,2253,216,108
P05,Retrieval,ret_18,1,8,944.5,553.3,2531,288,144
P05,Retrieval,ret_18,1,9,1015.8,542.4,2843,294,147
P05,Retrieval,ret_18,1,10,621.0,539.9,3174,118,59
P05,Retrieval,ret_18,1,11,1046.0,734.1,3337,248,124
P05,Retrieval,ret_18,1,12,1037.4,747.3,3654,304,152
P05,Retrieval,ret_19,1,1,1282.6,498.5,49,222,111
P05,Retrieval,ret_19,1,2,723.8,1028.4,340,242,121
P05,Retrieval,ret_19,1,3,696.7,379.0,621,368,184
P05,Retrieval,ret_19,1,4,1261.6,246.4,1029,276,138
P05,Retrieval,ret_19,1,5,1212.7,911.3,1347,306,153
P05,Retrieval,ret_19,1,6,1207.5,710.7,1722,142,71
P05,Retrieval,ret_19,1,7,1222.0,490.4,1931,324,162
P05,Retrieval,ret_19,1,8,725.6,834.3,2309,386,193
P05,Retrieval,ret_19,1,9,727.2,740.1,2747,196,98
P05,Retrieval,ret_19,1,10,998.2,547.7,3007,348,174
P05,Retrieval,ret_20,1,1,1300.9,733.9,56,244,122
P05,Retrieval,ret_20,1,2,1196.1,746.6,333,464,232
P05,Retrieval,ret_20,1,3,919.8,389.5,823,326,163
P05,Retrieval,ret_20,1,4,1131.3,706.4,1195,324,162
P05,Retrieval,ret_20,1,5,805.8,160.0,1581,304,152
P05,Retrieval,ret_20,1,6,911.9,517.2,1926,418,209
P05,Retrieval,ret_20,1,7,943.8,397.1,2406,198,99
P05,Retrieval,ret_20,1,8,994.6,520.1,2629,196,98
P05,Retrieval,ret_20,1,9,1242.3,714.8,2854,272,136
P05,Retrieval,ret_20,1,10,1139.9,744.6,3160,288,144
P05,Retrieval,ret_20,1,11,956.9,542.7,3486,80,40
P05,Retrieval,ret_20,1,12,1192.0,772.1,3592,330,165
P05,Retrieval,ret_20,1,13,823.2,256.8,3978,222,111
P06,Encoding,enc_01,1,1,1016.1,623.2,102,186,93
P06,Encoding,enc_01,1,2,935.3,607.5,333,302,151
P06,Encoding,enc_01,1,3,975.7,670.2,678,186,93
P06,Encoding,enc_01,1,4,755.5,369.4,924,374,187
P06,Encoding,enc_01,1,5,941.9,650.1,1325,254,127
P06,Encoding,enc_01,1,6,1161.4,256.6,1614,172,86
P06,Encoding,enc_01,1,7,965.6,646.7,1835,258,129
P06,Encoding,enc_01,1,8,900.7,627.3,2150,226,113
P06,Encoding,enc_01,1,9,1012.1,614.4,2428,244,122
P06,Encoding,enc_01,1,10,946.2,626.8,2701,410,205
P06,Encoding,enc_01,1,11,1194.7,285.8,3177,508,254
P06,Encoding,enc_02,1,1,1151.0,683.7,83,230,115
P06,Encoding,enc_02,1,2,812.7,319.9,377,144,72
P06,Encoding,enc_02,1,3,1094.2,343.7,568,396,198
P06,Encoding,enc_02,1,4,1120.5,324.3,1018,288,144
P06,Encoding,enc_02,1,5,1129.2,424.7,1339,336,168
P06,Encoding,enc_02,1,6,1162.8,725.9,1736,254,127
P06,Encoding,enc_02,1,7,935.3,612.8,2022,86,43
P06,Encoding,enc_02,1,8,1070.2,775.1,2141,466,233
P06,Encoding,enc_02,1,9,1208.8,612.3,2646,330,165
P06,Encoding,enc_02,1,10,1093.7,358.4,3001,358,179
P06,Encoding,enc_02,1,11,1189.5,712.2,3394,356,178
P06,Encoding,enc_03,1,1,509.3,790.8,83,248,124
P06,Encoding,enc_03,1,2,1184.1,960.4,371,226,113
P06,Encoding,enc_03,1,3,590.3,480.9,630,328,164
P06,Encoding,enc_03,1,4,580.9,537.7,985,206,103
P06,Encoding,enc_03,1,5,582.3,530.2,1218,278,139
P06,Encoding,enc_03,1,6,900.6,342.9,1550,324,162
P06,Encoding,enc_03,1,7,591.6,523.9,1937,338,169
P06,Encoding,enc_03,1,8,1144.3,771.8,2344,262,131
P06,Encoding,enc_03,1,9,972.8,368.4,2662,246,123
P06,Encoding,enc_03,1,10,1156.5,799.8,2969,274,137
P06,Encoding,enc_03,1,11,957.5,733.6,3309,352,176
P06,Encoding,enc_03,1,12,1119.6,821.7,3693,250,125
P06,Encoding,enc_04,1,1,950.5,420.5,80,200,100
P06,Encoding,enc_04,1,2,1229.8,677.2,327,334,167
P06,Encoding,enc_04,1,3,929.3,401.4,718,304,152
P06,Encoding,enc_04,1,4,1241.1,719.8,1083,226,113
P06,Encoding,enc_04,1,5,1230.2,636.7,1378,274,137
P06,Encoding,enc_04,1,6,926.2,431.4,1701,216,108
P06,Encoding,enc_04,1,7,979.7,391.4,1946,376,188
P06,Encoding,enc_04,1,8,1179.3,341.2,2383,256,128
P06,Encoding,enc_04,1,9,735.7,692.6,2707,438,219
P06,Encoding,enc_04,1,10,730.8,684.7,3213,170,85
P06,Encoding,enc_04,1,11,777.1,697.3,3433,270,135
P06,Encoding,enc_04,1,12,879.5,417.5,3770,326,163
P06,Encoding,enc_04,1,13,691.0,710.0,4144,94,47
P06,Encoding,enc_05,1,1,595.3,719.0,104,340,170
P06,Encoding,enc_05,1,2,1148.5,654.2,505,406,203
P06,Encoding,enc_05,1,3,1240.7,480.2,968,328,164
P06,Encoding,enc_05,1,4,627.6,645.1,1363,436,218
P06,Encoding,enc_05,1,5,1251.9,263.0,1836,118,59
P06,Encoding,enc_05,1,6,1126.5,614.9,1987,480,240
P06,Encoding,enc_05,1,7,675.8,432.1,2514,268,134
P06,Encoding,enc_05,1,8,1160.8,704.3,2813,546,273
P06,Encoding,enc_05,1,9,695.9,708.9,3408,296,148
P06,Encoding,enc_05,1,10,1214.6,470.4,3742,230,115
P06,Encoding,enc_05,1,11,401.0,587.2,4041,362,181
P06,Encoding,enc_06,1,1,1229.5,675.0,99,282,141
P06,Encoding,enc_06,1,2,745.2,668.7,421,388,194
P06,Encoding,enc_06,1,3,1228.4,604.9,874,184,92
P06,Encoding,enc_06,1,4,799.0,485.2,1085,270,135
P06,Encoding,enc_06,1,5,1266.7,651.0,1379,304,152
P06,Encoding,enc_06,1,6,899.2,348.2,1724,312,156
P06,Encoding,enc_06,1,7,931.2,335.3,2072,316,158
P06,Encoding,enc_06,1,8,637.9,508.9,2440,302,151
P06,Encoding,enc_06,1,9,1236.6,690.7,2804,234,117
P06,Encoding,enc_06,1,10,1255.3,638.3,3093,408,204
P06,Encoding,enc_07,1,1,617.6,766.8,67,266,133
P06,Encoding,enc_07,1,2,1324.5,682.6,389,200,100
P06,Encoding,enc_07,1,3,1279.2,263.6,644,206,103
P06,Encoding,enc_07,1,4,1291.3,294.4,893,476,238
P06,Encoding,enc_07,1,5,974.6,730.7,1437,378,189
P06,Encoding,enc_07,1,6,1327.3,633.0,1872,416,208
P06,Encoding,enc_07,1,7,267.3,991.3,2343,348,174
P06,Encoding,enc_07,1,8,1445.8,817.0,2716,336,168
P06,Encoding,enc_07,1,9,645.0,715.9,3120,310,155
P06,Encoding,enc_07,1,10,1317.1,675.9,3455,200,100
P06,Encoding,enc_07,1,11,961.5,671.3,3705,250,125
P06,Encoding,enc_07,1,12,651.9,759.4,4023,356,178
P06,Encoding,enc_07,1,13,994.4,614.7,4433,260,130
P06,Encoding,enc_08,1,1,781.5,681.7,105,362,181
P06,Encoding,enc_08,1,2,640.6,280.7,526,302,151
P06,Encoding,enc_08,1,3,824.7,646.6,858,350,175
P06,Encoding,enc_08,1,4,396.1,309.4,1247,80,40
P06,Encoding,enc_08,1,5,868.0,709.4,1354,222,111
P06,Encoding,enc_08,1,6,51.8,67.7,1626,332,166
P06,Encoding,enc_08,1,7,662.4,344.2,2014,340,170
P06,Encoding,enc_08,1,8,871.4,693.2,2386,182,91
P06,Encoding,enc_08,1,9,693.9,342.6,2609,346,173
P06,Encoding,enc_08,1,10,697.9,337.9,2991,450,225
P06,Encoding,enc_08,1,11,1355.0,727.5,3502,396,198
P06,Encoding,enc_08,1,12,567.3,614.3,3956,134,67
P06,Encoding,enc_08,1,13,719.4,384.8,4156,402,201
P06,Encoding,enc_08,1,14,1248.8,387.2,4605,362,181
P06,Encoding,enc_08,1,15,706.9,392.9,4997,304,152
P06,Encoding,enc_08,1,16,737.4,277.8,5333,334,167
P06,Encoding,enc_09,1,1,677.6,696.1,70,296,148
P06,Encoding,enc_09,1,2,911.5,546.3,426,260,130
P06,Encoding,enc_09,1,3,921.3,560.7,712,160,80
P06,Encoding,enc_09,1,4,1330.4,509.7,918,412,206
P06,Encoding,enc_09,1,5,712.0,731.4,1397,346,173
P06,Encoding,enc_09,1,6,771.1,473.7,1780,418,209
P06,Encoding,enc_09,1,7,1056.6,234.2,2240,300,150
P06,Encoding,enc_09,1,8,889.9,545.5,2607,448,224
P06,Encoding,enc_09,1,9,655.7,727.1,3093,310,155
P06,Encoding,enc_09,1,10,1128.5,759.7,3467,406,203
P06,Encoding,enc_09,1,11,649.3,755.3,3913,442,221
P06,Encoding,enc_09,1,12,983.2,755.3,4397,254,127
P06,Encoding,enc_09,1,13,1179.6,308.6,4696,398,199
P06,Encoding,enc_10,1,1,778.0,775.1,74,236,118
P06,Encoding,enc_10,1,2,678.4,535.8,379,346,173
P06,Encoding,enc_10,1,3,992.9,261.0,776,306,153
P06,Encoding,enc_10,1,4,964.4,753.0,1143,292,146
P06,Encoding,enc_10,1,5,1023.5,692.8,1472,270,135
P06,Encoding,enc_10,1,6,754.3,758.1,1793,204,102
P06,Encoding,enc_10,1,7,1114.9,414.1,2052,250,125
P06,Encoding,enc_10,1,8,951.7,244.7,2362,294,147
P06,Encoding,enc_10,1,9,963.8,220.2,2713,136,68
P06,Encoding,enc_10,1,10,701.6,586.0,2877,384,192
P06,Encoding,enc_10,1,11,789.1,809.0,3312,200,100
P06,Encoding,enc_10,1,12,1111.7,466.4,3561,284,142
P06,Encoding,enc_10,1,13,630.1,557.6,3902,248,124
P06,Encoding,enc_11,1,1,766.7,552.1,100,196,98
P06,Encoding,enc_11,1,2,1096.9,692.5,338,384,192
P06,Encoding,enc_11,1,3,939.8,366.5,779,216,108
P06,Encoding,enc_11,1,4,855.6,297.0,1052,290,145
P06,Encoding,enc_11,1,5,744.9,551.1,1385,340,170
P06,Encoding,enc_11,1,6,840.5,267.2,1786,306,153
P06,Encoding,enc_11,1,7,1443.9,496.4,2135,388,194
P06,Encoding,enc_11,1,8,1345.4,252.2,2582,294,147
P06,Encoding,enc_12,1,1,1291.8,367.3,72,182,91
P06,Encoding,enc_12,1,2,1000.2,321.9,304,352,176
P06,Encoding,enc_12,1,3,689.8,696.8,683,286,143
P06,Encoding,enc_12,1,4,995.1,304.0,1019,80,40
P06,Encoding,enc_12,1,5,792.5,470.0,1162,418,209
P06,Encoding,enc_12,1,6,1288.5,368.0,1621,346,173
P06,Encoding,enc_12,1,7,1244.1,336.1,2018,188,94
P06,Encoding,enc_12,1,8,1048.6,324.2,2264,420,210
P06,Encoding,enc_12,1,9,1213.1,367.3,2752,324,162
P06,Encoding,enc_12,1,10,718.4,678.6,3134,276,138
P06,Encoding,enc_12,1,11,1029.4,325.8,3454,428,214
P06,Encoding,enc_12,1,12,674.0,655.1,3936,490,245
P06,Encoding,enc_13,1,1,1061.3,691.4,96,248,124
P06,Encoding,enc_13,1,2,690.0,452.9,383,188,94
P06,Encoding,enc_13,1,3,759.1,255.1,619,418,209
P06,Encoding,enc_13,1,4,1369.2,672.9,1066,292,146
P06,Encoding,enc_13,1,5,656.3,483.7,1394,260,130
P06,Encoding,enc_13,1,6,1638.0,422.4,1692,268,134
P06,Encoding,enc_13,1,7,1344.8,754.6,1984,234,117
P06,Encoding,enc_13,1,8,1347.0,643.8,2243,80,40
P06,Encoding,enc_13,1,9,466.7,256.1,2356,200,100
P06,Encoding,enc_13,1,10,1352.2,714.0,2613,132,66
P06,Encoding,enc_13,1,11,1363.1,660.0,2808,80,40
P06,Encoding,enc_14,1,1,1439.9,805.9,101,184,92
P06,Encoding,enc_14,1,2,737.4,699.1,353,344,172
P06,Encoding,enc_14,1,3,873.1,484.4,747,330,165
P06,Encoding,enc_14,1,4,914.3,460.9,1127,448,224
P06,Encoding,enc_14,1,5,505.9,622.6,1610,194,97
P06,Encoding,enc_14,1,6,749.7,685.3,1859,268,134
P06,Encoding,enc_14,1,7,1137.4,528.3,2157,210,105
P06,Encoding,enc_14,1,8,745.9,374.4,2410,322,161
P06,Encoding,enc_14,1,9,1765.2,38.2,2765,198,99
P06,Encoding,enc_14,1,10,705.9,697.7,2988,394,197
P06,Encoding,enc_14,1,11,939.7,692.0,3438,374,187
P06,Encoding,enc_14,1,12,893.7,466.4,3874,242,121
P06,Encoding,enc_14,1,13,680.4,660.7,4174,270,135
P06,Encoding,enc_15,1,1,728.2,418.9,103,384,192
P06,Encoding,enc_15,1,2,768.6,374.3,541,198,99
P06,Encoding,enc_15,1,3,1007.1,422.4,807,252,126
P06,Encoding,enc_15,1,4,1138.3,652.1,1085,318,159
P06,Encoding,enc_15,1,5,1028.9,472.6,1471,206,103
P06,Encoding,enc_15,1,6,961.4,243.5,1720,196,98
P06,Encoding,enc_15,1,7,721.0,352.0,1940,296,148
P06,Encoding,enc_15,1,8,739.7,442.9,2291,274,137
P06,Encoding,enc_15,1,9,709.9,431.2,2630,282,141
P06,Encoding,enc_15,1,10,1120.7,667.0,2951,210,105
P06,Encoding,enc_15,1,11,999.3,475.5,3185,80,40
P06,Encoding,enc_15,1,12,151.7,526.6,3326,202,101
P06,Encoding,enc_16,1,1,613.4,673.3,77,334,167
P06,Encoding,enc_16,1,2,614.1,686.5,477,350,175
P06,Encoding,enc_16,1,3,1173.8,614.3,889,362,181
P06,Encoding,enc_16,1,4,706.6,420.4,1307,314,157
P06,Encoding,enc_16,1,5,976.4,507.0,1689,416,208
P06,Encoding,enc_16,1,6,623.2,603.1,2135,338,169
P06,Encoding,enc_16,1,7,203.6,1029.3,2540,238,119
P06,Encoding,enc_16,1,8,1874.6,975.8,2831,242,121
P06,Encoding,enc_16,1,9,1169.8,557.1,3132,130,65
P06,Encoding,enc_16,1,10,957.0,526.6,3304,320,160
P06,Encoding,enc_17,1,1,1235.7,504.0,110,322,161
P06,Encoding,enc_17,1,2,1185.8,500.1,464,192,96
P06,Encoding,enc_17,1,3,1213.8,1019.0,703,194,97
P06,Encoding,enc_17,1,4,958.7,370.2,940,256,128
P06,Encoding,enc_17,1,5,1501.0,468.3,1225,352,176
P06,Encoding,enc_17,1,6,942.3,524.7,1616,368,184
P06,Encoding,enc_17,1,7,1420.1,341.9,2031,286,143
P06,Encoding,enc_17,1,8,965.1,279.8,2360,268,134
P06,Encoding,enc_17,1,9,982.9,335.9,2657,276,138
P06,Encoding,enc_17,1,10,1185.4,420.1,2980,198,99
P06,Encoding,enc_17,1,11,1220.1,469.7,3233,216,108
P06,Encoding,enc_18,1,1,1055.9,721.4,91,402,201
P06,Encoding,enc_18,1,2,621.1,418.0,543,288,144
P06,Encoding,enc_18,1,3,570.1,419.8,898,116,58
P06,Encoding,enc_18,1,4,835.3,759.9,1039,252,126
P06,Encoding,enc_18,1,5,874.6,758.7,1317,472,236
P06,Encoding,enc_18,1,6,988.9,313.8,1823,252,126
P06,Encoding,enc_18,1,7,876.2,795.7,2136,474,237
P06,Encoding,enc_18,1,8,297.7,934.3,2673,126,63
P06,Encoding,enc_18,1,9,615.9,418.9,2843,270,135
P06,Encoding,enc_18,1,10,1044.0,301.0,3181,260,130
P06,Encoding,enc_19,1,1,850.4,608.5,85,164,82
P06,Encoding,enc_19,1,2,728.0,260.0,298,284,142
P06,Encoding,enc_19,1,3,1128.0,386.9,613,410,205
P06,Encoding,enc_19,1,4,1054.6,986.7,1082,408,204
P06,Encoding,enc_19,1,5,1110.1,652.1,1558,272,136
P06,Encoding,enc_19,1,6,239.1,429.4,1880,186,93
P06,Encoding,enc_19,1,7,1128.9,397.3,2114,298,149
P06,Encoding,enc_19,1,8,846.6,597.0,2479,474,237
P06,Encoding,enc_19,1,9,774.5,276.7,3014,192,96
P06,Encoding,enc_19,1,10,793.4,629.5,3246,300,150
P06,Encoding,enc_19,1,11,505.3,623.2,3573,268,134
P06,Encoding,enc_20,1,1,736.6,580.7,86,314,157
P06,Encoding,enc_20,1,2,632.7,822.6,425,242,121
P06,Encoding,enc_20,1,3,1050.3,488.6,720,342,171
P06,Encoding,enc_20,1,4,724.5,577.3,1094,294,147
P06,Encoding,enc_20,1,5,1351.0,270.5,1446,248,124
P06,Encoding,enc_20,1,6,1386.2,559.6,1755,364,182
P06,Encoding,enc_20,1,7,1338.8,557.1,2179,278,139
P06,Encoding,enc_20,1,8,695.6,783.4,2498,270,135
P06,Encoding,enc_20,1,9,1328.9,318.3,2799,436,218
P06,Encoding,enc_20,1,10,1326.0,538.2,3270,198,99
P06,Encoding,enc_20,1,11,1135.6,824.4,3506,258,129
P06,Retrieval,ret_01,1,1,923.4,534.8,49,542,271
P06,Retrieval,ret_01,1,2,1009.9,565.1,628,372,186
P06,Retrieval,ret_01,1,3,1019.9,794.2,1045,318,159
P06,Retrieval,ret_01,1,4,1192.4,746.0,1424,214,107
P06,Retrieval,ret_01,1,5,1016.9,535.0,1670,80,40
P06,Retrieval,ret_01,1,6,890.7,603.0,1801,418,209
P06,Retrieval,ret_01,1,7,1001.2,478.4,2271,350,175
P06,Retrieval,ret_01,1,8,957.1,512.0,2673,292,146
P06,Retrieval,ret_01,1,9,1160.0,283.7,3028,334,167
P06,Retrieval,ret_01,1,10,1009.2,573.4,3393,278,139
P06,Retrieval,ret_01,1,11,1130.7,332.9,3695,94,47
P06,Retrieval,ret_01,1,12,1116.5,663.3,3823,324,162
P06,Retrieval,ret_01,1,13,1159.4,315.6,4184,196,98
P06,Retrieval,ret_02,1,1,694.7,366.2,51,418,209
P06,Retrieval,ret_02,1,2,520.9,658.9,496,382,191
P06,Retrieval,ret_02,1,3,903.2,725.0,940,344,172
P06,Retrieval,ret_02,1,4,1030.7,532.4,1322,278,139
P06,Retrieval,ret_02,1,5,549.3,611.0,1635,364,182
P06,Retrieval,ret_02,1,6,856.1,674.3,2068,318,159
P06,Retrieval,ret_02,1,7,932.3,517.1,2412,306,153
P06,Retrieval,ret_02,1,8,719.8,358.5,2769,146,73
P06,Retrieval,ret_02,1,9,1027.2,583.4,2949,102,51
P06,Retrieval,ret_02,1,10,981.8,548.3,3082,376,188
P06,Retrieval,ret_02,1,11,1370.4,703.7,3494,458,229
P06,Retrieval,ret_02,1,12,837.5,666.2,3982,366,183
P06,Retrieval,ret_03,1,1,992.3,429.2,88,248,0
P06,Retrieval,ret_03,1,2,1042.5,384.6,385,134,0
P06,Retrieval,ret_03,1,3,975.1,473.0,554,358,0
P06,Retrieval,ret_03,1,4,1105.4,425.9,964,464,0
P06,Retrieval,ret_03,1,5,942.7,443.9,1453,466,0
P06,Retrieval,ret_03,1,6,703.8,386.0,1978,258,0
P06,Retrieval,ret_03,1,7,712.7,462.2,2283,284,0
P06,Retrieval,ret_03,1,8,947.5,246.0,2594,348,0
P06,Retrieval,ret_03,1,9,1016.8,550.8,2986,272,0
P06,Retrieval,ret_03,1,10,785.4,340.3,3303,368,0
P06,Retrieval,ret_03,1,11,796.5,393.8,3724,196,0
P06,Retrieval,ret_04,1,1,1046.5,391.8,96,460,230
P06,Retrieval,ret_04,1,2,1122.8,331.4,590,256,128
P06,Retrieval,ret_04,1,3,920.1,537.7,897,418,209
P06,Retrieval,ret_04,1,4,950.9,624.9,1377,394,197
P06,Retrieval,ret_04,1,5,1040.8,446.3,1810,236,118
P06,Retrieval,ret_04,1,6,1135.5,652.1,2105,146,73
P06,Retrieval,ret_04,1,7,917.6,570.6,2318,142,71
P06,Retrieval,ret_04,1,8,1181.7,703.5,2514,448,224
P06,Retrieval,ret_04,1,9,915.6,555.4,3021,372,186
P06,Retrieval,ret_04,1,10,1138.8,399.1,3445,400,200
P06,Retrieval,ret_04,1,11,974.4,544.4,3890,210,105
P06,Retrieval,ret_04,1,12,1377.2,876.1,4144,372,186
P06,Retrieval,ret_04,1,13,1146.3,662.3,4572,80,40
P06,Retrieval,ret_05,1,1,917.5,564.5,111,418,209
P06,Retrieval,ret_05,1,2,950.7,564.8,579,300,150
P06,Retrieval,ret_05,1,3,731.6,773.2,911,314,157
P06,Retrieval,ret_05,1,4,905.3,512.0,1281,212,106
P06,Retrieval,ret_05,1,5,1345.9,546.2,1533,194,97
P06,Retrieval,ret_05,1,6,477.1,252.6,1762,246,123
P06,Retrieval,ret_05,1,7,972.9,691.5,2038,268,134
P06,Retrieval,ret_05,1,8,705.8,699.7,2351,164,82
P06,Retrieval,ret_05,1,9,874.1,544.2,2554,306,153
P06,Retrieval,ret_05,1,10,946.0,487.2,2903,220,110
P06,Retrieval,ret_05,1,11,608.4,727.0,3152,248,124
P06,Retrieval,ret_05,1,12,953.5,580.5,3460,242,121
P06,Retrieval,ret_06,1,1,1010.1,531.9,54,268,134
P06,Retrieval,ret_06,1,2,258.3,992.5,355,328,164
P06,Retrieval,ret_06,1,3,546.0,90.4,751,206,103
P06,Retrieval,ret_06,1,4,680.6,592.7,1025,112,56
P06,Retrieval,ret_06,1,5,610.9,612.0,1206,282,141
P06,Retrieval,ret_06,1,6,607.5,627.3,1529,324,162
P06,Retrieval,ret_06,1,7,982.6,526.9,1884,264,132
P06,Retrieval,ret_06,1,8,1169.6,615.5,2202,434,217
P06,Retrieval,ret_06,1,9,963.3,542.2,2702,188,94
P06,Retrieval,ret_06,1,10,989.8,509.5,2936,260,130
P06,Retrieval,ret_06,1,11,948.2,535.2,3262,82,41
P06,Retrieval,ret_06,1,12,955.5,524.4,3386,196,98
P06,Retrieval,ret_07,1,1,1099.5,814.0,59,384,192
P06,Retrieval,ret_07,1,2,1046.0,729.9,506,384,192
P06,Retrieval,ret_07,1,3,1014.8,570.2,924,356,178
P06,Retrieval,ret_07,1,4,958.9,576.8,1315,222,111
P06,Retrieval,ret_07,1,5,1115.3,789.9,1575,256,128
P06,Retrieval,ret_07,1,6,956.0,353.1,1877,264,132
P06,Retrieval,ret_07,1,7,629.2,516.4,2178,248,124
P06,Retrieval,ret_07,1,8,774.4,236.4,2477,386,193
P06,Retrieval,ret_07,1,9,1132.5,825.6,2898,248,124
P06,Retrieval,ret_07,1,10,1034.3,332.3,3207,292,146
P06,Retrieval,ret_08,1,1,968.6,719.5,64,322,161
P06,Retrieval,ret_08,1,2,615.8,753.5,451,450,225
P06,Retrieval,ret_08,1,3,1048.1,670.3,948,304,152
P06,Retrieval,ret_08,1,4,602.9,821.9,1320,132,66
P06,Retrieval,ret_08,1,5,949.2,820.7,1495,146,73
P06,Retrieval,ret_08,1,6,1005.4,535.2,1688,334,167
P06,Retrieval,ret_08,1,7,1797.7,165.8,2075,182,91
P06,Retrieval,ret_08,1,8,773.0,876.1,2291,184,92
P06,Retrieval,ret_08,1,9,934.3,562.2,2520,442,221
P06,Retrieval,ret_08,1,10,1102.3,455.0,3018,382,191
P06,Retrieval,ret_08,1,11,509.7,213.9,3438,262,131
P06,Retrieval,ret_09,1,1,933.7,456.9,55,394,197
P06,Retrieval,ret_09,1,2,967.0,501.6,505,142,71
P06,Retrieval,ret_09,1,3,1508.6,99.0,675,158,79
P06,Retrieval,ret_09,1,4,1820.7,154.3,890,388,194
P06,Retrieval,ret_09,1,5,949.7,510.9,1320,234,117
P06,Retrieval,ret_09,1,6,1207.6,571.9,1607,324,162
P06,Retrieval,ret_09,1,7,950.3,558.8,1971,154,77
P06,Retrieval,ret_09,1,8,1244.7,427.5,2183,372,186
P06,Retrieval,ret_09,1,9,1207.7,540.0,2611,428,214
P06,Retrieval,ret_09,1,10,946.4,380.5,3096,150,75
P06,Retrieval,ret_10,1,1,770.4,706.3,46,388,194
P06,Retrieval,ret_10,1,2,894.6,434.1,460,88,44
P06,Retrieval,ret_10,1,3,876.3,421.9,607,290,145
P06,Retrieval,ret_10,1,4,980.9,447.5,943,214,107
P06,Retrieval,ret_10,1,5,981.1,622.1,1197,292,146
P06,Retrieval,ret_10,1,6,671.9,738.7,1515,266,133
P06,Retrieval,ret_10,1,7,881.2,400.4,1832,80,40
P06,Retrieval,ret_10,1,8,939.0,495.9,1945,346,173
P06,Retrieval,ret_10,1,9,1009.1,536.0,2335,464,232
P06,Retrieval,ret_10,1,10,724.8,268.6,2833,378,189
P06,Retrieval,ret_10,1,11,1237.1,565.7,3273,234,117
P06,Retrieval,ret_10,1,12,659.0,739.3,3536,256,128
P06,Retrieval,ret_11,1,1,1007.4,626.7,112,370,185
P06,Retrieval,ret_11,1,2,1340.6,263.3,538,332,166
P06,Retrieval,ret_11,1,3,920.7,366.4,926,432,216
P06,Retrieval,ret_11,1,4,731.8,551.1,1414,292,146
P06,Retrieval,ret_11,1,5,929.2,576.1,1763,332,166
P06,Retrieval,ret_11,1,6,975.2,599.8,2130,360,180
P06,Retrieval,ret_11,1,7,642.8,344.6,2516,242,121
P06,Retrieval,ret_11,1,8,881.1,310.3,2821,314,157
P06,Retrieval,ret_11,1,9,762.6,809.6,3185,374,187
P06,Retrieval,ret_11,1,10,1235.6,908.2,3618,348,174
P06,Retrieval,ret_11,1,11,852.0,299.5,3991,300,150
P06,Retrieval,ret_11,1,12,657.3,716.6,4316,254,127
P06,Retrieval,ret_11,1,13,1147.8,716.9,4627,272,136
P06,Retrieval,ret_12,1,1,643.9,341.6,58,144,72
P06,Retrieval,ret_12,1,2,607.9,393.8,257,300,150
P06,Retrieval,ret_12,1,3,1643.3,349.6,595,336,168
P06,Retrieval,ret_12,1,4,1086.2,792.9,985,324,162
P06,Retrieval,ret_12,1,5,961.7,266.1,1371,268,134
P06,Retrieval,ret_12,1,6,818.3,759.6,1685,248,124
P06,Retrieval,ret_12,1,7,1054.3,670.0,1984,318,159
P06,Retrieval,ret_12,1,8,823.0,797.0,2339,356,178
P06,Retrieval,ret_12,1,9,1068.2,334.0,2748,352,176
P06,Retrieval,ret_12,1,10,1079.2,297.8,3163,340,170
P06,Retrieval,ret_12,1,11,895.4,531.5,3550,382,191
P06,Retrieval,ret_12,1,12,960.2,428.4,3966,288,144
P06,Retrieval,ret_12,1,13,995.3,541.5,4302,226,113
P06,Retrieval,ret_13,1,1,540.3,679.3,103,418,209
P06,Retrieval,ret_13,1,2,1030.7,568.7,560,314,157
P06,Retrieval,ret_13,1,3,677.5,414.9,926,228,114
P06,Retrieval,ret_13,1,4,1199.4,530.9,1198,258,129
P06,Retrieval,ret_13,1,5,665.7,616.4,1494,410,205
P06,Retrieval,ret_13,1,6,964.9,531.7,1960,298,149
P06,Retrieval,ret_13,1,7,1266.5,265.0,2283,454,227
P06,Retrieval,ret_13,1,8,1192.9,682.0,2765,382,191
P06,Retrieval,ret_13,1,9,668.1,777.1,3216,194,97
P06,Retrieval,ret_13,1,10,1243.8,550.5,3476,208,104
P06,Retrieval,ret_14,1,1,1261.6,337.1,86,266,133
P06,Retrieval,ret_14,1,2,1295.9,375.9,383,350,175
P06,Retrieval,ret_14,1,3,1296.5,308.9,789,184,92
P06,Retrieval,ret_14,1,4,1304.2,322.6,1014,280,140
P06,Retrieval,ret_14,1,5,995.4,297.9,1318,226,113
P06,Retrieval,ret_14,1,6,1319.6,275.2,1597,174,87
P06,Retrieval,ret_14,1,7,1361.9,322.2,1818,138,69
P06,Retrieval,ret_14,1,8,1082.7,285.1,1991,372,186
P06,Retrieval,ret_14,1,9,689.9,649.5,2391,308,154
P06,Retrieval,ret_14,1,10,984.1,331.4,2753,336,168
P06,Retrieval,ret_14,1,11,1246.2,336.1,3114,278,139
P06,Retrieval,ret_14,1,12,945.0,331.5,3448,214,107
P06,Retrieval,ret_14,1,13,801.1,458.8,3705,306,153
P06,Retrieval,ret_15,1,1,803.0,768.9,51,198,99
P06,Retrieval,ret_15,1,2,563.9,597.2,307,300,150
P06,Retrieval,ret_15,1,3,743.9,997.1,665,336,168
P06,Retrieval,ret_15,1,4,1324.5,66.5,1059,206,103
P06,Retrieval,ret_15,1,5,751.7,819.8,1327,182,91
P06,Retrieval,ret_15,1,6,856.3,585.7,1544,356,178
P06,Retrieval,ret_15,1,7,1266.8,902.8,1946,290,145
P06,Retrieval,ret_15,1,8,935.6,550.7,2294,388,194
P06,Retrieval,ret_15,1,9,716.8,262.1,2725,294,147
P06,Retrieval,ret_15,1,10,1039.4,518.4,3070,366,183
P06,Retrieval,ret_16,1,1,1169.6,632.6,64,284,142
P06,Retrieval,ret_16,1,2,879.2,323.5,393,180,90
P06,Retrieval,ret_16,1,3,983.9,588.2,631,224,112
P06,Retrieval,ret_16,1,4,1278.7,623.3,912,178,89
P06,Retrieval,ret_16,1,5,959.9,442.7,1122,294,147
P06,Retrieval,ret_16,1,6,899.1,232.1,1441,326,163
P06,Retrieval,ret_16,1,7,1004.5,506.6,1808,266,133
P06,Retrieval,ret_16,1,8,1015.5,508.8,2099,418,209
P06,Retrieval,ret_16,1,9,795.2,696.9,2549,304,152
P06,Retrieval,ret_16,1,10,905.2,461.6,2893,244,122
P06,Retrieval,ret_16,1,11,1195.9,729.9,3202,266,133
P06,Retrieval,ret_17,1,1,1384.8,706.2,56,80,40
P06,Retrieval,ret_17,1,2,1090.7,303.6,196,410,205
P06,Retrieval,ret_17,1,3,919.7,523.2,675,234,117
P06,Retrieval,ret_17,1,4,883.7,658.3,957,360,180
P06,Retrieval,ret_17,1,5,1365.7,675.7,1378,150,75
P06,Retrieval,ret_17,1,6,951.2,581.0,1557,436,218
P06,Retrieval,ret_17,1,7,988.1,514.0,2058,384,192
P06,Retrieval,ret_17,1,8,688.8,408.6,2482,266,133
P06,Retrieval,ret_17,1,9,669.6,434.5,2795,244,122
P06,Retrieval,ret_17,1,10,1074.8,644.4,3078,280,140
P06,Retrieval,ret_17,1,11,961.6,552.1,3392,392,196
P06,Retrieval,ret_17,1,12,1386.4,707.7,3834,342,171
P06,Retrieval,ret_18,1,1,1345.6,294.4,115,318,159
P06,Retrieval,ret_18,1,2,928.1,593.6,477,222,111
P06,Retrieval,ret_18,1,3,1001.2,593.0,750,184,92
P06,Retrieval,ret_18,1,4,642.3,849.7,960,246,123
P06,Retrieval,ret_18,1,5,1324.9,312.3,1267,204,102
P06,Retrieval,ret_18,1,6,660.8,561.6,1522,238,119
P06,Retrieval,ret_18,1,7,1320.1,492.1,1809,268,134
P06,Retrieval,ret_18,1,8,1349.6,498.0,2113,540,270
P06,Retrieval,ret_18,1,9,731.3,557.0,2680,196,98
P06,Retrieval,ret_18,1,10,1345.1,355.1,2901,208,104
P06,Retrieval,ret_18,1,11,615.5,826.1,3159,282,141
P06,Retrieval,ret_19,1,1,1044.8,236.8,78,314,157
P06,Retrieval,ret_19,1,2,912.9,568.8,426,106,53
P06,Retrieval,ret_19,1,3,893.6,722.6,594,280,140
P06,Retrieval,ret_19,1,4,1309.4,634.3,906,316,158
P06,Retrieval,ret_19,1,5,1340.6,711.6,1265,314,157
P06,Retrieval,ret_19,1,6,1402.8,417.9,1627,322,161
P06,Retrieval,ret_19,1,7,881.2,768.9,2012,292,146
P06,Retrieval,ret_19,1,8,957.1,529.2,2365,202,101
P06,Retrieval,ret_19,1,9,968.3,504.6,2624,314,157
P06,Retrieval,ret_19,1,10,1261.5,233.5,3006,308,154
P06,Retrieval,ret_20,1,1,695.8,671.5,110,410,205
P06,Retrieval,ret_20,1,2,780.8,692.8,567,398,199
P06,Retrieval,ret_20,1,3,1009.3,482.8,1017,352,176
P06,Retrieval,ret_20,1,4,694.4,730.2,1429,252,126
P06,Retrieval,ret_20,1,5,689.9,712.8,1721,282,141
P06,Retrieval,ret_20,1,6,762.0,446.8,2042,166,83
P06,Retrieval,ret_20,1,7,767.2,740.5,2260,188,94
P06,Retrieval,ret_20,1,8,1196.1,94.1,2476,398,199
P06,Retrieval,ret_20,1,9,79.8,545.7,2915,226,113
P06,Retrieval,ret_20,1,10,983.8,574.1,3166,220,110
P06,Retrieval,ret_20,1,11,927.2,689.2,3435,272,136
P07,Encoding,enc_01,1,1,581.4,370.5,111,404,202
P07,Encoding,enc_01,1,2,718.7,547.1,539,222,111
P07,Encoding,enc_01,1,3,723.8,488.5,817,292,146
P07,Encoding,enc_01,1,4,916.2,312.4,1165,358,179
P07,Encoding,enc_01,1,5,1066.6,757.1,1586,310,155
P07,Encoding,enc_01,1,6,1107.1,689.5,1939,328,164
P07,Encoding,enc_01,1,7,731.9,558.8,2305,458,229
P07,Encoding,enc_01,1,8,874.6,300.1,2810,432,216
P07,Encoding,enc_02,1,1,1314.6,298.0,114,398,199
P07,Encoding,enc_02,1,2,727.4,689.9,581,412,206
P07,Encoding,enc_02,1,3,1183.0,656.0,1037,278,139
P07,Encoding,enc_02,1,4,1076.3,610.9,1356,460,230
P07,Encoding,enc_02,1,5,1215.2,349.4,1862,388,194
P07,Encoding,enc_02,1,6,784.9,401.9,2312,236,118
P07,Encoding,enc_02,1,7,677.9,731.6,2609,310,155
P07,Encoding,enc_02,1,8,1194.7,767.9,2963,270,135
P07,Encoding,enc_02,1,9,717.7,685.3,3269,306,153
P07,Encoding,enc_02,1,10,803.1,417.5,3605,282,141
P07,Encoding,enc_02,1,11,999.3,293.1,3935,220,110
P07,Encoding,enc_03,1,1,1356.0,627.3,73,278,139
P07,Encoding,enc_03,1,2,689.5,448.1,394,294,147
P07,Encoding,enc_03,1,3,1377.0,693.3,751,162,81
P07,Encoding,enc_03,1,4,1357.9,757.8,974,248,124
P07,Encoding,enc_03,1,5,1380.6,668.1,1259,260,130
P07,Encoding,enc_03,1,6,727.0,449.2,1553,196,98
P07,Encoding,enc_03,1,7,76.6,906.0,1782,282,141
P07,Encoding,enc_03,1,8,660.8,433.4,2096,128,64
P07,Encoding,enc_03,1,9,1387.0,649.1,2288,260,130
P07,Encoding,enc_04,1,1,757.7,731.4,94,190,95
P07,Encoding,enc_04,1,2,1091.6,539.1,323,242,121
P07,Encoding,enc_04,1,3,1121.8,592.8,614,276,138
P07,Encoding,enc_04,1,4,915.7,687.0,916,320,160
P07,Encoding,enc_04,1,5,903.9,482.6,1265,122,61
P07,Encoding,enc_04,1,6,892.2,450.3,1423,300,150
P07,Encoding,enc_04,1,7,1108.9,522.7,1751,442,221
P07,Encoding,enc_04,1,8,744.8,646.2,2238,290,145
P07,Encoding,enc_04,1,9,959.6,714.1,2588,358,179
P07,Encoding,enc_04,1,10,939.2,700.7,3014,218,109
P07,Encoding,enc_04,1,11,902.4,470.2,3257,430,215
P07,Encoding,enc_04,1,12,1104.7,564.3,3712,312,156
P07,Encoding,enc_04,1,13,708.9,365.8,4069,328,164
P07,Encoding,enc_05,1,1,714.9,248.5,60,288,144
P07,Encoding,enc_05,1,2,663.3,545.8,395,226,113
P07,Encoding,enc_05,1,3,816.0,531.5,662,408,204
P07,Encoding,enc_05,1,4,716.5,223.4,1124,428,214
P07,Encoding,enc_05,1,5,642.0,565.5,1588,346,173
P07,Encoding,enc_05,1,6,1081.7,715.6,1994,328,164
P07,Encoding,enc_05,1,7,1359.6,359.5,2390,308,154
P07,Encoding,enc_05,1,8,1216.2,553.5,2759,262,131
P07,Encoding,enc_05,1,9,1084.6,767.2,3075,276,138
P07,Encoding,enc_05,1,10,723.3,245.9,3381,290,145
P07,Encoding,enc_05,1,11,814.6,582.2,3711,304,152
P07,Encoding,enc_06,1,1,740.6,322.6,93,402,201
P07,Encoding,enc_06,1,2,1110.5,647.3,520,256,128
P07,Encoding,enc_06,1,3,1230.1,281.9,804,218,109
P07,Encoding,enc_06,1,4,1095.4,676.2,1049,286,143
P07,Encoding,enc_06,1,5,788.9,740.3,1402,400,200
P07,Encoding,enc_06,1,6,1356.3,650.8,1857,366,183
P07,Encoding,enc_06,1,7,1285.0,270.6,2265,426,213
P07,Encoding,enc_06,1,8,1118.4,641.1,2719,196,98
P07,Encoding,enc_06,1,9,803.9,359.5,2982,270,135
P07,Encoding,enc_06,1,10,1342.4,654.2,3305,178,89
P07,Encoding,enc_06,1,11,1805.3,174.8,3511,282,141
P07,Encoding,enc_06,1,12,806.8,326.5,3846,314,157
P07,Encoding,enc_06,1,13,1070.9,543.2,4200,274,137
P07,Encoding,enc_06,1,14,781.4,319.3,4515,246,123
P07,Encoding,enc_06,1,15,841.2,356.1,4797,352,176
P07,Encoding,enc_07,1,1,1044.0,598.4,51,194,97
P07,Encoding,enc_07,1,2,815.6,747.9,276,190,95
P07,Encoding,enc_07,1,3,799.3,757.0,505,446,223
P07,Encoding,enc_07,1,4,657.3,390.4,1016,364,182
P07,Encoding,enc_07,1,5,1129.4,656.1,1421,304,152
P07,Encoding,enc_07,1,6,608.7,365.3,1771,324,162
P07,Encoding,enc_07,1,7,1113.6,671.0,2128,204,102
P07,Encoding,enc_07,1,8,831.8,791.4,2379,240,120
P07,Encoding,enc_07,1,9,412.5,221.1,2685,114,57
P07,Encoding,enc_07,1,10,1131.6,625.8,2857,320,160
P07,Encoding,enc_07,1,11,1039.2,609.7,3206,314,157
P07,Encoding,enc_07,1,12,617.8,500.9,3564,220,110
P07,Encoding,enc_08,1,1,1115.6,314.0,47,346,173
P07,Encoding,enc_08,1,2,1304.9,544.8,434,240,120
P07,Encoding,enc_08,1,3,837.8,809.1,721,322,161
P07,Encoding,enc_08,1,4,389.0,1025.6,1102,226,113
P07,Encoding,enc_08,1,5,969.6,301.6,1352,330,165
P07,Encoding,enc_08,1,6,1038.4,353.3,1751,214,107
P07,Encoding,enc_08,1,7,1042.3,308.6,1990,386,193
P07,Encoding,enc_08,1,8,1015.4,338.7,2403,108,54
P07,Encoding,enc_08,1,9,667.6,405.9,2548,322,161
P07,Encoding,enc_08,1,10,1206.8,509.3,2917,234,117
P07,Encoding,enc_08,1,11,1030.9,365.8,3209,300,150
P07,Encoding,enc_08,1,12,685.7,408.5,3545,312,156
P07,Encoding,enc_08,1,13,546.6,459.9,3916,196,98
P07,Encoding,enc_08,1,14,1002.2,374.0,4141,218,109
P07,Encoding,enc_08,1,15,1045.5,642.8,4414,394,197
P07,Encoding,enc_09,1,1,1112.3,660.9,99,100,50
P07,Encoding,enc_09,1,2,1054.1,430.9,242,244,122
P07,Encoding,enc_09,1,3,1204.1,284.5,544,292,146
P07,Encoding,enc_09,1,4,1219.8,310.7,887,236,118
P07,Encoding,enc_09,1,5,695.1,716.4,1180,196,98
P07,Encoding,enc_09,1,6,1236.2,317.5,1423,190,95
P07,Encoding,enc_09,1,7,866.9,686.0,1657,362,181
P07,Encoding,enc_09,1,8,1114.0,703.4,2083,314,157
P07,Encoding,enc_09,1,9,1191.0,346.0,2441,240,120
P07,Encoding,enc_09,1,10,1065.6,392.9,2728,220,110
P07,Encoding,enc_09,1,11,1102.1,376.9,3017,240,120
P07,Encoding,enc_09,1,12,731.7,267.8,3322,274,137
P07,Encoding,enc_10,1,1,1324.0,315.3,90,230,115
P07,Encoding,enc_10,1,2,1332.7,301.8,388,252,126
P07,Encoding,enc_10,1,3,1313.2,520.1,681,430,215
P07,Encoding,enc_10,1,4,619.9,200.8,1168,260,130
P07,Encoding,enc_10,1,5,1041.6,501.2,1457,292,146
P07,Encoding,enc_10,1,6,1047.7,463.6,1806,230,115
P07,Encoding,enc_10,1,7,1348.9,552.0,2075,234,117
P07,Encoding,enc_10,1,8,692.6,864.5,2349,302,151
P07,Encoding,enc_10,1,9,1336.8,584.2,2707,390,195
P07,Encoding,enc_10,1,10,722.1,590.5,3165,348,174
P07,Encoding,enc_10,1,11,1375.1,505.3,3552,262,131
P07,Encoding,enc_10,1,12,1319.4,569.2,3867,406,203
P07,Encoding,enc_10,1,13,1363.2,266.5,4316,202,101
P07,Encoding,enc_11,1,1,1363.5,422.3,110,186,93
P07,Encoding,enc_11,1,2,800.1,722.2,360,272,136
P07,Encoding,enc_11,1,3,802.8,707.4,701,210,105
P07,Encoding,enc_11,1,4,750.7,436.8,945,372,186
P07,Encoding,enc_11,1,5,1319.1,740.3,1373,80,40
P07,Encoding,enc_11,1,6,1354.0,411.7,1501,306,153
P07,Encoding,enc_11,1,7,1288.4,736.1,1859,98,49
P07,Encoding,enc_11,1,8,799.2,473.8,1995,248,124
P07,Encoding,enc_11,1,9,1372.3,417.6,2292,80,40
P07,Encoding,enc_11,1,10,718.8,699.6,2403,342,171
P07,Encoding,enc_11,1,11,717.6,473.8,2811,272,136
P07,Encoding,enc_11,1,12,581.1,188.5,3112,156,78
P07,Encoding,enc_11,1,13,772.2,725.5,3312,336,168
P07,Encoding,enc_12,1,1,1353.4,432.9,62,326,163
P07,Encoding,enc_12,1,2,1397.2,852.8,450,304,152
P07,Encoding,enc_12,1,3,970.8,604.0,819,196,98
P07,Encoding,enc_12,1,4,1146.0,344.3,1055,254,127
P07,Encoding,enc_12,1,5,1190.0,161.9,1339,280,140
P07,Encoding,enc_12,1,6,1160.5,377.8,1645,332,166
P07,Encoding,enc_12,1,7,1287.3,411.3,2015,158,79
P07,Encoding,enc_12,1,8,882.6,238.5,2223,328,164
P07,Encoding,enc_12,1,9,1272.6,423.9,2616,158,79
P07,Encoding,enc_12,1,10,594.3,835.8,2841,312,156
P07,Encoding,enc_12,1,11,558.9,712.1,3198,352,176
P07,Encoding,enc_14,1,1,744.8,858.5,93,264,132
P07,Encoding,enc_14,1,2,967.0,382.9,386,222,111
P07,Encoding,enc_14,1,3,947.8,353.9,662,314,157
P07,Encoding,enc_14,1,4,936.7,376.8,1001,284,142
P07,Encoding,enc_14,1,5,939.8,797.3,1350,156,78
P07,Encoding,enc_14,1,6,903.2,372.7,1543,326,163
P07,Encoding,enc_14,1,7,522.6,653.9,1903,184,92
P07,Encoding,enc_14,1,8,554.7,454.4,2115,164,82
P07,Encoding,enc_14,1,9,522.1,644.1,2345,446,223
P07,Encoding,enc_14,1,10,915.0,825.6,2848,190,95
P07,Encoding,enc_14,1,11,867.1,596.9,3084,316,158
P07,Encoding,enc_14,1,12,305.6,65.7,3465,350,175
P07,Encoding,enc_14,1,13,752.3,1038.1,3858,202,101
P07,Encoding,enc_14,1,14,546.5,648.9,4094,282,141
P07,Encoding,enc_15,1,1,1174.9,649.2,100,296,148
P07,Encoding,enc_15,1,2,688.2,697.8,427,146,73
P07,Encoding,enc_15,1,3,629.7,685.9,633,320,160
P07,Encoding,enc_15,1,4,1242.5,289.6,1007,220,110
P07,Encoding,enc_15,1,5,1236.4,473.3,1283,152,76
P07,Encoding,enc_15,1,6,705.8,410.1,1468,292,146
P07,Encoding,enc_15,1,7,689.9,418.2,1784,316,158
P07,Encoding,enc_15,1,8,599.0,479.0,2135,362,181
P07,Encoding,enc_15,1,9,685.7,402.7,2522,368,184
P07,Encoding,enc_15,1,10,598.8,668.3,2933,302,151
P07,Encoding,enc_15,1,11,662.1,433.8,3304,340,170
P07,Encoding,enc_15,1,12,1178.7,741.2,3671,306,153
P07,Encoding,enc_16,1,1,687.2,552.8,62,284,142
P07,Encoding,enc_16,1,2,913.9,321.8,390,142,71
P07,Encoding,enc_16,1,3,918.6,418.9,587,268,134
P07,Encoding,enc_16,1,4,1232.9,671.8,914,318,159
P07,Encoding,enc_16,1,5,1207.4,643.3,1288,328,164
P07,Encoding,enc_16,1,6,1244.5,646.0,1658,324,162
P07,Encoding,enc_16,1,7,1520.3,205.8,2033,364,182
P07,Encoding,enc_16,1,8,1275.9,657.1,2443,402,201
P07,Encoding,enc_16,1,9,688.7,549.2,2877,318,159
P07,Encoding,enc_16,1,10,906.1,325.3,3247,364,182
P07,Encoding,enc_17,1,1,1329.7,685.4,73,352,176
P07,Encoding,enc_17,1,2,664.7,701.6,465,180,90
P07,Encoding,enc_17,1,3,592.7,652.6,677,388,194
P07,Encoding,enc_17,1,4,1316.4,329.1,1108,212,106
P07,Encoding,enc_17,1,5,630.4,699.3,1374,294,147
P07,Encoding,enc_17,1,6,1199.2,283.2,1694,154,77
P07,Encoding,enc_17,1,7,908.1,655.8,1905,196,98
P07,Encoding,enc_17,1,8,1251.8,347.6,2167,376,188
P07,Encoding,enc_17,1,9,972.8,630.8,2578,346,173
P07,Encoding,enc_18,1,1,631.0,539.7,119,176,88
P07,Encoding,enc_18,1,2,622.1,519.9,336,344,172
P07,Encoding,enc_18,1,3,1240.7,669.6,729,386,193
P07,Encoding,enc_18,1,4,646.7,487.1,1163,238,119
P07,Encoding,enc_18,1,5,770.8,622.5,1466,344,172
P07,Encoding,enc_18,1,6,810.5,614.8,1845,352,176
P07,Encoding,enc_18,1,7,533.5,897.6,2242,418,209
P07,Encoding,enc_18,1,8,619.8,495.8,2706,222,111
P07,Encoding,enc_18,1,9,1210.4,664.6,2970,426,213
P07,Encoding,enc_18,1,10,839.2,591.5,3456,300,150
P07,Encoding,enc_18,1,11,628.7,489.8,3823,418,209
P07,Encoding,enc_19,1,1,1169.7,364.5,75,290,145
P07,Encoding,enc_19,1,2,1688.2,401.5,418,130,65
P07,Encoding,enc_19,1,3,571.3,771.4,587,246,123
P07,Encoding,enc_19,1,4,1653.7,790.1,860,374,187
P07,Encoding,enc_19,1,5,1226.6,486.1,1270,316,158
P07,Encoding,enc_19,1,6,764.5,362.3,1628,232,116
P07,Encoding,enc_19,1,7,1237.4,505.2,1915,292,146
P07,Encoding,enc_19,1,8,800.7,636.7,2260,162,81
P07,Encoding,enc_19,1,9,1156.4,190.1,2489,234,117
P07,Encoding,enc_19,1,10,1188.8,446.1,2787,348,174
P07,Encoding,enc_19,1,11,821.3,354.4,3169,416,208
P07,Encoding,enc_20,1,1,1259.2,564.4,106,320,160
P07,Encoding,enc_20,1,2,1181.5,774.4,475,250,125
P07,Encoding,enc_20,1,3,672.0,621.9,770,288,144
P07,Encoding,enc_20,1,4,1231.6,511.3,1120,474,237
P07,Encoding,enc_20,1,5,984.1,546.8,1659,232,116
P07,Encoding,enc_20,1,6,1218.6,561.7,1922,250,125
P07,Encoding,enc_20,1,7,1309.5,538.3,2231,210,105
P07,Encoding,enc_20,1,8,666.3,606.1,2497,398,199
P07,Encoding,enc_20,1,9,1321.4,566.5,2962,410,205
P07,Encoding,enc_20,1,10,987.2,516.9,3439,312,156
P07,Encoding,enc_20,1,11,1164.9,769.7,3778,220,110
P07,Encoding,enc_20,1,12,700.3,621.5,4022,364,182
P07,Retrieval,ret_01,1,1,1118.7,733.1,94,260,130
P07,Retrieval,ret_01,1,2,860.8,361.1,420,330,165
P07,Retrieval,ret_01,1,3,879.5,475.0,818,138,69
P07,Retrieval,ret_01,1,4,890.8,335.9,1025,366,183
P07,Retrieval,ret_01,1,5,832.5,325.3,1428,360,180
P07,Retrieval,ret_01,1,6,676.0,563.6,1856,236,118
P07,Retrieval,ret_01,1,7,923.9,583.7,2132,316,158
P07,Retrieval,ret_01,1,8,726.3,496.1,2496,416,208
P07,Retrieval,ret_01,1,9,729.0,533.0,2955,204,102
P07,Retrieval,ret_01,1,10,899.0,278.7,3224,386,193
P07,Retrieval,ret_01,1,11,313.2,843.1,3673,310,155
P07,Retrieval,ret_01,1,12,879.4,315.9,4040,348,174
P07,Retrieval,ret_01,1,13,955.8,492.8,4426,188,94
P07,Retrieval,ret_02,1,1,703.0,436.5,69,336,168
P07,Retrieval,ret_02,1,2,915.6,472.1,459,412,206
P07,Retrieval,ret_02,1,3,1119.4,449.9,896,376,188
P07,Retrieval,ret_02,1,4,1025.1,364.5,1300,160,80
P07,Retrieval,ret_02,1,5,907.8,358.1,1526,328,164
P07,Retrieval,ret_02,1,6,959.9,487.8,1882,176,88
P07,Retrieval,ret_02,1,7,966.6,482.2,2119,422,211
P07,Retrieval,ret_02,1,8,867.6,520.5,2607,336,168
P07,Retrieval,ret_02,1,9,995.5,672.7,2992,318,159
P07,Retrieval,ret_02,1,10,976.1,377.1,3368,550,275
P07,Retrieval,ret_02,1,11,369.1,1026.2,3950,338,169
P07,Retrieval,ret_02,1,12,955.1,574.1,4316,326,163
P07,Retrieval,ret_02,1,13,955.7,578.6,4704,298,149
P07,Retrieval,ret_02,1,14,965.4,249.0,5060,392,196
P07,Retrieval,ret_02,1,15,931.4,529.8,5509,334,167
P07,Retrieval,ret_03,1,1,1122.6,753.8,110,362,181
P07,Retrieval,ret_03,1,2,759.2,380.0,503,150,75
P07,Retrieval,ret_03,1,3,654.6,334.6,691,130,65
P07,Retrieval,ret_03,1,4,594.4,516.6,852,236,118
P07,Retrieval,ret_03,1,5,663.9,389.7,1115,274,137
P07,Retrieval,ret_03,1,6,1001.2,593.8,1455,416,208
P07,Retrieval,ret_03,1,7,963.2,776.3,1926,220,110
P07,Retrieval,ret_03,1,8,953.0,518.7,2173,116,58
P07,Retrieval,ret_03,1,9,921.5,580.5,2334,524,262
P07,Retrieval,ret_03,1,10,991.7,518.3,2883,210,105
P07,Retrieval,ret_04,1,1,1269.6,453.1,50,156,78
P07,Retrieval,ret_04,1,2,994.8,242.0,246,170,85
P07,Retrieval,ret_04,1,3,708.1,240.6,453,312,156
P07,Retrieval,ret_04,1,4,943.4,583.3,822,262,131
P07,Retrieval,ret_04,1,5,1001.0,689.7,1119,256,128
P07,Retrieval,ret_04,1,6,869.8,164.1,1419,218,109
P07,Retrieval,ret_04,1,7,632.6,807.7,1702,92,46
P07,Retrieval,ret_04,1,8,1171.6,636.5,1828,338,169
P07,Retrieval,ret_04,1,9,1216.2,712.3,2231,236,118
P07,Retrieval,ret_04,1,10,1085.4,618.3,2518,250,125
P07,Retrieval,ret_04,1,11,1461.1,772.7,2794,298,149
P07,Retrieval,ret_05,1,1,1090.4,407.7,40,272,136
P07,Retrieval,ret_05,1,2,1147.7,453.7,347,292,146
P07,Retrieval,ret_05,1,3,859.1,707.7,696,268,134
P07,Retrieval,ret_05,1,4,368.9,84.7,1016,362,181
P07,Retrieval,ret_05,1,5,1095.1,637.2,1435,294,147
P07,Retrieval,ret_05,1,6,709.3,700.5,1784,200,100
P07,Retrieval,ret_05,1,7,1083.8,371.7,2012,302,151
P07,Retrieval,ret_05,1,8,687.8,681.2,2353,266,133
P07,Retrieval,ret_05,1,9,1179.0,353.7,2674,292,146
P07,Retrieval,ret_05,1,10,976.8,497.0,3011,130,65
P07,Retrieval,ret_05,1,11,1796.9,1055.8,3202,432,216
P07,Retrieval,ret_06,1,1,945.1,298.2,69,336,168
P07,Retrieval,ret_06,1,2,1206.3,622.7,435,320,160
P07,Retrieval,ret_06,1,3,1203.8,972.1,807,244,122
P07,Retrieval,ret_06,1,4,946.7,570.6,1079,272,136
P07,Retrieval,ret_06,1,5,946.3,385.9,1384,200,100
P07,Retrieval,ret_06,1,6,1252.2,641.7,1615,390,195
P07,Retrieval,ret_06,1,7,995.1,614.4,2063,436,218
P07,Retrieval,ret_06,1,8,1202.2,664.5,2541,262,131
P07,Retrieval,ret_06,1,9,942.5,502.6,2869,116,58
P07,Retrieval,ret_06,1,10,1235.1,654.2,3034,216,108
P07,Retrieval,ret_06,1,11,912.8,579.6,3303,254,127
P07,Retrieval,ret_06,1,12,868.9,335.2,3589,396,198
P07,Retrieval,ret_06,1,13,994.8,604.7,4044,238,119
P07,Retrieval,ret_06,1,14,962.4,357.3,4324,342,171
P07,Retrieval,ret_07,1,1,986.4,524.1,111,220,110
P07,Retrieval,ret_07,1,2,1530.2,86.6,373,162,81
P07,Retrieval,ret_07,1,3,672.1,389.0,588,232,116
P07,Retrieval,ret_07,1,4,1001.7,577.1,862,364,182
P07,Retrieval,ret_07,1,5,578.7,784.7,1256,142,71
P07,Retrieval,ret_07,1,6,1353.0,703.4,1438,294,147
P07,Retrieval,ret_07,1,7,1019.3,309.8,1800,276,138
P07,Retrieval,ret_07,1,8,652.5,317.7,2137,348,174
P07,Retrieval,ret_07,1,9,1317.2,479.1,2522,366,183
P07,Retrieval,ret_07,1,10,623.7,463.2,2943,252,126
P07,Retrieval,ret_07,1,11,654.9,454.4,3255,290,145
P07,Retrieval,ret_07,1,12,1448.6,657.5,3613,294,147
P07,Retrieval,ret_08,1,1,1315.3,366.6,115,326,163
P07,Retrieval,ret_08,1,2,992.6,612.7,470,500,250
P07,Retrieval,ret_08,1,3,1338.7,233.5,1000,314,157
P07,Retrieval,ret_08,1,4,1338.9,324.3,1338,288,144
P07,Retrieval,ret_08,1,5,1328.6,315.7,1667,150,75
P07,Retrieval,ret_08,1,6,1102.2,258.1,1865,312,156
P07,Retrieval,ret_08,1,7,1407.5,480.9,2243,116,58
P07,Retrieval,ret_08,1,8,1311.2,577.8,2390,346,173
P07,Retrieval,ret_08,1,9,1357.5,551.5,2769,348,174
P07,Retrieval,ret_08,1,10,1342.8,588.0,3144,148,74
P07,Retrieval,ret_09,1,1,651.3,658.1,93,406,203
P07,Retrieval,ret_09,1,2,1205.4,318.6,530,80,40
P07,Retrieval,ret_09,1,3,1314.1,324.0,663,356,178
P07,Retrieval,ret_09,1,4,908.1,518.6,1050,340,170
P07,Retrieval,ret_09,1,5,609.2,591.6,1456,324,162
P07,Retrieval,ret_09,1,6,1284.1,301.8,1805,248,124
P07,Retrieval,ret_09,1,7,945.6,536.1,2087,400,200
P07,Retrieval,ret_09,1,8,1302.4,734.7,2544,230,115
P07,Retrieval,ret_09,1,9,1195.0,270.8,2812,432,216
P07,Retrieval,ret_09,1,10,1246.4,382.5,3300,284,142
P07,Retrieval,ret_10,1,1,507.6,816.2,44,414,207
P07,Retrieval,ret_10,1,2,901.5,665.2,499,382,191
P07,Retrieval,ret_10,1,3,783.4,746.2,938,324,162
P07,Retrieval,ret_10,1,4,862.4,472.0,1317,170,85
P07,Retrieval,ret_10,1,5,967.2,550.1,1546,286,143
P07,Retrieval,ret_10,1,6,1108.3,545.1,1892,356,178
P07,Retrieval,ret_10,1,7,875.9,521.4,2279,496,248
P07,Retrieval,ret_10,1,8,931.7,725.3,2822,374,187
P07,Retrieval,ret_10,1,9,1112.5,601.1,3235,292,146
P07,Retrieval,ret_11,1,1,938.5,529.3,111,232,116
P07,Retrieval,ret_11,1,2,1346.0,422.7,368,334,167
P07,Retrieval,ret_11,1,3,813.2,832.0,762,450,225
P07,Retrieval,ret_11,1,4,788.5,709.3,1267,124,62
P07,Retrieval,ret_11,1,5,1612.7,971.4,1436,154,77
P07,Retrieval,ret_11,1,6,1200.6,434.5,1622,310,155
P07,Retrieval,ret_11,1,7,743.0,873.7,1999,242,121
P07,Retrieval,ret_11,1,8,960.1,166.6,2268,342,171
P07,Retrieval,ret_11,1,9,547.1,559.2,2652,330,165
P07,Retrieval,ret_11,1,10,785.4,714.6,3019,250,125
P07,Retrieval,ret_11,1,11,923.1,471.2,3311,246,123
P07,Retrieval,ret_12,1,1,599.5,465.3,49,344,172
P07,Retrieval,ret_12,1,2,1005.2,552.3,462,128,64
P07,Retrieval,ret_12,1,3,1218.9,712.8,625,262,131
P07,Retrieval,ret_12,1,4,1216.1,631.6,953,242,121
P07,Retrieval,ret_12,1,5,1229.4,570.3,1238,444,222
P07,Retrieval,ret_12,1,6,1003.9,515.3,1729,306,153
P07,Retrieval,ret_12,1,7,919.5,479.8,2062,234,117
P07,Retrieval,ret_12,1,8,619.7,532.3,2364,254,127
P07,Retrieval,ret_12,1,9,626.9,551.8,2660,358,179
P07,Retrieval,ret_12,1,10,580.1,486.1,3044,176,88
P07,Retrieval,ret_12,1,11,684.7,537.0,3284,292,146
P07,Retrieval,ret_12,1,12,953.0,579.7,3630,264,132
P07,Retrieval,ret_13,1,1,592.2,439.2,40,470,235
P07,Retrieval,ret_13,1,2,737.7,308.3,579,384,192
P07,Retrieval,ret_13,1,3,1803.5,727.1,1016,336,168
P07,Retrieval,ret_13,1,4,737.9,293.3,1402,440,220
P07,Retrieval,ret_13,1,5,1415.7,366.7,1897,272,136
P07,Retrieval,ret_13,1,6,702.3,240.3,2226,166,83
P07,Retrieval,ret_13,1,7,779.7,211.0,2431,246,123
P07,Retrieval,ret_13,1,8,782.4,480.0,2720,262,131
P07,Retrieval,ret_13,1,9,778.2,530.4,3008,238,119
P07,Retrieval,ret_13,1,10,867.7,472.0,3300,136,68
P07,Retrieval,ret_13,1,11,958.9,500.5,3485,520,260
P07,Retrieval,ret_14,1,1,1141.0,311.9,97,308,154
P07,Retrieval,ret_14,1,2,999.8,553.3,444,280,140
P07,Retrieval,ret_14,1,3,1156.6,167.3,759,214,107
P07,Retrieval,ret_14,1,4,1279.2,384.6,1002,202,101
P07,Retrieval,ret_14,1,5,1196.3,183.0,1230,282,141
P07,Retrieval,ret_14,1,6,846.5,192.6,1580,274,137
P07,Retrieval,ret_14,1,7,947.1,511.9,1884,262,131
P07,Retrieval,ret_14,1,8,948.5,220.2,2206,224,112
P07,Retrieval,ret_14,1,9,1346.7,427.1,2468,224,112
P07,Retrieval,ret_14,1,10,1017.0,538.2,2723,242,121
P07,Retrieval,ret_14,1,11,588.4,760.1,3012,322,161
P07,Retrieval,ret_14,1,12,572.6,793.0,3394,338,169
P07,Retrieval,ret_15,1,1,1180.4,441.3,87,350,175
P07,Retrieval,ret_15,1,2,803.2,583.8,468,232,116
P07,Retrieval,ret_15,1,3,779.8,666.5,741,352,176
P07,Retrieval,ret_15,1,4,916.8,579.2,1122,300,150
P07,Retrieval,ret_15,1,5,961.3,518.6,1471,406,203
P07,Retrieval,ret_15,1,6,1762.9,557.7,1901,228,114
P07,Retrieval,ret_15,1,7,749.0,366.1,2196,238,119
P07,Retrieval,ret_15,1,8,1035.3,518.4,2497,422,211
P07,Retrieval,ret_15,1,9,971.3,563.1,2976,298,149
P07,Retrieval,ret_15,1,10,464.1,40.0,3300,160,80
P07,Retrieval,ret_15,1,11,739.3,351.7,3509,232,116
P07,Retrieval,ret_15,1,12,892.4,543.1,3794,320,160
P07,Retrieval,ret_16,1,1,1135.2,658.6,95,80,40
P07,Retrieval,ret_16,1,2,1119.9,593.5,215,234,117
P07,Retrieval,ret_16,1,3,976.6,516.4,511,338,169
P07,Retrieval,ret_16,1,4,802.8,751.5,890,220,110
P07,Retrieval,ret_16,1,5,1100.9,639.0,1134,398,199
P07,Retrieval,ret_16,1,6,1232.2,200.7,1560,316,158
P07,Retrieval,ret_16,1,7,1263.1,289.1,1944,372,186
P07,Retrieval,ret_16,1,8,1045.5,540.0,2368,234,117
P07,Retrieval,ret_16,1,9,1308.4,630.0,2660,224,112
P07,Retrieval,ret_16,1,10,846.4,299.9,2949,360,180
P07,Retrieval,ret_16,1,11,1278.1,204.5,3370,286,143
P07,Retrieval,ret_16,1,12,1005.9,533.0,3717,306,153
P07,Retrieval,ret_16,1,13,761.0,330.3,4057,302,151
P07,Retrieval,ret_17,1,1,948.6,550.6,54,404,202
P07,Retrieval,ret_17,1,2,991.2,588.3,488,356,178
P07,Retrieval,ret_17,1,3,947.8,575.7,875,430,215
P07,Retrieval,ret_17,1,4,1011.9,579.6,1363,332,166
P07,Retrieval,ret_17,1,5,993.8,485.2,1756,418,209
P07,Retrieval,ret_17,1,6,935.4,501.6,2233,192,96
P07,Retrieval,ret_17,1,7,930.0,546.2,2458,512,256
P07,Retrieval,ret_17,1,8,977.1,483.2,3009,284,142
P07,Retrieval,ret_17,1,9,985.7,540.3,3321,196,98
P07,Retrieval,ret_18,1,1,698.5,866.0,85,490,245
P07,Retrieval,ret_18,1,2,1194.4,849.6,643,106,53
P07,Retrieval,ret_18,1,3,973.7,781.2,788,270,135
P07,Retrieval,ret_18,1,4,725.8,648.8,1099,500,250
P07,Retrieval,ret_18,1,5,821.9,277.4,1656,126,63
P07,Retrieval,ret_18,1,6,530.4,822.0,1849,242,121
P07,Retrieval,ret_18,1,7,1013.7,532.3,2126,298,149
P07,Retrieval,ret_18,1,8,1283.6,505.1,2475,294,147
P07,Retrieval,ret_18,1,9,1223.4,1001.5,2821,236,118
P07,Retrieval,ret_18,1,10,932.3,564.5,3082,198,99
P07,Retrieval,ret_18,1,11,864.2,505.4,3309,460,230
P07,Retrieval,ret_18,1,12,1311.5,548.6,3818,212,106
P07,Retrieval,ret_19,1,1,765.0,709.5,64,218,109
P07,Retrieval,ret_19,1,2,1024.4,562.7,351,294,147
P07,Retrieval,ret_19,1,3,833.1,740.5,710,276,138
P07,Retrieval,ret_19,1,4,1104.1,602.6,1042,382,191
P07,Retrieval,ret_19,1,5,727.2,749.9,1492,340,170
P07,Retrieval,ret_19,1,6,950.5,609.6,1860,222,111
P07,Retrieval,ret_19,1,7,663.6,556.4,2147,216,108
P07,Retrieval,ret_19,1,8,616.5,426.6,2390,422,211
P07,Retrieval,ret_19,1,9,1090.6,704.7,2854,368,184
P07,Retrieval,ret_19,1,10,802.2,786.5,3272,236,118
P07,Retrieval,ret_19,1,11,1078.4,734.9,3539,212,106
P07,Retrieval,ret_19,1,12,1082.3,576.4,3786,372,186
P07,Retrieval,ret_20,1,1,983.8,813.7,109,384,192
P07,Retrieval,ret_20,1,2,938.7,328.5,518,448,224
P07,Retrieval,ret_20,1,3,895.2,491.4,1027,272,136
P07,Retrieval,ret_20,1,4,896.5,755.9,1325,250,125
P07,Retrieval,ret_20,1,5,263.3,49.9,1616,244,122
P07,Retrieval,ret_20,1,6,1360.0,715.5,1895,332,166
P07,Retrieval,ret_20,1,7,896.9,847.0,2264,342,171
P07,Retrieval,ret_20,1,8,937.5,809.6,2669,310,155
P07,Retrieval,ret_20,1,9,720.6,894.4,3007,258,129
P08,Encoding,enc_01,1,1,807.0,688.2,80,378,189
P08,Encoding,enc_01,1,2,815.6,711.2,521,256,128
P08,Encoding,enc_01,1,3,671.3,513.3,830,392,196
P08,Encoding,enc_01,1,4,750.8,719.8,1258,232,116
P08,Encoding,enc_01,1,5,944.2,516.3,1516,520,260
P08,Encoding,enc_01,1,6,663.5,413.0,2067,80,40
P08,Encoding,enc_01,1,7,1325.3,680.0,2187,386,193
P08,Encoding,enc_01,1,8,754.9,471.7,2605,282,141
P08,Encoding,enc_01,1,9,821.7,667.0,2916,316,158
P08,Encoding,enc_01,1,10,705.7,460.9,3298,130,65
P08,Encoding,enc_01,1,11,735.0,674.7,3463,330,165
P08,Encoding,enc_01,1,12,788.8,532.4,3842,312,156
P08,Encoding,enc_02,1,1,890.0,235.1,85,262,131
P08,Encoding,enc_02,1,2,1270.9,620.7,388,322,161
P08,Encoding,enc_02,1,3,956.9,348.3,775,232,116
P08,Encoding,enc_02,1,4,1282.8,407.0,1058,144,72
P08,Encoding,enc_02,1,5,852.3,212.0,1264,244,122
P08,Encoding,enc_02,1,6,1434.2,802.3,1544,154,77
P08,Encoding,enc_02,1,7,891.1,253.9,1765,354,177
P08,Encoding,enc_02,1,8,604.8,741.6,2180,256,128
P08,Encoding,enc_02,1,9,645.6,775.4,2488,382,191
P08,Encoding,enc_03,1,1,585.1,879.2,72,404,202
P08,Encoding,enc_03,1,2,896.0,467.3,500,316,158
P08,Encoding,enc_03,1,3,1052.5,384.0,865,214,107
P08,Encoding,enc_03,1,4,557.5,655.8,1136,252,126
P08,Encoding,enc_03,1,5,938.2,601.6,1450,388,194
P08,Encoding,enc_03,1,6,925.5,609.8,1887,306,153
P08,Encoding,enc_03,1,7,581.8,737.6,2254,284,142
P08,Encoding,enc_03,1,8,1028.7,368.8,2588,268,134
P08,Encoding,enc_03,1,9,1077.4,429.1,2885,240,120
P08,Encoding,enc_03,1,10,1350.6,589.1,3179,304,152
P08,Encoding,enc_03,1,11,1087.9,387.4,3523,384,192
P08,Encoding,enc_03,1,12,829.2,162.4,3950,240,120
P08,Encoding,enc_04,1,1,888.2,766.5,45,286,0
P08,Encoding,enc_04,1,2,939.2,792.2,363,382,0
P08,Encoding,enc_04,1,3,576.9,443.7,797,264,0
P08,Encoding,enc_04,1,4,565.9,523.6,1105,160,0
P08,Encoding,enc_04,1,5,872.7,837.9,1291,378,0
P08,Encoding,enc_04,1,6,963.9,361.6,1717,228,0
P08,Encoding,enc_04,1,7,589.4,460.4,1993,244,0
P08,Encoding,enc_04,1,8,772.6,403.3,2273,80,0
P08,Encoding,enc_04,1,9,934.6,372.0,2409,238,0
P08,Encoding,enc_04,1,10,1011.2,377.5,2685,362,0
P08,Encoding,enc_04,1,11,549.2,424.4,3094,336,0
P08,Encoding,enc_04,1,12,1371.1,840.9,3496,248,0
P08,Encoding,enc_04,1,13,568.8,459.8,3772,328,0
P08,Encoding,enc_05,1,1,1175.8,526.0,45,302,151
P08,Encoding,enc_05,1,2,921.6,400.1,408,370,185
P08,Encoding,enc_05,1,3,1200.0,513.2,822,80,40
P08,Encoding,enc_05,1,4,908.7,368.4,939,462,231
P08,Encoding,enc_05,1,5,920.5,443.1,1456,400,200
P08,Encoding,enc_05,1,6,1170.5,540.5,1918,376,188
P08,Encoding,enc_05,1,7,1184.5,513.7,2356,316,158
P08,Encoding,enc_05,1,8,846.2,779.9,2741,216,108
P08,Encoding,enc_05,1,9,742.3,619.5,2989,224,112
P08,Encoding,enc_05,1,10,1100.7,643.4,3261,230,115
P08,Encoding,enc_05,1,11,717.8,601.6,3534,354,177
P08,Encoding,enc_05,1,12,743.0,621.1,3936,268,134
P08,Encoding,enc_06,1,1,702.0,799.9,99,226,113
P08,Encoding,enc_06,1,2,1261.7,811.8,389,236,118
P08,Encoding,enc_06,1,3,696.0,776.1,674,376,188
P08,Encoding,enc_06,1,4,1345.4,368.1,1083,154,77
P08,Encoding,enc_06,1,5,1309.6,907.9,1282,382,191
P08,Encoding,enc_06,1,6,751.6,180.9,1724,260,130
P08,Encoding,enc_06,1,7,1236.5,823.0,2052,242,121
P08,Encoding,enc_06,1,8,675.3,803.4,2337,368,184
P08,Encoding,enc_06,1,9,1187.3,849.5,2773,368,184
P08,Encoding,enc_06,1,10,753.1,468.1,3208,246,123
P08,Encoding,enc_06,1,11,1174.5,561.2,3505,334,167
P08,Encoding,enc_06,1,12,1167.1,614.3,3882,210,105
P08,Encoding,enc_06,1,13,647.8,843.2,4161,314,157
P08,Encoding,enc_07,1,1,672.1,682.0,42,182,91
P08,Encoding,enc_07,1,2,1079.1,374.9,279,398,199
P08,Encoding,enc_07,1,3,1231.4,792.3,734,378,189
P08,Encoding,enc_07,1,4,646.1,701.1,1169,390,195
P08,Encoding,enc_07,1,5,1079.9,404.6,1608,342,171
P08,Encoding,enc_07,1,6,1244.9,799.0,1990,270,135
P08,Encoding,enc_07,1,7,1201.4,782.3,2295,264,132
P08,Encoding,enc_07,1,8,692.5,705.9,2623,420,210
P08,Encoding,enc_07,1,9,834.0,677.5,3098,136,68
P08,Encoding,enc_07,1,10,702.2,712.2,3293,256,128
P08,Encoding,enc_07,1,11,864.6,676.1,3612,338,169
P08,Encoding,enc_07,1,12,794.8,695.1,3979,246,123
P08,Encoding,enc_07,1,13,617.3,255.9,4266,174,87
P08,Encoding,enc_08,1,1,1113.5,414.9,87,234,117
P08,Encoding,enc_08,1,2,789.4,629.3,356,346,173
P08,Encoding,enc_08,1,3,820.9,611.0,730,288,144
P08,Encoding,enc_08,1,4,1055.3,435.1,1068,326,163
P08,Encoding,enc_08,1,5,785.1,609.7,1430,312,156
P08,Encoding,enc_08,1,6,771.7,609.9,1791,460,230
P08,Encoding,enc_08,1,7,873.1,861.7,2280,264,132
P08,Encoding,enc_08,1,8,1079.7,424.7,2573,388,194
P08,Encoding,enc_08,1,9,1243.6,662.9,2988,310,155
P08,Encoding,enc_08,1,10,1165.8,1016.8,3363,310,155
P08,Encoding,enc_09,1,1,1447.0,182.9,119,256,128
P08,Encoding,enc_09,1,2,821.2,680.0,422,426,213
P08,Encoding,enc_09,1,3,1124.5,545.4,893,210,105
P08,Encoding,enc_09,1,4,857.4,625.3,1149,190,95
P08,Encoding,enc_09,1,5,1134.9,428.8,1399,306,153
P08,Encoding,enc_09,1,6,791.9,381.9,1741,422,211
P08,Encoding,enc_09,1,7,1161.0,455.9,2207,394,197
P08,Encoding,enc_09,1,8,1093.8,370.3,2644,434,217
P08,Encoding,enc_09,1,9,965.4,445.3,3102,422,211
P08,Encoding,enc_09,1,10,1110.2,519.9,3559,214,107
P08,Encoding,enc_09,1,11,806.3,668.1,3799,142,71
P08,Encoding,enc_10,1,1,956.6,554.5,53,254,127
P08,Encoding,enc_10,1,2,817.2,310.5,376,194,97
P08,Encoding,enc_10,1,3,824.9,251.5,619,198,99
P08,Encoding,enc_10,1,4,482.2,464.2,881,442,221
P08,Encoding,enc_10,1,5,636.6,645.5,1365,276,138
P08,Encoding,enc_10,1,6,1299.3,423.7,1710,416,208
P08,Encoding,enc_10,1,7,771.9,252.4,2195,392,196
P08,Encoding,enc_10,1,8,1078.2,671.6,2621,212,106
P08,Encoding,enc_10,1,9,940.1,512.4,2874,324,162
P08,Encoding,enc_10,1,10,974.1,534.7,3224,266,133
P08,Encoding,enc_10,1,11,811.7,236.5,3517,198,99
P08,Encoding,enc_10,1,12,812.7,304.3,3777,246,123
P08,Encoding,enc_11,1,1,1137.0,749.3,90,202,101
P08,Encoding,enc_11,1,2,807.8,519.4,337,406,203
P08,Encoding,enc_11,1,3,1115.1,789.6,772,314,157
P08,Encoding,enc_11,1,4,1416.1,369.7,1152,380,190
P08,Encoding,enc_11,1,5,1126.5,766.0,1561,290,145
P08,Encoding,enc_11,1,6,571.6,293.6,1905,286,143
P08,Encoding,enc_11,1,7,969.5,500.4,2253,332,166
P08,Encoding,enc_11,1,8,772.4,624.5,2631,418,209
P08,Encoding,enc_11,1,9,1362.4,349.0,3089,166,83
P08,Encoding,enc_11,1,10,641.9,585.6,3323,312,156
P08,Encoding,enc_11,1,11,1256.7,389.3,3695,378,189
P08,Encoding,enc_11,1,12,1381.6,354.5,4134,386,193
P08,Encoding,enc_11,1,13,1375.7,313.2,4545,436,218
P08,Encoding,enc_12,1,1,871.3,431.3,105,306,153
P08,Encoding,enc_12,1,2,823.4,754.2,451,342,171
P08,Encoding,enc_12,1,3,938.7,387.3,837,438,219
P08,Encoding,enc_12,1,4,881.7,437.3,1330,332,166
P08,Encoding,enc_12,1,5,1016.8,408.0,1712,320,160
P08,Encoding,enc_12,1,6,995.9,398.2,2084,254,127
P08,Encoding,enc_12,1,7,803.6,787.0,2385,330,165
P08,Encoding,enc_12,1,8,1133.9,681.2,2754,370,185
P08,Encoding,enc_12,1,9,812.7,771.2,3176,362,181
P08,Encoding,enc_12,1,10,944.7,384.1,3607,224,112
P08,Encoding,enc_12,1,11,1154.5,739.1,3878,286,143
P08,Encoding,enc_13,1,1,1060.6,473.3,85,326,163
P08,Encoding,enc_13,1,2,1294.1,472.7,436,436,218
P08,Encoding,enc_13,1,3,966.6,316.8,938,250,125
P08,Encoding,enc_13,1,4,1067.9,508.8,1253,308,154
P08,Encoding,enc_13,1,5,1031.0,527.4,1614,80,40
P08,Encoding,enc_13,1,6,933.9,294.2,1761,260,130
P08,Encoding,enc_13,1,7,1099.2,617.6,2077,230,115
P08,Encoding,enc_13,1,8,666.4,777.0,2354,394,197
P08,Encoding,enc_13,1,9,966.3,322.0,2779,296,148
P08,Encoding,enc_13,1,10,1071.1,503.5,3141,158,79
P08,Encoding,enc_13,1,11,710.4,739.9,3360,414,207
P08,Encoding,enc_13,1,12,721.1,831.8,3828,424,212
P08,Encoding,enc_13,1,13,1106.3,546.0,4302,328,164
P08,Encoding,enc_13,1,14,1323.6,664.0,4679,344,172
P08,Encoding,enc_14,1,1,836.5,534.8,50,306,153
P08,Encoding,enc_14,1,2,830.5,534.4,383,322,161
P08,Encoding,enc_14,1,3,764.5,505.9,754,274,137
P08,Encoding,enc_14,1,4,1291.3,428.3,1056,124,62
P08,Encoding,enc_14,1,5,994.7,763.9,1239,218,109
P08,Encoding,enc_14,1,6,1661.4,994.2,1481,488,244
P08,Encoding,enc_14,1,7,818.3,505.8,1996,254,127
P08,Encoding,enc_14,1,8,843.6,505.5,2313,302,151
P08,Encoding,enc_14,1,9,1299.4,440.7,2648,386,193
P08,Encoding,enc_14,1,10,1261.7,434.9,3072,272,136
P08,Encoding,enc_15,1,1,1349.6,312.7,105,198,99
P08,Encoding,enc_15,1,2,665.1,550.2,334,266,133
P08,Encoding,enc_15,1,3,782.9,236.7,650,176,88
P08,Encoding,enc_15,1,4,760.1,251.0,883,248,124
P08,Encoding,enc_15,1,5,802.3,619.0,1184,198,99
P08,Encoding,enc_15,1,6,613.7,570.9,1429,240,120
P08,Encoding,enc_15,1,7,1573.5,938.7,1695,168,84
P08,Encoding,enc_15,1,8,639.5,520.1,1924,226,113
P08,Encoding,enc_15,1,9,722.3,278.2,2214,296,148
P08,Encoding,enc_15,1,10,173.8,1029.4,2535,382,191
P08,Encoding,enc_15,1,11,907.5,825.6,2960,80,40
P08,Encoding,enc_15,1,12,1093.0,766.4,3088,98,49
P08,Encoding,enc_15,1,13,741.7,224.0,3219,346,173
P08,Encoding,enc_16,1,1,804.0,337.0,66,426,213
P08,Encoding,enc_16,1,2,1361.5,663.2,523,454,227
P08,Encoding,enc_16,1,3,1276.9,266.4,1010,230,115
P08,Encoding,enc_16,1,4,1128.4,621.5,1284,338,169
P08,Encoding,enc_16,1,5,815.1,714.0,1651,358,179
P08,Encoding,enc_16,1,6,1244.1,294.3,2038,350,175
P08,Encoding,enc_16,1,7,1379.1,723.1,2440,274,137
P08,Encoding,enc_16,1,8,1384.5,651.9,2781,158,79
P08,Encoding,enc_16,1,9,805.3,698.9,2995,304,152
P08,Encoding,enc_16,1,10,794.9,720.2,3346,174,87
P08,Encoding,enc_16,1,11,1298.4,279.1,3546,384,192
P08,Encoding,enc_16,1,12,1201.5,507.5,3963,354,177
P08,Encoding,enc_17,1,1,609.3,529.4,104,362,181
P08,Encoding,enc_17,1,2,704.7,348.3,525,244,122
P08,Encoding,enc_17,1,3,1127.0,679.1,795,302,151
P08,Encoding,enc_17,1,4,821.0,775.2,1129,288,144
P08,Encoding,enc_17,1,5,1069.1,620.0,1476,380,190
P08,Encoding,enc_17,1,6,810.9,801.2,1893,178,89
P08,Encoding,enc_17,1,7,717.1,341.9,2118,516,258
P08,Encoding,enc_17,1,8,630.0,474.7,2698,324,162
P08,Encoding,enc_17,1,9,674.5,365.0,3056,194,97
P08,Encoding,enc_17,1,10,1051.1,716.4,3290,128,64
P08,Encoding,enc_17,1,11,1086.2,639.5,3480,326,163
P08,Encoding,enc_17,1,12,683.3,358.6,3838,270,135
P08,Encoding,enc_18,1,1,703.5,769.3,102,392,196
P08,Encoding,enc_18,1,2,988.8,645.2,535,154,77
P08,Encoding,enc_18,1,3,1004.5,669.5,722,276,138
P08,Encoding,enc_18,1,4,1006.6,686.9,1057,370,185
P08,Encoding,enc_18,1,5,1592.0,1043.3,1453,312,156
P08,Encoding,enc_18,1,6,840.3,713.9,1796,306,153
P08,Encoding,enc_18,1,7,730.0,468.6,2130,148,74
P08,Encoding,enc_18,1,8,384.7,992.1,2316,262,131
P08,Encoding,enc_18,1,9,1072.7,505.4,2632,318,159
P08,Encoding,enc_18,1,10,723.5,413.3,2975,416,208
P08,Encoding,enc_18,1,11,736.9,799.5,3415,252,126
P08,Encoding,enc_19,1,1,880.8,442.8,105,472,236
P08,Encoding,enc_19,1,2,1263.1,493.6,643,394,197
P08,Encoding,enc_19,1,3,1291.3,540.4,1106,340,170
P08,Encoding,enc_19,1,4,862.6,568.6,1482,336,168
P08,Encoding,enc_19,1,5,756.9,345.3,1854,242,121
P08,Encoding,enc_19,1,6,751.1,349.9,2152,108,54
P08,Encoding,enc_19,1,7,864.4,488.9,2321,380,190
P08,Encoding,enc_19,1,8,752.7,321.0,2745,282,141
P08,Encoding,enc_19,1,9,1269.0,565.6,3092,316,158
P08,Encoding,enc_19,1,10,1313.0,481.2,3469,352,176
P08,Encoding,enc_20,1,1,1086.3,773.5,86,266,133
P08,Encoding,enc_20,1,2,1050.3,662.5,415,304,152
P08,Encoding,enc_20,1,3,1030.5,706.2,757,310,155
P08,Encoding,enc_20,1,4,840.5,237.6,1134,208,104
P08,Encoding,enc_20,1,5,1022.9,680.9,1410,336,168
P08,Encoding,enc_20,1,6,1107.8,758.1,1815,372,186
P08,Encoding,enc_20,1,7,857.2,284.0,2227,288,144
P08,Encoding,enc_20,1,8,1732.6,348.2,2575,348,174
P08,Encoding,enc_20,1,9,814.9,298.5,2956,160,80
P08,Encoding,enc_20,1,10,882.1,326.2,3169,322,161
P08,Encoding,enc_20,1,11,991.8,457.3,3552,226,113
P08,Encoding,enc_20,1,12,805.4,675.7,3846,502,251
P08,Retrieval,ret_01,1,1,1405.0,384.6,106,226,113
P08,Retrieval,ret_01,1,2,724.4,669.4,401,242,121
P08,Retrieval,ret_01,1,3,986.8,544.4,667,262,131
P08,Retrieval,ret_01,1,4,1096.9,406.5,967,188,94
P08,Retrieval,ret_01,1,5,1405.5,465.0,1179,346,173
P08,Retrieval,ret_01,1,6,844.2,661.6,1576,276,138
P08,Retrieval,ret_01,1,7,661.1,297.2,1901,224,112
P08,Retrieval,ret_01,1,8,925.9,421.5,2171,372,186
P08,Retrieval,ret_01,1,9,727.5,526.4,2602,346,173
P08,Retrieval,ret_01,1,10,1082.6,540.6,2999,292,146
P08,Retrieval,ret_01,1,11,1079.8,470.5,3328,358,179
P08,Retrieval,ret_01,1,12,410.6,889.8,3735,172,86
P08,Retrieval,ret_02,1,1,756.8,642.0,50,262,131
P08,Retrieval,ret_02,1,2,882.8,570.5,337,322,161
P08,Retrieval,ret_02,1,3,1127.8,479.1,683,244,122
P08,Retrieval,ret_02,1,4,1057.0,423.1,953,180,90
P08,Retrieval,ret_02,1,5,766.1,579.2,1184,288,144
P08,Retrieval,ret_02,1,6,837.1,732.2,1518,278,139
P08,Retrieval,ret_02,1,7,1745.0,1022.5,1865,240,120
P08,Retrieval,ret_02,1,8,803.8,549.2,2167,132,66
P08,Retrieval,ret_02,1,9,842.5,873.7,2345,306,153
P08,Retrieval,ret_02,1,10,1152.5,429.1,2695,578,289
P08,Retrieval,ret_02,1,11,960.0,550.1,3310,198,99
P08,Retrieval,ret_02,1,12,1079.9,423.5,3568,414,207
P08,Retrieval,ret_03,1,1,898.5,784.9,107,570,285
P08,Retrieval,ret_03,1,2,1095.6,789.5,717,400,200
P08,Retrieval,ret_03,1,3,944.2,615.9,1150,288,144
P08,Retrieval,ret_03,1,4,756.7,299.7,1477,394,197
P08,Retrieval,ret_03,1,5,1011.6,492.0,1907,130,65
P08,Retrieval,ret_03,1,6,746.5,227.4,2088,402,201
P08,Retrieval,ret_03,1,7,1044.2,496.7,2541,266,133
P08,Retrieval,ret_03,1,8,717.0,345.6,2861,366,183
P08,Retrieval,ret_03,1,9,943.3,808.7,3271,80,40
P08,Retrieval,ret_03,1,10,756.2,245.8,3399,338,169
P08,Retrieval,ret_03,1,11,718.2,223.6,3789,438,219
P08,Retrieval,ret_03,1,12,600.8,531.5,4276,258,129
P08,Retrieval,ret_03,1,13,761.6,207.6,4586,296,148
P08,Retrieval,ret_03,1,14,920.7,484.8,4911,214,107
P08,Retrieval,ret_04,1,1,860.1,169.2,47,244,122
P08,Retrieval,ret_04,1,2,1242.3,374.1,326,296,148
P08,Retrieval,ret_04,1,3,1453.0,772.4,665,216,108
P08,Retrieval,ret_04,1,4,935.1,539.7,911,266,133
P08,Retrieval,ret_04,1,5,977.1,495.4,1211,372,186
P08,Retrieval,ret_04,1,6,897.1,300.3,1635,184,92
P08,Retrieval,ret_04,1,7,573.0,663.6,1870,332,166
P08,Retrieval,ret_04,1,8,686.1,783.9,2268,482,241
P08,Retrieval,ret_04,1,9,655.1,755.6,2788,282,141
P08,Retrieval,ret_04,1,10,1004.6,566.0,3110,274,137
P08,Retrieval,ret_04,1,11,1417.8,828.8,3430,364,182
P08,Retrieval,ret_04,1,12,1422.9,832.3,3822,416,208
P08,Retrieval,ret_04,1,13,934.7,307.0,4269,202,101
P08,Retrieval,ret_04,1,14,946.7,291.1,4512,330,165
P08,Retrieval,ret_04,1,15,863.6,227.9,4878,154,77
P08,Retrieval,ret_05,1,1,957.5,545.7,93,126,63
P08,Retrieval,ret_05,1,2,847.1,637.3,284,248,124
P08,Retrieval,ret_05,1,3,1168.6,557.4,577,254,127
P08,Retrieval,ret_05,1,4,880.7,598.2,879,162,81
P08,Retrieval,ret_05,1,5,963.2,425.9,1097,404,202
P08,Retrieval,ret_05,1,6,1188.7,385.5,1536,406,203
P08,Retrieval,ret_05,1,7,951.0,491.1,2001,302,151
P08,Retrieval,ret_05,1,8,741.1,665.1,2370,292,146
P08,Retrieval,ret_05,1,9,970.5,485.5,2724,270,135
P08,Retrieval,ret_05,1,10,857.3,676.2,3025,332,166
P08,Retrieval,ret_05,1,11,1171.4,487.5,3407,230,115
P08,Retrieval,ret_05,1,12,808.9,619.5,3690,210,105
P08,Retrieval,ret_05,1,13,1087.9,362.4,3953,322,161
P08,Retrieval,ret_05,1,14,1099.6,398.5,4309,436,218
P08,Retrieval,ret_05,1,15,850.6,714.6,4804,220,110
P08,Retrieval,ret_06,1,1,830.2,322.7,72,234,117
P08,Retrieval,ret_06,1,2,1060.7,592.0,345,292,146
P08,Retrieval,ret_06,1,3,559.6,871.7,688,88,44
P08,Retrieval,ret_06,1,4,820.3,634.7,821,246,123
P08,Retrieval,ret_06,1,5,1447.5,722.1,1120,146,73
P08,Retrieval,ret_06,1,6,737.3,659.9,1296,342,171
P08,Retrieval,ret_06,1,7,937.6,689.3,1695,280,140
P08,Retrieval,ret_06,1,8,1270.4,225.6,2029,310,155
P08,Retrieval,ret_06,1,9,1253.1,338.5,2367,232,116
P08,Retrieval,ret_06,1,10,972.6,299.0,2626,400,200
P08,Retrieval,ret_07,1,1,608.9,281.2,101,364,182
P08,Retrieval,ret_07,1,2,537.3,664.3,534,354,177
P08,Retrieval,ret_07,1,3,926.6,438.8,926,356,178
P08,Retrieval,ret_07,1,4,789.6,446.0,1309,438,219
P08,Retrieval,ret_07,1,5,873.9,485.6,1813,232,116
P08,Retrieval,ret_07,1,6,1138.8,169.2,2112,294,147
P08,Retrieval,ret_07,1,7,667.0,745.0,2440,278,139
P08,Retrieval,ret_07,1,8,1006.8,240.9,2764,278,139
P08,Retrieval,ret_07,1,9,551.6,676.5,3080,428,214
P08,Retrieval,ret_07,1,10,564.5,573.9,3570,294,147
P08,Retrieval,ret_07,1,11,1260.6,770.2,3918,310,155
P08,Retrieval,ret_07,1,12,984.8,463.1,4288,174,87
P08,Retrieval,ret_07,1,13,901.4,436.4,4497,368,184
P08,Retrieval,ret_07,1,14,941.2,585.0,4889,224,112
P08,Retrieval,ret_07,1,15,925.5,620.6,5173,394,197
P08,Retrieval,ret_08,1,1,601.0,648.5,58,436,218
P08,Retrieval,ret_08,1,2,1020.6,730.8,550,376,188
P08,Retrieval,ret_08,1,3,833.5,274.9,972,222,111
P08,Retrieval,ret_08,1,4,794.9,290.5,1222,440,220
P08,Retrieval,ret_08,1,5,960.2,479.1,1717,130,65
P08,Retrieval,ret_08,1,6,920.8,458.8,1873,236,118
P08,Retrieval,ret_08,1,7,620.0,674.5,2137,80,40
P08,Retrieval,ret_08,1,8,754.3,189.1,2256,190,95
P08,Retrieval,ret_08,1,9,1083.5,703.3,2486,368,184
P08,Retrieval,ret_08,1,10,1286.2,432.9,2915,332,166
P08,Retrieval,ret_08,1,11,909.2,499.8,3299,314,157
P08,Retrieval,ret_09,1,1,735.3,350.8,85,376,188
P08,Retrieval,ret_09,1,2,1412.4,362.6,503,362,181
P08,Retrieval,ret_09,1,3,637.2,488.0,926,286,143
P08,Retrieval,ret_09,1,4,1059.0,733.3,1247,286,143
P08,Retrieval,ret_09,1,5,669.0,363.9,1602,442,221
P08,Retrieval,ret_09,1,6,1082.6,607.3,2096,306,153
P08,Retrieval,ret_09,1,7,755.6,378.2,2444,316,158
P08,Retrieval,ret_09,1,8,541.2,389.3,2807,246,123
P08,Retrieval,ret_09,1,9,961.9,547.6,3082,220,110
P08,Retrieval,ret_09,1,10,1037.4,833.8,3371,390,195
P08,Retrieval,ret_09,1,11,947.7,586.9,3794,230,115
P08,Retrieval,ret_09,1,12,1006.4,494.9,4061,122,61
P08,Retrieval,ret_09,1,13,1121.2,624.7,4235,198,99
P08,Retrieval,ret_09,1,14,1052.9,630.5,4481,334,167
P08,Retrieval,ret_10,1,1,948.1,364.9,106,486,243
P08,Retrieval,ret_10,1,2,589.9,483.8,626,240,120
P08,Retrieval,ret_10,1,3,630.9,488.5,924,312,156
P08,Retrieval,ret_10,1,4,966.6,558.8,1262,250,125
P08,Retrieval,ret_10,1,5,958.1,521.0,1577,254,127
P08,Retrieval,ret_10,1,6,959.1,796.7,1871,310,155
P08,Retrieval,ret_10,1,7,557.8,444.8,2229,338,169
P08,Retrieval,ret_10,1,8,970.0,538.2,2600,304,152
P08,Retrieval,ret_10,1,9,553.0,475.3,2933,316,158
P08,Retrieval,ret_11,1,1,1231.2,362.8,101,336,168
P08,Retrieval,ret_11,1,2,983.8,562.8,461,234,117
P08,Retrieval,ret_11,1,3,1205.4,700.6,747,212,106
P08,Retrieval,ret_11,1,4,1115.5,776.4,988,366,183
P08,Retrieval,ret_11,1,5,1407.2,171.4,1403,272,136
P08,Retrieval,ret_11,1,6,1371.5,195.6,1725,258,129
P08,Retrieval,ret_11,1,7,954.9,602.3,2048,450,225
P08,Retrieval,ret_11,1,8,976.1,565.6,2556,274,137
P08,Retrieval,ret_11,1,9,957.7,599.1,2875,274,137
P08,Retrieval,ret_11,1,10,1302.1,434.0,3175,400,200
P08,Retrieval,ret_11,1,11,1154.3,746.7,3608,308,154
P08,Retrieval,ret_11,1,12,979.1,498.5,3983,248,124
P08,Retrieval,ret_12,1,1,1073.8,688.7,44,304,152
P08,Retrieval,ret_12,1,2,909.7,195.1,414,260,130
P08,Retrieval,ret_12,1,3,916.3,539.3,718,418,209
P08,Retrieval,ret_12,1,4,1024.5,570.0,1205,446,223
P08,Retrieval,ret_12,1,5,968.4,643.0,1686,352,176
P08,Retrieval,ret_12,1,6,988.9,632.7,2094,330,165
P08,Retrieval,ret_12,1,7,962.6,578.7,2483,314,157
P08,Retrieval,ret_12,1,8,1054.3,470.6,2837,312,156
P08,Retrieval,ret_12,1,9,695.8,734.1,3190,240,120
P08,Retrieval,ret_12,1,10,1053.4,699.7,3495,268,134
P08,Retrieval,ret_12,1,11,885.1,611.5,3810,244,122
P08,Retrieval,ret_12,1,12,719.1,461.6,4093,230,115
P08,Retrieval,ret_13,1,1,1189.1,488.5,74,304,152
P08,Retrieval,ret_13,1,2,1039.1,482.8,444,434,217
P08,Retrieval,ret_13,1,3,1184.6,531.6,946,248,124
P08,Retrieval,ret_13,1,4,1001.7,473.4,1235,156,78
P08,Retrieval,ret_13,1,5,932.0,410.6,1459,426,213
P08,Retrieval,ret_13,1,6,1067.9,1024.1,1949,488,244
P08,Retrieval,ret_13,1,7,724.3,613.4,2479,142,71
P08,Retrieval,ret_13,1,8,881.5,386.4,2671,288,144
P08,Retrieval,ret_13,1,9,734.9,761.9,2995,342,171
P08,Retrieval,ret_13,1,10,968.7,569.4,3383,406,203
P08,Retrieval,ret_13,1,11,841.8,793.6,3844,284,142
P08,Retrieval,ret_13,1,12,931.0,618.8,4153,428,214
P08,Retrieval,ret_13,1,13,1067.1,633.4,4626,408,204
P08,Retrieval,ret_14,1,1,787.3,770.3,55,296,148
P08,Retrieval,ret_14,1,2,935.3,362.7,393,216,108
P08,Retrieval,ret_14,1,3,1143.9,743.0,660,94,47
P08,Retrieval,ret_14,1,4,1405.9,608.3,820,382,191
P08,Retrieval,ret_14,1,5,944.6,521.6,1267,270,135
P08,Retrieval,ret_14,1,6,895.8,400.8,1580,180,90
P08,Retrieval,ret_14,1,7,680.9,763.1,1814,488,244
P08,Retrieval,ret_14,1,8,1155.0,870.8,2350,352,176
P08,Retrieval,ret_14,1,9,922.0,408.2,2752,334,167
P08,Retrieval,ret_14,1,10,804.0,714.4,3110,310,155
P08,Retrieval,ret_15,1,1,939.8,580.5,104,308,154
P08,Retrieval,ret_15,1,2,883.5,417.2,438,266,133
P08,Retrieval,ret_15,1,3,893.1,575.9,729,218,109
P08,Retrieval,ret_15,1,4,1018.1,544.0,982,376,188
P08,Retrieval,ret_15,1,5,1286.0,615.3,1396,192,96
P08,Retrieval,ret_15,1,6,625.7,765.1,1620,340,170
P08,Retrieval,ret_15,1,7,1133.4,834.5,1990,278,139
P08,Retrieval,ret_15,1,8,921.2,529.6,2323,252,126
P08,Retrieval,ret_15,1,9,518.3,286.8,2606,450,225
P08,Retrieval,ret_16,1,1,1185.6,807.9,95,258,129
P08,Retrieval,ret_16,1,2,1211.2,597.1,416,410,205
P08,Retrieval,ret_16,1,3,658.9,847.5,866,254,127
P08,Retrieval,ret_16,1,4,1293.6,355.3,1154,540,270
P08,Retrieval,ret_16,1,5,1367.3,371.9,1730,356,178
P08,Retrieval,ret_16,1,6,1230.1,843.3,2150,212,106
P08,Retrieval,ret_16,1,7,652.5,827.4,2412,298,149
P08,Retrieval,ret_16,1,8,1361.4,909.7,2752,150,75
P08,Retrieval,ret_16,1,9,952.4,542.2,2941,406,203
P08,Retrieval,ret_16,1,10,363.5,874.6,3409,312,156
P08,Retrieval,ret_16,1,11,1216.0,563.7,3756,296,148
P08,Retrieval,ret_16,1,12,1173.6,598.0,4089,262,131
P08,Retrieval,ret_16,1,13,690.9,832.2,4387,272,136
P08,Retrieval,ret_16,1,14,1173.4,545.4,4700,410,205
P08,Retrieval,ret_17,1,1,1016.4,534.6,40,314,157
P08,Retrieval,ret_17,1,2,1365.3,672.6,403,318,159
P08,Retrieval,ret_17,1,3,1042.3,518.2,778,494,247
P08,Retrieval,ret_17,1,4,1266.3,478.7,1308,298,149
P08,Retrieval,ret_17,1,5,1091.1,607.1,1675,280,140
P08,Retrieval,ret_17,1,6,1608.3,620.9,2007,278,139
P08,Retrieval,ret_17,1,7,1019.3,457.7,2351,170,85
P08,Retrieval,ret_17,1,8,1302.5,443.2,2561,170,85
P08,Retrieval,ret_17,1,9,944.0,739.6,2782,388,194
P08,Retrieval,ret_17,1,10,986.9,548.7,3211,328,164
P08,Retrieval,ret_18,1,1,840.1,633.7,103,314,157
P08,Retrieval,ret_18,1,2,928.3,515.4,464,338,169
P08,Retrieval,ret_18,1,3,1051.2,729.4,829,168,84
P08,Retrieval,ret_18,1,4,1008.4,700.6,1046,274,137
P08,Retrieval,ret_18,1,5,788.1,662.2,1378,238,119
P08,Retrieval,ret_18,1,6,934.0,488.1,1665,318,159
P08,Retrieval,ret_18,1,7,960.4,427.6,2044,240,120
P08,Retrieval,ret_18,1,8,1113.7,781.7,2313,160,80
P08,Retrieval,ret_18,1,9,1073.3,784.4,2522,364,182
P08,Retrieval,ret_18,1,10,1693.2,318.6,2953,388,194
P08,Retrieval,ret_18,1,11,927.9,326.2,3384,412,206
P08,Retrieval,ret_18,1,12,1012.2,477.8,3822,226,113
P08,Retrieval,ret_18,1,13,838.9,293.7,4072,218,109
P08,Retrieval,ret_18,1,14,924.9,543.0,4320,140,70
P08,Retrieval,ret_19,1,1,861.4,695.1,101,306,153
P08,Retrieval,ret_19,1,2,826.4,680.8,468,150,75
P08,Retrieval,ret_19,1,3,1184.7,809.8,648,248,124
P08,Retrieval,ret_19,1,4,1244.5,805.5,922,212,106
P08,Retrieval,ret_19,1,5,661.1,644.1,1202,436,218
P08,Retrieval,ret_19,1,6,1111.7,706.6,1665,446,223
P08,Retrieval,ret_19,1,7,799.2,766.0,2178,214,107
P08,Retrieval,ret_19,1,8,829.2,666.9,2429,254,127
P08,Retrieval,ret_19,1,9,1056.0,383.5,2727,376,188
P08,Retrieval,ret_19,1,10,1029.4,460.5,3129,252,126
P08,Retrieval,ret_19,1,11,689.2,746.4,3427,306,153
P08,Retrieval,ret_19,1,12,995.3,511.1,3802,80,40
P08,Retrieval,ret_20,1,1,821.2,523.8,65,270,135
P08,Retrieval,ret_20,1,2,851.7,490.7,376,398,199
P08,Retrieval,ret_20,1,3,823.1,520.2,806,220,110
P08,Retrieval,ret_20,1,4,1311.2,406.3,1063,286,143
P08,Retrieval,ret_20,1,5,1003.5,772.9,1410,94,47
P08,Retrieval,ret_20,1,6,1259.1,444.5,1538,170,85
P08,Retrieval,ret_20,1,7,1537.5,977.0,1733,296,148
P09,Encoding,enc_01,1,1,800.4,530.3,75,428,214
P09,Encoding,enc_01,1,2,601.8,331.5,556,104,52
P09,Encoding,enc_01,1,3,1121.9,792.5,727,280,140
P09,Encoding,enc_01,1,4,1097.2,959.3,1062,370,185
P09,Encoding,enc_01,1,5,627.4,228.3,1491,184,92
P09,Encoding,enc_01,1,6,677.3,622.3,1743,442,221
P09,Encoding,enc_01,1,7,1142.9,730.1,2238,286,143
P09,Encoding,enc_01,1,8,1116.9,838.2,2577,328,164
P09,Encoding,enc_01,1,9,1360.8,353.2,2929,280,140
P09,Encoding,enc_01,1,10,732.6,545.4,3267,264,132
P09,Encoding,enc_02,1,1,1135.8,672.9,57,332,166
P09,Encoding,enc_02,1,2,1143.4,700.5,452,400,200
P09,Encoding,enc_02,1,3,775.9,738.4,904,226,113
P09,Encoding,enc_02,1,4,1118.4,706.8,1160,298,149
P09,Encoding,enc_02,1,5,941.4,428.9,1505,384,192
P09,Encoding,enc_02,1,6,930.9,400.7,1947,232,116
P09,Encoding,enc_02,1,7,833.7,650.5,2220,336,168
P09,Encoding,enc_02,1,8,536.7,912.9,2611,432,216
P09,Encoding,enc_02,1,9,773.3,709.0,3086,364,182
P09,Encoding,enc_02,1,10,762.8,763.9,3518,214,107
P09,Encoding,enc_02,1,11,1112.7,728.3,3774,192,96
P09,Encoding,enc_03,1,1,1890.6,1033.0,87,432,216
P09,Encoding,enc_03,1,2,1153.7,218.7,546,252,126
P09,Encoding,enc_03,1,3,1104.5,119.0,826,346,173
P09,Encoding,enc_03,1,4,1104.7,513.1,1235,250,125
P09,Encoding,enc_03,1,5,1064.5,550.3,1547,258,129
P09,Encoding,enc_03,1,6,913.3,349.5,1835,252,126
P09,Encoding,enc_03,1,7,1065.1,530.0,2118,306,153
P09,Encoding,enc_03,1,8,1090.7,590.4,2453,294,147
P09,Encoding,enc_03,1,9,1066.8,700.4,2801,138,69
P09,Encoding,enc_03,1,10,982.9,308.2,2987,344,172
P09,Encoding,enc_04,1,1,972.8,703.8,103,272,136
P09,Encoding,enc_04,1,2,824.9,451.2,443,494,247
P09,Encoding,enc_04,1,3,1251.5,408.4,1006,310,155
P09,Encoding,enc_04,1,4,798.2,525.6,1378,460,230
P09,Encoding,enc_04,1,5,844.7,499.2,1888,430,215
P09,Encoding,enc_04,1,6,1243.1,368.1,2348,428,214
P09,Encoding,enc_04,1,7,1024.5,774.1,2813,338,169
P09,Encoding,enc_04,1,8,1267.9,507.5,3220,208,104
P09,Encoding,enc_04,1,9,1329.9,400.7,3456,340,170
P09,Encoding,enc_04,1,10,546.3,950.2,3834,276,138
P09,Encoding,enc_04,1,11,486.5,890.1,4150,80,40
P09,Encoding,enc_05,1,1,1340.3,737.8,76,300,150
P09,Encoding,enc_05,1,2,609.5,269.3,404,254,127
P09,Encoding,enc_05,1,3,588.9,320.0,699,254,127
P09,Encoding,enc_05,1,4,1315.4,687.6,989,264,132
P09,Encoding,enc_05,1,5,1344.4,657.5,1280,236,118
P09,Encoding,enc_05,1,6,591.5,278.6,1543,450,225
P09,Encoding,enc_05,1,7,1353.2,287.5,2035,296,148
P09,Encoding,enc_05,1,8,1331.6,719.3,2392,380,190
P09,Encoding,enc_05,1,9,636.6,274.5,2839,324,162
P09,Encoding,enc_05,1,10,1447.2,745.5,3214,364,182
P09,Encoding,enc_06,1,1,672.5,642.6,112,338,169
P09,Encoding,enc_06,1,2,1058.7,362.9,476,342,171
P09,Encoding,enc_06,1,3,641.9,681.4,848,250,125
P09,Encoding,enc_06,1,4,1015.4,387.2,1141,280,140
P09,Encoding,enc_06,1,5,648.3,647.4,1461,224,112
P09,Encoding,enc_06,1,6,816.5,306.5,1721,306,153
P09,Encoding,enc_06,1,7,923.5,605.9,2053,294,147
P09,Encoding,enc_06,1,8,1013.6,399.7,2413,312,156
P09,Encoding,enc_06,1,9,953.1,647.3,2794,234,117
P09,Encoding,enc_06,1,10,982.7,373.0,3090,324,162
P09,Encoding,enc_06,1,11,603.9,667.9,3455,240,120
P09,Encoding,enc_07,1,1,809.5,784.2,56,212,106
P09,Encoding,enc_07,1,2,1139.5,670.8,294,224,112
P09,Encoding,enc_07,1,3,660.0,305.3,580,264,132
P09,Encoding,enc_07,1,4,1139.2,667.7,884,134,67
P09,Encoding,enc_07,1,5,766.3,761.9,1062,424,212
P09,Encoding,enc_07,1,6,606.0,293.2,1553,250,125
P09,Encoding,enc_07,1,7,1116.2,684.3,1847,268,134
P09,Encoding,enc_07,1,8,741.7,529.0,2156,358,179
P09,Encoding,enc_07,1,9,598.7,297.4,2538,176,88
P09,Encoding,enc_07,1,10,814.9,703.2,2778,304,152
P09,Encoding,enc_07,1,11,868.1,669.5,3123,192,96
P09,Encoding,enc_07,1,12,758.4,793.2,3346,306,153
P09,Encoding,enc_07,1,13,760.6,831.5,3679,294,147
P09,Encoding,enc_08,1,1,1002.7,661.5,75,286,143
P09,Encoding,enc_08,1,2,690.7,782.0,402,182,91
P09,Encoding,enc_08,1,3,716.1,446.9,638,298,149
P09,Encoding,enc_08,1,4,1459.7,566.3,974,242,121
P09,Encoding,enc_08,1,5,1012.3,331.5,1264,298,149
P09,Encoding,enc_08,1,6,1592.1,91.5,1631,376,188
P09,Encoding,enc_08,1,7,1022.6,315.9,2032,252,126
P09,Encoding,enc_08,1,8,803.2,300.6,2347,124,62
P09,Encoding,enc_08,1,9,604.4,730.9,2526,356,178
P09,Encoding,enc_08,1,10,1467.0,903.8,2929,496,248
P09,Encoding,enc_08,1,11,987.0,844.1,3453,206,103
P09,Encoding,enc_08,1,12,946.8,234.6,3685,340,170
P09,Encoding,enc_08,1,13,1002.8,354.2,4071,382,191
P09,Encoding,enc_08,1,14,1041.1,680.6,4517,272,136
P09,Encoding,enc_09,1,1,1115.4,393.9,68,276,138
P09,Encoding,enc_09,1,2,758.4,431.5,397,176,88
P09,Encoding,enc_09,1,3,1236.6,402.4,640,204,102
P09,Encoding,enc_09,1,4,1362.1,495.2,874,264,132
P09,Encoding,enc_09,1,5,764.0,351.3,1165,368,184
P09,Encoding,enc_09,1,6,1364.4,395.5,1584,238,119
P09,Encoding,enc_09,1,7,815.1,296.6,1859,218,109
P09,Encoding,enc_09,1,8,703.3,321.0,2116,236,118
P09,Encoding,enc_09,1,9,1249.9,493.4,2392,246,123
P09,Encoding,enc_09,1,10,694.3,363.7,2689,172,86
P09,Encoding,enc_09,1,11,763.8,334.5,2897,346,173
P09,Encoding,enc_10,1,1,758.2,723.7,83,362,181
P09,Encoding,enc_10,1,2,767.6,765.2,491,252,126
P09,Encoding,enc_10,1,3,1022.4,616.2,792,234,117
P09,Encoding,enc_10,1,4,970.0,455.9,1066,466,233
P09,Encoding,enc_10,1,5,769.8,751.3,1578,112,56
P09,Encoding,enc_10,1,6,1025.9,753.6,1740,444,222
P09,Encoding,enc_10,1,7,1007.4,477.4,2212,156,78
P09,Encoding,enc_10,1,8,1063.4,691.2,2414,314,157
P09,Encoding,enc_10,1,9,1062.2,727.1,2784,338,169
P09,Encoding,enc_10,1,10,780.0,747.8,3151,254,127
P09,Encoding,enc_10,1,11,1012.8,765.4,3468,248,124
P09,Encoding,enc_10,1,12,1029.6,652.1,3780,276,138
P09,Encoding,enc_10,1,13,382.5,592.2,4090,296,148
P09,Encoding,enc_10,1,14,1542.8,53.8,4441,132,66
P09,Encoding,enc_11,1,1,1117.4,668.7,46,260,130
P09,Encoding,enc_11,1,2,896.3,585.9,375,402,201
P09,Encoding,enc_11,1,3,896.7,548.2,823,214,107
P09,Encoding,enc_11,1,4,1104.9,282.0,1100,432,216
P09,Encoding,enc_11,1,5,1108.9,363.5,1577,198,99
P09,Encoding,enc_11,1,6,1122.9,309.7,1830,416,208
P09,Encoding,enc_11,1,7,1154.2,683.3,2275,478,239
P09,Encoding,enc_11,1,8,781.8,280.0,2782,308,154
P09,Encoding,enc_11,1,9,1137.1,631.3,3154,366,183
P09,Encoding,enc_11,1,10,922.1,630.6,3545,198,99
P09,Encoding,enc_11,1,11,1116.1,639.5,3784,376,188
P09,Encoding,enc_11,1,12,922.6,254.0,4194,298,149
P09,Encoding,enc_11,1,13,911.1,712.3,4549,212,106
P09,Encoding,enc_12,1,1,1212.8,673.2,75,294,147
P09,Encoding,enc_12,1,2,1176.9,596.8,397,322,161
P09,Encoding,enc_12,1,3,542.4,360.9,776,148,74
P09,Encoding,enc_12,1,4,1161.2,355.7,969,212,106
P09,Encoding,enc_12,1,5,1196.6,632.1,1249,250,125
P09,Encoding,enc_12,1,6,702.3,1030.1,1542,212,106
P09,Encoding,enc_12,1,7,1171.0,311.5,1812,202,101
P09,Encoding,enc_12,1,8,1188.5,626.2,2075,264,132
P09,Encoding,enc_12,1,9,1145.3,268.4,2397,380,190
P09,Encoding,enc_12,1,10,1201.2,306.8,2819,336,168
P09,Encoding,enc_12,1,11,619.3,381.8,3204,352,176
P09,Encoding,enc_13,1,1,1306.9,654.2,93,176,88
P09,Encoding,enc_13,1,2,908.0,625.1,331,274,137
P09,Encoding,enc_13,1,3,921.6,639.5,629,202,101
P09,Encoding,enc_13,1,4,1305.2,619.4,862,238,119
P09,Encoding,enc_13,1,5,955.0,415.8,1139,412,206
P09,Encoding,enc_13,1,6,897.7,567.4,1601,316,158
P09,Encoding,enc_13,1,7,1081.4,426.4,1981,262,131
P09,Encoding,enc_13,1,8,1338.3,697.5,2275,208,104
P09,Encoding,enc_13,1,9,1275.0,742.0,2508,328,164
P09,Encoding,enc_14,1,1,891.5,265.7,110,394,197
P09,Encoding,enc_14,1,2,1024.7,273.0,565,94,47
P09,Encoding,enc_14,1,3,911.7,264.8,703,386,193
P09,Encoding,enc_14,1,4,783.3,704.0,1154,422,211
P09,Encoding,enc_14,1,5,781.3,639.4,1644,350,175
P09,Encoding,enc_14,1,6,805.9,603.5,2024,350,175
P09,Encoding,enc_14,1,7,652.2,490.8,2406,300,150
P09,Encoding,enc_14,1,8,904.4,261.0,2730,318,159
P09,Encoding,enc_14,1,9,747.5,1043.8,3107,244,122
P09,Encoding,enc_14,1,10,908.0,289.7,3420,278,139
P09,Encoding,enc_14,1,11,791.3,683.0,3741,268,134
P09,Encoding,enc_15,1,1,1178.3,495.8,55,248,124
P09,Encoding,enc_15,1,2,720.5,580.1,339,252,126
P09,Encoding,enc_15,1,3,1200.5,540.3,650,274,137
P09,Encoding,enc_15,1,4,905.9,391.7,980,370,185
P09,Encoding,enc_15,1,5,701.9,618.9,1393,338,169
P09,Encoding,enc_15,1,6,710.6,641.4,1779,262,131
P09,Encoding,enc_15,1,7,908.7,482.3,2077,350,175
P09,Encoding,enc_15,1,8,919.6,411.6,2489,264,132
P09,Encoding,enc_15,1,9,1201.9,571.8,2779,270,135
P09,Encoding,enc_15,1,10,917.2,396.0,3100,320,160
P09,Encoding,enc_16,1,1,1241.0,864.9,86,368,184
P09,Encoding,enc_16,1,2,1241.8,796.0,489,326,163
P09,Encoding,enc_16,1,3,782.0,481.1,856,234,117
P09,Encoding,enc_16,1,4,1243.3,848.2,1119,384,192
P09,Encoding,enc_16,1,5,690.5,787.0,1549,342,171
P09,Encoding,enc_16,1,6,570.9,719.0,1919,190,95
P09,Encoding,enc_16,1,7,1178.2,555.1,2136,268,134
P09,Encoding,enc_16,1,8,1150.8,689.7,2453,274,137
P09,Encoding,enc_16,1,9,891.5,465.2,2751,222,111
P09,Encoding,enc_16,1,10,747.6,469.1,3009,366,183
P09,Encoding,enc_16,1,11,684.8,457.1,3433,372,186
P09,Encoding,enc_16,1,12,870.6,420.1,3847,214,107
P09,Encoding,enc_16,1,13,1074.1,560.9,4097,206,103
P09,Encoding,enc_16,1,14,715.0,477.6,4346,246,123
P09,Encoding,enc_16,1,15,729.7,447.3,4656,278,139
P09,Encoding,enc_17,1,1,1298.8,791.8,90,252,126
P09,Encoding,enc_17,1,2,642.4,765.4,393,354,177
P09,Encoding,enc_17,1,3,640.1,712.4,808,422,211
P09,Encoding,enc_17,1,4,673.2,268.4,1273,170,85
P09,Encoding,enc_17,1,5,682.4,670.2,1487,364,182
P09,Encoding,enc_17,1,6,648.5,288.6,1899,278,139
P09,Encoding,enc_17,1,7,1815.4,1013.4,2213,152,76
P09,Encoding,enc_17,1,8,1441.4,227.1,2429,360,180
P09,Encoding,enc_17,1,9,544.0,257.2,2841,398,199
P09,Encoding,enc_17,1,10,677.8,643.0,3287,280,140
P09,Encoding,enc_17,1,11,674.5,688.9,3634,304,152
P09,Encoding,enc_18,1,1,777.5,694.9,89,176,88
P09,Encoding,enc_18,1,2,803.5,476.7,324,310,155
P09,Encoding,enc_18,1,3,1213.3,469.5,680,370,185
P09,Encoding,enc_18,1,4,806.9,919.7,1097,450,225
P09,Encoding,enc_18,1,5,1424.1,919.3,1596,206,103
P09,Encoding,enc_18,1,6,782.6,399.8,1864,322,161
P09,Encoding,enc_18,1,7,834.8,717.3,2216,304,152
P09,Encoding,enc_18,1,8,1357.6,666.9,2557,252,126
P09,Encoding,enc_18,1,9,805.3,396.9,2852,350,175
P09,Encoding,enc_18,1,10,813.5,675.5,3240,134,67
P09,Encoding,enc_18,1,11,1180.9,403.3,3420,404,202
P09,Encoding,enc_18,1,12,797.4,406.5,3882,226,113
P09,Encoding,enc_18,1,13,794.1,375.7,4135,280,140
P09,Encoding,enc_18,1,14,1065.9,412.0,4456,340,170
P09,Encoding,enc_18,1,15,799.4,380.0,4830,224,112
P09,Encoding,enc_19,1,1,1377.5,746.5,44,376,188
P09,Encoding,enc_19,1,2,759.3,326.8,485,292,146
P09,Encoding,enc_19,1,3,1059.5,539.8,805,380,190
P09,Encoding,enc_19,1,4,1160.6,720.8,1218,362,181
P09,Encoding,enc_19,1,5,786.8,316.8,1625,442,221
P09,Encoding,enc_19,1,6,1076.5,475.2,2116,442,221
P09,Encoding,enc_19,1,7,461.2,390.0,2592,344,172
P09,Encoding,enc_19,1,8,760.4,352.8,3001,458,229
P09,Encoding,enc_19,1,9,1448.2,524.7,3492,236,118
P09,Encoding,enc_19,1,10,1439.9,647.8,3788,234,117
P09,Encoding,enc_19,1,11,1270.7,586.5,4055,302,151
P09,Encoding,enc_20,1,1,1211.0,330.2,86,188,94
P09,Encoding,enc_20,1,2,659.8,525.0,319,286,143
P09,Encoding,enc_20,1,3,1301.3,363.8,655,366,183
P09,Encoding,enc_20,1,4,1305.3,278.7,1047,308,154
P09,Encoding,enc_20,1,5,691.1,490.8,1406,320,160
P09,Encoding,enc_20,1,6,1286.2,610.1,1769,80,40
P09,Encoding,enc_20,1,7,636.8,403.5,1894,384,192
P09,Encoding,enc_20,1,8,843.7,519.6,2340,188,94
P09,Encoding,enc_20,1,9,649.5,714.3,2556,304,152
P09,Encoding,enc_20,1,10,1236.8,693.0,2895,360,180
P09,Encoding,enc_20,1,11,630.6,735.3,3298,310,155
P09,Encoding,enc_20,1,12,841.5,536.8,3634,460,230
P09,Encoding,enc_20,1,13,701.6,333.1,4119,364,182
P09,Retrieval,ret_01,1,1,1095.8,810.5,101,104,52
P09,Retrieval,ret_01,1,2,1318.6,366.5,247,268,134
P09,Retrieval,ret_01,1,3,374.6,47.6,566,270,135
P09,Retrieval,ret_01,1,4,1083.6,842.5,877,360,180
P09,Retrieval,ret_01,1,5,1300.3,405.3,1265,236,118
P09,Retrieval,ret_01,1,6,1086.4,712.2,1549,222,111
P09,Retrieval,ret_01,1,7,781.9,509.3,1802,378,189
P09,Retrieval,ret_01,1,8,1497.4,811.4,2246,94,47
P09,Retrieval,ret_01,1,9,969.0,507.7,2404,300,150
P09,Retrieval,ret_01,1,10,638.9,352.1,2737,320,160
P09,Retrieval,ret_02,1,1,993.4,362.5,104,294,147
P09,Retrieval,ret_02,1,2,639.1,710.7,429,102,51
P09,Retrieval,ret_02,1,3,1066.8,617.0,598,274,137
P09,Retrieval,ret_02,1,4,613.1,721.2,909,280,140
P09,Retrieval,ret_02,1,5,815.9,277.6,1250,228,114
P09,Retrieval,ret_02,1,6,557.0,755.1,1542,276,138
P09,Retrieval,ret_02,1,7,1007.9,547.1,1855,274,137
P09,Retrieval,ret_02,1,8,780.9,243.5,2188,344,172
P09,Retrieval,ret_02,1,9,959.5,495.2,2584,162,81
P09,Retrieval,ret_02,1,10,1068.0,684.2,2795,80,40
P09,Retrieval,ret_02,1,11,1079.1,660.3,2900,412,206
P09,Retrieval,ret_02,1,12,980.6,514.0,3342,376,188
P09,Retrieval,ret_02,1,13,1061.9,659.0,3767,334,167
P09,Retrieval,ret_03,1,1,745.8,615.9,77,340,170
P09,Retrieval,ret_03,1,2,959.4,375.2,467,400,200
P09,Retrieval,ret_03,1,3,932.5,361.7,921,258,129
P09,Retrieval,ret_03,1,4,1163.0,486.8,1207,256,128
P09,Retrieval,ret_03,1,5,928.9,499.6,1505,346,173
P09,Retrieval,ret_03,1,6,910.4,359.4,1897,252,126
P09,Retrieval,ret_03,1,7,907.5,429.9,2176,436,218
P09,Retrieval,ret_03,1,8,853.1,452.9,2670,294,147
P09,Retrieval,ret_03,1,9,677.4,637.4,2993,332,166
P09,Retrieval,ret_03,1,10,581.5,657.6,3361,386,193
P09,Retrieval,ret_03,1,11,932.7,560.1,3810,328,164
P09,Retrieval,ret_04,1,1,1144.3,684.3,86,310,155
P09,Retrieval,ret_04,1,2,755.3,752.9,436,394,197
P09,Retrieval,ret_04,1,3,799.4,754.0,888,122,61
P09,Retrieval,ret_04,1,4,984.6,455.9,1053,160,80
P09,Retrieval,ret_04,1,5,1102.7,667.1,1275,176,88
P09,Retrieval,ret_04,1,6,975.5,571.7,1475,260,130
P09,Retrieval,ret_04,1,7,710.3,807.4,1792,246,123
P09,Retrieval,ret_04,1,8,757.3,682.8,2096,258,129
P09,Retrieval,ret_04,1,9,1168.6,639.3,2381,212,106
P09,Retrieval,ret_04,1,10,775.7,679.7,2650,354,177
P09,Retrieval,ret_04,1,11,871.8,623.4,3068,162,81
P09,Retrieval,ret_05,1,1,731.9,484.3,54,132,66
P09,Retrieval,ret_05,1,2,1419.1,411.4,216,290,145
P09,Retrieval,ret_05,1,3,1351.3,457.2,540,514,257
P09,Retrieval,ret_05,1,4,1212.4,476.7,1119,130,65
P09,Retrieval,ret_05,1,5,1030.4,510.3,1306,236,118
P09,Retrieval,ret_05,1,6,1262.0,412.1,1578,152,76
P09,Retrieval,ret_05,1,7,709.2,308.5,1775,274,137
P09,Retrieval,ret_05,1,8,824.7,455.1,2114,282,141
P09,Retrieval,ret_05,1,9,1336.5,532.9,2424,358,179
P09,Retrieval,ret_05,1,10,799.0,351.0,2841,262,131
P09,Retrieval,ret_05,1,11,1218.6,400.9,3169,186,93
P09,Retrieval,ret_05,1,12,1369.3,500.2,3419,312,156
P09,Retrieval,ret_06,1,1,675.3,731.5,84,412,206
P09,Retrieval,ret_06,1,2,957.6,595.7,522,402,201
P09,Retrieval,ret_06,1,3,934.2,240.9,956,542,271
P09,Retrieval,ret_06,1,4,707.3,385.6,1545,326,163
P09,Retrieval,ret_06,1,5,1193.6,673.7,1908,242,121
P09,Retrieval,ret_06,1,6,674.3,487.7,2191,254,127
P09,Retrieval,ret_06,1,7,935.6,474.8,2504,164,82
P09,Retrieval,ret_06,1,8,719.2,788.2,2726,306,153
P09,Retrieval,ret_07,1,1,987.3,504.7,52,216,108
P09,Retrieval,ret_07,1,2,1125.7,504.8,297,300,150
P09,Retrieval,ret_07,1,3,1020.0,514.7,638,404,202
P09,Retrieval,ret_07,1,4,935.5,543.6,1093,348,174
P09,Retrieval,ret_07,1,5,881.6,339.9,1465,292,146
P09,Retrieval,ret_07,1,6,980.6,602.4,1781,116,58
P09,Retrieval,ret_07,1,7,854.1,316.7,1949,246,123
P09,Retrieval,ret_07,1,8,1067.6,635.6,2220,348,174
P09,Retrieval,ret_07,1,9,999.3,291.4,2596,386,193
P09,Retrieval,ret_08,1,1,766.7,774.0,67,284,142
P09,Retrieval,ret_08,1,2,1027.3,428.5,402,328,164
P09,Retrieval,ret_08,1,3,756.9,745.7,756,374,187
P09,Retrieval,ret_08,1,4,1043.9,650.9,1172,178,89
P09,Retrieval,ret_08,1,5,1009.5,671.5,1391,500,250
P09,Retrieval,ret_08,1,6,44.8,145.4,1925,448,224
P09,Retrieval,ret_08,1,7,723.2,722.7,2428,350,175
P09,Retrieval,ret_09,1,1,935.3,514.4,78,344,172
P09,Retrieval,ret_09,1,2,1291.3,865.4,454,186,93
P09,Retrieval,ret_09,1,3,721.2,653.6,672,312,156
P09,Retrieval,ret_09,1,4,1349.3,721.3,1033,184,92
P09,Retrieval,ret_09,1,5,525.0,246.6,1242,250,125
P09,Retrieval,ret_09,1,6,675.8,689.6,1542,232,116
P09,Retrieval,ret_09,1,7,646.4,686.7,1800,354,177
P09,Retrieval,ret_09,1,8,710.0,231.6,2185,226,113
P09,Retrieval,ret_09,1,9,714.2,662.0,2474,424,212
P09,Retrieval,ret_09,1,10,910.6,659.3,2966,294,147
P09,Retrieval,ret_09,1,11,624.8,681.0,3326,412,206
P09,Retrieval,ret_10,1,1,969.1,521.9,78,204,102
P09,Retrieval,ret_10,1,2,1035.2,570.8,324,430,215
P09,Retrieval,ret_10,1,3,951.9,496.0,789,486,243
P09,Retrieval,ret_10,1,4,900.7,500.2,1333,456,228
P09,Retrieval,ret_10,1,5,1218.0,424.4,1843,378,189
P09,Retrieval,ret_10,1,6,1103.2,712.5,2275,322,161
P09,Retrieval,ret_10,1,7,847.3,316.6,2647,278,139
P09,Retrieval,ret_10,1,8,1346.0,444.6,2958,324,162
P09,Retrieval,ret_10,1,9,465.5,817.1,3350,192,96
P09,Retrieval,ret_11,1,1,1096.0,326.6,88,192,96
P09,Retrieval,ret_11,1,2,752.7,297.6,329,242,121
P09,Retrieval,ret_11,1,3,873.5,553.3,597,352,176
P09,Retrieval,ret_11,1,4,1169.7,202.8,987,330,165
P09,Retrieval,ret_11,1,5,914.2,545.7,1347,108,54
P09,Retrieval,ret_11,1,6,1150.5,343.1,1507,192,96
P09,Retrieval,ret_11,1,7,899.9,721.8,1731,308,154
P09,Retrieval,ret_11,1,8,907.5,731.9,2076,130,65
P09,Retrieval,ret_11,1,9,854.7,253.6,2259,300,150
P09,Retrieval,ret_12,1,1,1147.7,358.5,72,156,78
P09,Retrieval,ret_12,1,2,1129.4,346.9,254,426,213
P09,Retrieval,ret_12,1,3,1183.5,497.5,710,366,183
P09,Retrieval,ret_12,1,4,1130.2,366.1,1112,198,99
P09,Retrieval,ret_12,1,5,1842.6,1037.2,1376,292,146
P09,Retrieval,ret_12,1,6,1344.9,679.6,1727,420,210
P09,Retrieval,ret_12,1,7,772.4,443.4,2205,200,100
P09,Retrieval,ret_13,1,1,618.5,246.7,42,192,96
P09,Retrieval,ret_13,1,2,620.8,230.0,284,276,138
P09,Retrieval,ret_13,1,3,614.1,284.6,597,320,160
P09,Retrieval,ret_13,1,4,1367.5,690.7,954,148,74
P09,Retrieval,ret_13,1,5,631.7,283.8,1126,254,127
P09,Retrieval,ret_13,1,6,82.4,1037.5,1409,246,123
P09,Retrieval,ret_13,1,7,501.0,350.6,1723,380,190
P09,Retrieval,ret_13,1,8,549.5,244.5,2161,292,146
P09,Retrieval,ret_13,1,9,901.3,519.7,2513,334,167
P09,Retrieval,ret_13,1,10,1433.2,731.2,2916,270,135
P09,Retrieval,ret_13,1,11,1467.1,808.2,3225,466,233
P09,Retrieval,ret_14,1,1,1160.0,674.5,53,432,216
P09,Retrieval,ret_14,1,2,1209.5,651.3,534,576,288
P09,Retrieval,ret_14,1,3,1137.0,211.4,1158,332,166
P09,Retrieval,ret_14,1,4,1057.0,282.4,1516,408,204
P09,Retrieval,ret_14,1,5,950.1,545.2,1957,240,120
P09,Retrieval,ret_14,1,6,1159.4,641.2,2229,404,202
P09,Retrieval,ret_14,1,7,624.0,346.8,2688,226,113
P09,Retrieval,ret_14,1,8,121.8,32.8,2943,498,249
P09,Retrieval,ret_14,1,9,616.8,401.5,3490,322,161
P09,Retrieval,ret_14,1,10,1253.7,699.1,3874,168,84
P09,Retrieval,ret_14,1,11,1135.9,373.9,4084,188,94
P09,Retrieval,ret_14,1,12,692.8,834.7,4305,374,187
P09,Retrieval,ret_15,1,1,739.7,285.2,105,336,168
P09,Retrieval,ret_15,1,2,1537.8,668.2,499,252,126
P09,Retrieval,ret_15,1,3,948.6,529.6,777,344,172
P09,Retrieval,ret_15,1,4,1109.0,692.3,1177,172,86
P09,Retrieval,ret_15,1,5,1361.3,604.7,1397,384,192
P09,Retrieval,ret_15,1,6,1468.0,488.0,1841,384,192
P09,Retrieval,ret_15,1,7,699.5,361.1,2260,300,150
P09,Retrieval,ret_15,1,8,908.9,550.3,2629,370,185
P09,Retrieval,ret_15,1,9,1468.0,639.9,3051,210,105
P09,Retrieval,ret_15,1,10,1464.7,533.5,3330,336,168
P09,Retrieval,ret_15,1,11,1076.6,468.9,3732,336,168
P09,Retrieval,ret_15,1,12,1407.9,509.9,4135,394,197
P09,Retrieval,ret_16,1,1,942.3,549.7,119,260,130
P09,Retrieval,ret_16,1,2,929.1,382.9,438,200,100
P09,Retrieval,ret_16,1,3,890.9,574.4,669,334,167
P09,Retrieval,ret_16,1,4,1100.3,313.0,1044,458,229
P09,Retrieval,ret_16,1,5,1419.3,489.4,1555,240,120
P09,Retrieval,ret_16,1,6,929.0,549.4,1860,360,180
P09,Retrieval,ret_16,1,7,1002.5,556.5,2273,256,128
P09,Retrieval,ret_16,1,8,681.9,567.7,2564,458,229
P09,Retrieval,ret_16,1,9,669.8,680.9,3081,282,141
P09,Retrieval,ret_16,1,10,795.4,308.6,3388,280,140
P09,Retrieval,ret_16,1,11,996.8,648.9,3736,290,145
P09,Retrieval,ret_17,1,1,1585.6,223.6,107,230,115
P09,Retrieval,ret_17,1,2,692.5,856.5,392,476,238
P09,Retrieval,ret_17,1,3,911.8,626.1,927,192,96
P09,Retrieval,ret_17,1,4,936.0,660.4,1169,240,120
P09,Retrieval,ret_17,1,5,491.8,361.3,1462,310,155
P09,Retrieval,ret_17,1,6,1382.6,727.2,1825,230,115
P09,Retrieval,ret_17,1,7,981.7,502.2,2079,258,129
P09,Retrieval,ret_17,1,8,1313.6,653.7,2398,392,196
P09,Retrieval,ret_17,1,9,1017.1,435.5,2838,360,180
P09,Retrieval,ret_17,1,10,1407.7,479.3,3247,376,188
P09,Retrieval,ret_17,1,11,1045.5,170.3,3660,280,140
P09,Retrieval,ret_17,1,12,627.9,701.3,3985,224,112
P09,Retrieval,ret_17,1,13,1248.2,606.4,4254,252,126
P09,Retrieval,ret_18,1,1,892.1,545.0,111,114,57
P09,Retrieval,ret_18,1,2,954.9,574.1,277,364,182
P09,Retrieval,ret_18,1,3,1423.9,917.0,689,170,85
P09,Retrieval,ret_18,1,3,1350.9,578.6,900,238,119
P09,Retrieval,ret_18,1,4,965.1,556.1,1171,326,163
P09,Retrieval,ret_18,1,5,794.5,854.9,1564,284,142
P09,Retrieval,ret_18,1,6,589.4,530.0,1889,366,183
P09,Retrieval,ret_18,1,7,1259.4,643.6,2292,372,186
P09,Retrieval,ret_18,1,8,723.3,439.6,2721,132,66
P09,Retrieval,ret_18,1,9,670.4,730.3,2921,322,161
P09,Retrieval,ret_18,1,10,888.7,287.0,3307,294,147
P09,Retrieval,ret_18,1,11,981.4,524.8,3644,378,189
P09,Retrieval,ret_18,1,12,1204.6,615.7,4073,232,116
P09,Retrieval,ret_18,1,13,818.4,589.1,4362,508,254
P09,Retrieval,ret_19,1,1,946.4,555.8,40,290,145
P09,Retrieval,ret_19,1,2,775.6,499.9,374,352,176
P09,Retrieval,ret_19,1,3,788.7,769.0,788,254,127
P09,Retrieval,ret_19,1,4,769.2,787.0,1107,306,153
P09,Retrieval,ret_19,1,5,1161.7,704.6,1449,524,262
P09,Retrieval,ret_19,1,6,628.2,288.1,2017,208,104
P09,Retrieval,ret_19,1,7,1081.7,576.6,2257,102,51
P09,Retrieval,ret_19,1,8,609.5,242.7,2411,206,103
P09,Retrieval,ret_19,1,9,1083.9,669.9,2672,288,144
P09,Retrieval,ret_19,1,10,721.8,543.8,3024,170,85
P09,Retrieval,ret_19,1,11,1092.5,645.4,3228,306,153
P09,Retrieval,ret_20,1,1,1040.3,540.9,97,396,198
P09,Retrieval,ret_20,1,2,1211.8,620.0,543,288,144
P09,Retrieval,ret_20,1,3,609.8,764.1,864,370,185
P09,Retrieval,ret_20,1,4,845.0,244.4,1258,264,132
P09,Retrieval,ret_20,1,5,1093.9,579.3,1581,86,43
P09,Retrieval,ret_20,1,6,1037.9,521.4,1708,392,196
P09,Retrieval,ret_20,1,7,906.0,287.4,2146,262,131
P09,Retrieval,ret_20,1,8,1431.9,210.5,2460,402,201
P09,Retrieval,ret_20,1,9,742.3,706.1,2919,278,139
P09,Retrieval,ret_20,1,10,1105.0,708.4,3222,356,178
P09,Retrieval,ret_20,1,11,986.7,517.5,3626,210,105
P09,Retrieval,ret_20,1,12,957.1,499.2,3872,364,182
P10,Encoding,enc_01,1,1,739.9,828.0,118,186,93
P10,Encoding,enc_01,1,2,1116.5,672.0,333,132,66
P10,Encoding,enc_01,1,3,924.3,279.9,533,274,137
P10,Encoding,enc_01,1,4,1042.9,668.3,868,224,112
P10,Encoding,enc_01,1,5,1123.1,276.9,1129,304,152
P10,Encoding,enc_01,1,6,1087.1,305.4,1476,252,126
P10,Encoding,enc_01,1,7,915.5,566.0,1794,186,93
P10,Encoding,enc_01,1,8,603.0,170.4,2036,400,200
P10,Encoding,enc_01,1,9,790.0,222.1,2480,478,239
P10,Encoding,enc_01,1,10,828.7,261.0,3016,220,110
P10,Encoding,enc_01,1,11,906.3,616.6,3303,254,127
P10,Encoding,enc_01,1,12,1100.4,267.5,3614,190,95
P10,Encoding,enc_01,1,13,1117.3,672.6,3840,280,140
P10,Encoding,enc_02,1,1,898.9,601.9,119,258,129
P10,Encoding,enc_02,1,2,1239.8,603.9,436,296,148
P10,Encoding,enc_02,1,3,1226.4,564.4,795,206,103
P10,Encoding,enc_02,1,4,1191.5,362.9,1036,234,117
P10,Encoding,enc_02,1,5,1153.2,307.4,1312,80,40
P10,Encoding,enc_02,1,6,579.2,361.9,1439,334,167
P10,Encoding,enc_02,1,7,539.9,355.0,1829,306,153
P10,Encoding,enc_02,1,8,938.2,524.4,2183,370,185
P10,Encoding,enc_02,1,9,918.8,535.3,2610,404,202
P10,Encoding,enc_02,1,10,894.2,577.0,3071,306,153
P10,Encoding,enc_02,1,11,656.5,371.6,3412,310,155
P10,Encoding,enc_03,1,1,860.0,620.6,42,164,82
P10,Encoding,enc_03,1,2,980.3,432.1,252,290,145
P10,Encoding,enc_03,1,3,1265.0,667.9,600,264,132
P10,Encoding,enc_03,1,4,894.8,660.2,899,336,168
P10,Encoding,enc_03,1,5,1305.8,619.1,1261,420,210
P10,Encoding,enc_03,1,6,967.0,614.8,1729,142,71
P10,Encoding,enc_03,1,7,901.9,611.7,1938,354,177
P10,Encoding,enc_03,1,8,1022.3,407.3,2335,178,89
P10,Encoding,enc_03,1,9,1020.9,303.4,2544,402,201
P10,Encoding,enc_03,1,10,901.4,679.6,2979,216,108
P10,Encoding,enc_03,1,11,1375.5,729.9,3240,336,168
P10,Encoding,enc_03,1,12,933.8,585.4,3603,198,99
P10,Encoding,enc_04,1,1,770.0,709.0,91,258,129
P10,Encoding,enc_04,1,2,580.3,505.9,416,340,170
P10,Encoding,enc_04,1,3,591.1,500.7,824,304,152
P10,Encoding,enc_04,1,4,1112.2,632.9,1168,396,198
P10,Encoding,enc_04,1,5,773.0,721.2,1607,334,167
P10,Encoding,enc_04,1,6,1048.6,321.6,1976,230,115
P10,Encoding,enc_04,1,7,790.4,711.5,2233,276,138
P10,Encoding,enc_04,1,8,1083.9,582.4,2576,284,142
P10,Encoding,enc_04,1,9,1052.8,362.5,2914,176,88
P10,Encoding,enc_04,1,10,910.6,285.7,3150,446,223
P10,Encoding,enc_04,1,11,1112.1,541.3,3640,224,112
P10,Encoding,enc_05,1,1,1255.5,566.4,67,116,58
P10,Encoding,enc_05,1,2,1252.6,487.6,228,364,182
P10,Encoding,enc_05,1,3,643.5,628.6,639,104,52
P10,Encoding,enc_05,1,4,1278.6,551.7,769,320,160
P10,Encoding,enc_05,1,5,631.3,646.4,1119,358,179
P10,Encoding,enc_05,1,6,687.9,673.2,1542,206,103
P10,Encoding,enc_05,1,7,613.9,619.1,1810,160,80
P10,Encoding,enc_05,1,8,760.7,475.2,2034,262,131
P10,Encoding,enc_05,1,9,1239.1,515.2,2321,450,225
P10,Encoding,enc_05,1,10,1187.4,67.9,2830,230,115
P10,Encoding,enc_05,1,11,1291.1,550.4,3097,152,76
P10,Encoding,enc_05,1,12,680.1,660.4,3286,384,192
P10,Encoding,enc_05,1,13,662.2,692.2,3732,234,117
P10,Encoding,enc_05,1,14,1538.1,729.3,3990,150,75
P10,Encoding,enc_06,1,1,1038.7,742.6,109,114,57
P10,Encoding,enc_06,1,2,1054.0,495.2,276,134,67
P10,Encoding,enc_06,1,3,769.2,413.1,454,384,192
P10,Encoding,enc_06,1,4,1029.0,485.2,879,318,159
P10,Encoding,enc_06,1,5,1263.5,318.6,1250,204,102
P10,Encoding,enc_06,1,6,1005.8,608.2,1480,576,288
P10,Encoding,enc_06,1,7,1042.6,235.5,2125,266,133
P10,Encoding,enc_06,1,8,1111.3,214.2,2424,334,167
P10,Encoding,enc_06,1,9,1006.9,521.2,2797,318,159
P10,Encoding,enc_06,1,10,1025.0,412.3,3140,236,118
P10,Encoding,enc_06,1,11,1042.4,248.1,3417,346,173
P10,Encoding,enc_06,1,12,787.1,672.5,3810,286,143
P10,Encoding,enc_06,1,13,674.0,713.8,4146,152,76
P10,Encoding,enc_07,1,1,1272.0,529.6,101,396,198
P10,Encoding,enc_07,1,2,1393.5,423.5,537,332,166
P10,Encoding,enc_07,1,3,944.5,832.3,900,264,132
P10,Encoding,enc_07,1,4,1368.2,256.3,1193,272,136
P10,Encoding,enc_07,1,5,1284.6,514.8,1490,334,167
P10,Encoding,enc_07,1,6,1304.8,480.0,1850,150,75
P10,Encoding,enc_07,1,7,948.6,827.2,2032,244,122
P10,Encoding,enc_07,1,8,1052.9,555.2,2323,204,102
P10,Encoding,enc_07,1,9,1228.2,770.9,2582,356,178
P10,Encoding,enc_07,1,10,1101.7,558.3,2971,354,177
P10,Encoding,enc_07,1,11,1239.5,525.4,3377,220,110
P10,Encoding,enc_08,1,1,741.2,92.0,81,470,235
P10,Encoding,enc_08,1,2,817.5,639.6,603,322,161
P10,Encoding,enc_08,1,3,567.9,79.9,973,284,142
P10,Encoding,enc_08,1,4,1122.5,416.1,1298,284,142
P10,Encoding,enc_08,1,5,806.7,462.1,1640,358,179
P10,Encoding,enc_08,1,6,813.9,399.1,2065,382,191
P10,Encoding,enc_08,1,7,1124.3,379.3,2473,314,157
P10,Encoding,enc_08,1,8,1140.7,416.6,2846,492,246
P10,Encoding,enc_08,1,9,780.2,330.3,3380,378,189
P10,Encoding,enc_08,1,10,753.7,434.5,3818,176,88
P10,Encoding,enc_08,1,11,811.3,392.5,4021,102,51
P10,Encoding,enc_08,1,12,838.5,669.9,4152,124,62
P10,Encoding,enc_08,1,13,824.2,708.5,4302,80,40
P10,Encoding,enc_08,1,14,808.1,665.4,4420,302,151
P10,Encoding,enc_09,1,1,798.2,317.3,77,280,140
P10,Encoding,enc_09,1,2,734.7,326.3,385,302,151
P10,Encoding,enc_09,1,3,1367.8,741.7,740,356,178
P10,Encoding,enc_09,1,4,692.0,731.3,1151,382,191
P10,Encoding,enc_09,1,5,1178.9,723.5,1588,358,179
P10,Encoding,enc_09,1,6,1126.5,541.4,2004,382,191
P10,Encoding,enc_09,1,7,1060.4,532.8,2442,292,146
P10,Encoding,enc_09,1,8,1060.5,494.4,2769,402,201
P10,Encoding,enc_09,1,9,1032.6,592.4,3209,408,204
P10,Encoding,enc_09,1,10,1372.7,733.5,3645,402,201
P10,Encoding,enc_10,1,1,648.7,753.0,81,312,156
P10,Encoding,enc_10,1,2,743.1,749.8,417,156,78
P10,Encoding,enc_10,1,3,1236.5,320.4,612,148,74
P10,Encoding,enc_10,1,4,685.3,703.4,818,354,177
P10,Encoding,enc_10,1,5,171.2,617.5,1230,326,163
P10,Encoding,enc_10,1,6,831.9,515.6,1595,240,120
P10,Encoding,enc_10,1,7,605.4,514.1,1898,342,171
P10,Encoding,enc_10,1,8,656.3,778.4,2265,400,200
P10,Encoding,enc_10,1,9,654.0,722.5,2711,180,90
P10,Encoding,enc_10,1,10,707.8,759.9,2919,354,177
P10,Encoding,enc_10,1,11,646.5,504.9,3297,296,148
P10,Encoding,enc_10,1,12,834.8,518.3,3632,272,136
P10,Encoding,enc_10,1,13,385.5,31.4,3969,180,90
P10,Encoding,enc_10,1,14,795.8,528.2,4199,236,118
P10,Encoding,enc_10,1,15,1307.1,341.5,4495,174,87
P10,Encoding,enc_11,1,1,1236.5,507.2,118,340,170
P10,Encoding,enc_11,1,2,1164.5,286.9,516,202,101
P10,Encoding,enc_11,1,3,875.5,749.8,749,178,89
P10,Encoding,enc_11,1,4,641.3,546.6,964,408,204
P10,Encoding,enc_11,1,5,1152.6,570.7,1400,256,128
P10,Encoding,enc_11,1,6,1227.9,571.2,1684,208,104
P10,Encoding,enc_11,1,7,1181.7,577.6,1944,112,56
P10,Encoding,enc_11,1,8,1060.0,208.5,2103,292,146
P10,Encoding,enc_11,1,9,1255.8,588.6,2448,156,78
P10,Encoding,enc_11,1,10,1174.3,543.6,2651,296,148
P10,Encoding,enc_12,1,1,1200.5,228.6,87,222,111
P10,Encoding,enc_12,1,2,650.6,808.8,364,372,186
P10,Encoding,enc_12,1,3,1255.6,233.8,788,402,201
P10,Encoding,enc_12,1,4,782.4,450.0,1242,324,162
P10,Encoding,enc_12,1,5,709.1,770.4,1612,374,187
P10,Encoding,enc_12,1,6,613.1,736.8,2012,508,254
P10,Encoding,enc_12,1,7,736.2,779.3,2583,546,273
P10,Encoding,enc_12,1,8,703.6,774.9,3196,340,170
P10,Encoding,enc_12,1,9,1216.4,291.4,3594,162,81
P10,Encoding,enc_12,1,10,788.5,446.7,3786,158,79
P10,Encoding,enc_12,1,11,842.0,481.6,3986,364,182
P10,Encoding,enc_12,1,12,273.8,358.6,4381,202,101
P10,Encoding,enc_12,1,13,1238.9,817.4,4627,244,122
P10,Encoding,enc_13,1,1,941.4,365.9,77,250,125
P10,Encoding,enc_13,1,2,755.3,357.3,368,334,167
P10,Encoding,enc_13,1,3,263.9,684.5,728,360,180
P10,Encoding,enc_13,1,4,725.5,414.0,1147,386,193
P10,Encoding,enc_13,1,5,1029.6,374.8,1591,308,154
P10,Encoding,enc_13,1,6,709.9,369.5,1946,304,152
P10,Encoding,enc_13,1,7,709.3,367.6,2316,182,91
P10,Encoding,enc_13,1,8,1246.2,545.9,2557,292,146
P10,Encoding,enc_13,1,9,784.4,339.2,2903,332,166
P10,Encoding,enc_13,1,10,582.3,235.0,3282,202,101
P10,Encoding,enc_13,1,11,1089.6,608.5,3508,106,53
P10,Encoding,enc_14,1,1,1105.2,283.3,101,332,166
P10,Encoding,enc_14,1,2,987.9,363.3,459,346,173
P10,Encoding,enc_14,1,3,1135.9,611.2,864,344,172
P10,Encoding,enc_14,1,4,992.1,355.7,1265,418,209
P10,Encoding,enc_14,1,5,627.0,693.5,1709,412,206
P10,Encoding,enc_14,1,6,944.7,361.4,2184,330,165
P10,Encoding,enc_14,1,7,723.7,692.8,2539,216,108
P10,Encoding,enc_14,1,8,232.1,407.3,2783,312,156
P10,Encoding,enc_14,1,9,980.4,362.3,3141,452,226
P10,Encoding,enc_14,1,10,950.9,388.7,3619,180,90
P10,Encoding,enc_14,1,11,453.7,235.5,3828,350,175
P10,Encoding,enc_14,1,12,1092.1,119.2,4237,364,182
P10,Encoding,enc_14,1,13,1236.8,258.3,4659,354,177
P10,Encoding,enc_14,1,14,767.4,661.4,5082,212,106
P10,Encoding,enc_15,1,1,1309.9,748.1,61,208,104
P10,Encoding,enc_15,1,2,601.1,246.7,303,342,171
P10,Encoding,enc_15,1,3,1329.9,779.7,678,382,191
P10,Encoding,enc_15,1,4,1019.9,466.9,1121,186,93
P10,Encoding,enc_15,1,5,1354.5,884.4,1337,184,92
P10,Encoding,enc_15,1,6,1314.2,806.5,1589,288,144
P10,Encoding,enc_15,1,7,1276.0,762.6,1903,342,171
P10,Encoding,enc_15,1,8,1340.3,674.1,2300,304,152
P10,Encoding,enc_15,1,9,1339.5,643.1,2669,372,186
P10,Encoding,enc_15,1,10,1301.9,753.2,3075,114,57
P10,Encoding,enc_15,1,11,579.0,293.7,3245,270,135
P10,Encoding,enc_15,1,12,1299.1,720.5,3544,296,148
P10,Encoding,enc_16,1,1,949.6,643.6,53,420,210
P10,Encoding,enc_16,1,2,772.5,354.9,497,286,143
P10,Encoding,enc_16,1,3,885.3,607.6,835,318,159
P10,Encoding,enc_16,1,4,680.4,412.5,1191,244,122
P10,Encoding,enc_16,1,5,930.9,627.9,1482,192,96
P10,Encoding,enc_16,1,6,792.1,307.0,1703,254,127
P10,Encoding,enc_16,1,7,698.3,642.5,1991,302,151
P10,Encoding,enc_16,1,8,839.4,303.8,2358,288,144
P10,Encoding,enc_16,1,9,655.8,671.7,2701,358,179
P10,Encoding,enc_16,1,10,668.4,682.4,3109,300,150
P10,Encoding,enc_16,1,11,840.7,275.2,3446,314,157
P10,Encoding,enc_16,1,12,662.3,635.2,3814,402,201
P10,Encoding,enc_17,1,1,1094.0,645.0,70,188,94
P10,Encoding,enc_17,1,2,1066.6,748.6,314,332,166
P10,Encoding,enc_17,1,3,1151.8,668.8,682,230,115
P10,Encoding,enc_17,1,4,1172.9,644.0,948,316,158
P10,Encoding,enc_17,1,5,789.8,801.0,1323,334,167
P10,Encoding,enc_17,1,6,576.1,318.0,1701,292,146
P10,Encoding,enc_17,1,7,667.1,296.8,2057,226,113
P10,Encoding,enc_17,1,8,1085.8,699.0,2343,344,172
P10,Encoding,enc_17,1,9,846.8,450.0,2746,238,119
P10,Encoding,enc_17,1,10,790.2,715.2,3026,282,141
P10,Encoding,enc_19,1,1,991.7,234.2,75,274,137
P10,Encoding,enc_19,1,2,1304.9,181.5,414,272,136
P10,Encoding,enc_19,1,3,1280.5,721.5,738,366,183
P10,Encoding,enc_19,1,4,554.3,774.7,1148,224,112
P10,Encoding,enc_19,1,5,1032.0,252.3,1427,334,167
P10,Encoding,enc_19,1,6,649.0,787.3,1820,294,147
P10,Encoding,enc_19,1,7,702.8,806.5,2147,328,164
P10,Encoding,enc_19,1,8,1270.4,661.7,2527,462,231
P10,Encoding,enc_19,1,9,425.6,1040.6,3041,358,179
P10,Encoding,enc_19,1,10,671.4,770.4,3437,302,151
P10,Encoding,enc_19,1,11,907.9,484.0,3803,322,161
P10,Encoding,enc_20,1,1,927.2,471.4,53,220,110
P10,Encoding,enc_20,1,2,1314.5,323.3,323,238,119
P10,Encoding,enc_20,1,3,1246.6,333.1,601,308,154
P10,Encoding,enc_20,1,4,1269.3,348.0,970,158,79
P10,Encoding,enc_20,1,5,660.9,566.8,1153,278,139
P10,Encoding,enc_20,1,6,1114.7,518.6,1474,264,132
P10,Encoding,enc_20,1,7,483.5,492.9,1774,268,134
P10,Encoding,enc_20,1,8,1088.4,462.8,2067,236,118
P10,Encoding,enc_20,1,9,1468.0,448.7,2351,258,129
P10,Encoding,enc_20,1,10,880.1,479.7,2664,320,160
P10,Encoding,enc_20,1,11,1116.9,574.3,3035,360,180
P10,Encoding,enc_20,1,12,42.6,941.7,3430,424,212
P10,Encoding,enc_20,1,13,628.0,602.4,3905,368,184
P10,Encoding,enc_20,1,14,600.4,520.4,4312,304,152
P10,Retrieval,ret_01,1,1,887.0,553.5,54,268,134
P10,Retrieval,ret_01,1,2,1078.2,317.3,388,322,161
P10,Retrieval,ret_01,1,3,740.6,813.0,762,284,142
P10,Retrieval,ret_01,1,4,1569.9,427.6,1088,226,113
P10,Retrieval,ret_01,1,5,1108.5,364.8,1341,200,100
P10,Retrieval,ret_01,1,6,1164.3,243.1,1588,248,124
P10,Retrieval,ret_01,1,7,779.5,267.3,1898,194,97
P10,Retrieval,ret_01,1,8,914.1,500.4,2133,326,163
P10,Retrieval,ret_01,1,9,938.7,466.1,2510,250,125
P10,Retrieval,ret_01,1,10,1187.2,312.7,2811,242,121
P10,Retrieval,ret_01,1,11,1151.2,321.0,3083,230,115
P10,Retrieval,ret_01,1,12,1109.8,325.0,3371,314,157
P10,Retrieval,ret_01,1,13,632.7,160.0,3709,280,140
P10,Retrieval,ret_01,1,14,1170.2,631.5,4055,262,131
P10,Retrieval,ret_01,1,15,1093.7,324.1,4373,318,159
P10,Retrieval,ret_01,1,16,863.7,523.3,4720,264,132
P10,Retrieval,ret_01,1,17,782.5,268.8,5012,294,147
P10,Retrieval,ret_02,1,1,814.6,732.5,99,222,111
P10,Retrieval,ret_02,1,2,1873.2,280.8,367,340,170
P10,Retrieval,ret_02,1,3,1049.7,714.9,765,364,182
P10,Retrieval,ret_02,1,4,960.8,516.5,1153,376,188
P10,Retrieval,ret_02,1,5,902.5,394.8,1576,322,161
P10,Retrieval,ret_02,1,6,1209.7,410.8,1945,174,87
P10,Retrieval,ret_02,1,7,775.6,416.7,2178,432,216
P10,Retrieval,ret_02,1,8,1239.9,254.7,2663,302,151
P10,Retrieval,ret_02,1,9,818.7,914.5,3018,386,193
P10,Retrieval,ret_02,1,10,862.7,644.7,3450,246,123
P10,Retrieval,ret_03,1,1,605.4,225.8,112,302,151
P10,Retrieval,ret_03,1,2,1389.4,753.6,479,394,197
P10,Retrieval,ret_03,1,3,1348.6,793.5,898,232,116
P10,Retrieval,ret_03,1,4,614.5,247.5,1172,118,59
P10,Retrieval,ret_03,1,5,1278.5,775.0,1315,370,185
P10,Retrieval,ret_03,1,6,537.8,268.1,1732,132,66
P10,Retrieval,ret_03,1,7,1020.1,538.1,1918,286,143
P10,Retrieval,ret_03,1,8,932.6,526.0,2248,364,182
P10,Retrieval,ret_03,1,9,937.4,561.0,2644,248,124
P10,Retrieval,ret_03,1,10,1277.7,809.4,2920,256,128
P10,Retrieval,ret_03,1,11,1382.0,717.8,3233,176,88
P10,Retrieval,ret_03,1,12,1341.6,736.8,3475,156,78
P10,Retrieval,ret_03,1,13,655.0,295.9,3661,298,149
P10,Retrieval,ret_03,1,14,912.5,474.2,3987,238,119
P10,Retrieval,ret_04,1,1,896.8,612.4,89,274,137
P10,Retrieval,ret_04,1,2,571.8,353.4,426,326,163
P10,Retrieval,ret_04,1,3,1197.8,412.2,812,166,83
P10,Retrieval,ret_04,1,4,929.4,559.4,1036,128,64
P10,Retrieval,ret_04,1,5,1261.5,543.2,1190,232,116
P10,Retrieval,ret_04,1,6,850.9,601.6,1471,384,192
P10,Retrieval,ret_04,1,7,974.7,536.3,1891,364,182
P10,Retrieval,ret_04,1,8,681.2,410.0,2324,254,127
P10,Retrieval,ret_04,1,9,1013.8,552.1,2628,118,59
P10,Retrieval,ret_04,1,10,630.9,343.4,2815,156,78
P10,Retrieval,ret_04,1,11,1196.3,288.1,3003,150,75
P10,Retrieval,ret_05,1,1,939.8,565.7,44,326,163
P10,Retrieval,ret_05,1,2,977.0,567.1,407,396,198
P10,Retrieval,ret_05,1,3,1327.3,670.7,836,198,99
P10,Retrieval,ret_05,1,4,661.3,292.4,1072,196,98
P10,Retrieval,ret_05,1,5,1193.6,661.9,1316,214,107
P10,Retrieval,ret_05,1,6,830.5,329.7,1588,260,130
P10,Retrieval,ret_05,1,7,1109.7,464.5,1873,446,223
P10,Retrieval,ret_05,1,8,1414.8,763.2,2357,212,106
P10,Retrieval,ret_05,1,9,1106.6,524.1,2630,192,96
P10,Retrieval,ret_05,1,10,1119.8,561.8,2858,394,197
P10,Retrieval,ret_05,1,11,1250.3,676.1,3292,226,113
P10,Retrieval,ret_05,1,12,730.0,747.8,3572,244,122
P10,Retrieval,ret_05,1,13,1370.1,678.3,3861,392,196
P10,Retrieval,ret_05,1,14,1050.9,535.3,4311,436,218
P10,Retrieval,ret_06,1,1,718.4,672.6,90,410,205
P10,Retrieval,ret_06,1,2,862.4,652.3,555,298,149
P10,Retrieval,ret_06,1,3,988.9,641.9,887,378,189
P10,Retrieval,ret_06,1,4,713.2,651.8,1296,246,123
P10,Retrieval,ret_06,1,5,923.8,578.2,1571,326,163
P10,Retrieval,ret_06,1,6,649.4,627.4,1951,200,100
P10,Retrieval,ret_06,1,7,755.1,741.4,2208,186,93
P10,Retrieval,ret_06,1,8,1808.9,960.2,2444,262,131
P10,Retrieval,ret_06,1,9,464.5,1044.0,2769,236,118
P10,Retrieval,ret_06,1,10,693.1,684.3,3030,218,109
P10,Retrieval,ret_06,1,11,903.3,607.2,3279,304,152
P10,Retrieval,ret_07,1,1,1233.5,631.9,113,170,85
P10,Retrieval,ret_07,1,2,1397.0,706.5,312,104,52
P10,Retrieval,ret_07,1,3,1331.0,640.8,478,354,177
P10,Retrieval,ret_07,1,4,944.9,524.4,898,284,142
P10,Retrieval,ret_07,1,5,976.8,635.0,1218,236,118
P10,Retrieval,ret_07,1,6,1141.5,411.3,1504,348,174
P10,Retrieval,ret_07,1,7,1363.1,737.3,1914,268,134
P10,Retrieval,ret_07,1,8,994.2,588.3,2244,276,138
P10,Retrieval,ret_07,1,9,977.9,531.9,2550,314,157
P10,Retrieval,ret_07,1,10,1008.1,573.8,2903,110,55
P10,Retrieval,ret_07,1,11,857.9,681.0,3051,258,129
P10,Retrieval,ret_07,1,12,963.7,530.2,3333,312,156
P10,Retrieval,ret_08,1,1,640.8,702.8,88,314,157
P10,Retrieval,ret_08,1,2,458.3,115.9,468,162,81
P10,Retrieval,ret_08,1,3,638.2,582.5,694,240,120
P10,Retrieval,ret_08,1,4,554.7,457.8,962,136,68
P10,Retrieval,ret_08,1,5,667.2,747.5,1157,364,182
P10,Retrieval,ret_08,1,6,1007.2,554.0,1587,476,238
P10,Retrieval,ret_08,1,7,686.1,508.9,2113,356,178
P10,Retrieval,ret_08,1,8,1271.8,323.6,2534,252,126
P10,Retrieval,ret_08,1,9,606.9,662.0,2843,220,110
P10,Retrieval,ret_08,1,10,997.6,540.3,3118,566,283
P10,Retrieval,ret_08,1,11,1397.6,673.5,3727,412,206
P10,Retrieval,ret_08,1,12,548.9,558.9,4199,234,117
P10,Retrieval,ret_08,1,13,868.2,547.7,4488,382,191
P10,Retrieval,ret_08,1,14,724.7,743.5,4902,304,152
P10,Retrieval,ret_08,1,15,987.2,527.9,5239,396,198
P10,Retrieval,ret_08,1,16,81.3,321.1,5679,422,211
P10,Retrieval,ret_09,1,1,1007.7,654.1,71,284,142
P10,Retrieval,ret_09,1,2,1162.7,661.1,388,334,167
P10,Retrieval,ret_09,1,3,740.2,846.5,748,312,156
P10,Retrieval,ret_09,1,4,770.3,742.9,1111,126,63
P10,Retrieval,ret_09,1,5,534.6,307.9,1286,162,81
P10,Retrieval,ret_09,1,6,1053.8,710.1,1494,308,154
P10,Retrieval,ret_09,1,7,1118.2,638.3,1834,266,133
P10,Retrieval,ret_09,1,8,777.8,781.1,2124,298,149
P10,Retrieval,ret_09,1,9,1147.4,628.3,2469,320,160
P10,Retrieval,ret_10,1,1,764.9,720.5,93,418,209
P10,Retrieval,ret_10,1,2,961.8,538.6,545,120,60
P10,Retrieval,ret_10,1,3,806.1,728.3,713,344,172
P10,Retrieval,ret_10,1,4,1753.3,530.7,1120,252,126
P10,Retrieval,ret_10,1,5,985.5,563.3,1428,194,97
P10,Retrieval,ret_10,1,6,963.2,530.1,1680,80,40
P10,Retrieval,ret_10,1,7,1039.4,312.2,1815,176,88
P10,Retrieval,ret_10,1,8,613.0,478.9,2052,320,160
P10,Retrieval,ret_10,1,9,1102.1,357.1,2407,372,186
P10,Retrieval,ret_10,1,10,1125.6,524.0,2836,392,196
P10,Retrieval,ret_10,1,11,973.4,534.1,3269,320,160
P10,Retrieval,ret_10,1,12,1116.0,372.9,3619,302,151
P10,Retrieval,ret_10,1,13,998.5,373.1,3966,226,113
P10,Retrieval,ret_10,1,14,875.6,529.5,4243,140,70
P10,Retrieval,ret_10,1,15,987.1,560.8,4415,302,151
P10,Retrieval,ret_10,1,16,943.6,530.7,4757,198,99
P10,Retrieval,ret_11,1,1,1183.2,513.8,51,142,71
P10,Retrieval,ret_11,1,2,1305.1,954.7,222,406,203
P10,Retrieval,ret_11,1,3,1298.2,486.0,657,160,80
P10,Retrieval,ret_11,1,4,1235.1,507.2,849,240,120
P10,Retrieval,ret_11,1,5,1187.4,387.9,1127,394,197
P10,Retrieval,ret_11,1,6,1148.4,773.7,1558,290,145
P10,Retrieval,ret_11,1,7,1107.4,556.7,1910,298,149
P10,Retrieval,ret_11,1,8,1397.4,360.5,2243,168,84
P10,Retrieval,ret_11,1,9,1193.7,221.6,2454,286,143
P10,Retrieval,ret_11,1,10,1176.1,503.2,2804,322,161
P10,Retrieval,ret_12,1,1,1057.7,512.6,113,260,130
P10,Retrieval,ret_12,1,2,991.7,462.8,425,262,131
P10,Retrieval,ret_12,1,3,988.0,551.3,730,146,73
P10,Retrieval,ret_12,1,4,1022.4,568.9,917,210,105
P10,Retrieval,ret_12,1,5,916.6,565.0,1189,160,80
P10,Retrieval,ret_12,1,6,953.4,545.1,1375,250,125
P10,Retrieval,ret_12,1,7,979.2,546.7,1656,410,205
P10,Retrieval,ret_12,1,8,871.2,569.5,2097,222,111
P10,Retrieval,ret_12,1,9,932.9,566.9,2349,350,175
P10,Retrieval,ret_12,1,10,947.5,551.4,2753,268,134
P10,Retrieval,ret_13,1,1,1309.8,454.2,70,144,72
P10,Retrieval,ret_13,1,2,919.7,518.2,282,236,118
P10,Retrieval,ret_13,1,3,811.3,467.2,582,190,95
P10,Retrieval,ret_13,1,4,733.9,413.9,837,258,129
P10,Retrieval,ret_13,1,5,1234.3,465.2,1127,306,153
P10,Retrieval,ret_13,1,6,967.7,521.6,1470,182,91
P10,Retrieval,ret_13,1,7,1262.2,444.7,1678,488,244
P10,Retrieval,ret_13,1,8,668.5,669.3,2230,262,131
P10,Retrieval,ret_13,1,9,591.8,634.1,2531,282,141
P10,Retrieval,ret_13,1,10,635.2,682.2,2841,236,118
P10,Retrieval,ret_13,1,11,1651.8,239.0,3113,194,97
P10,Retrieval,ret_13,1,12,639.9,678.4,3367,164,82
P10,Retrieval,ret_13,1,13,673.1,604.4,3562,308,154
P10,Retrieval,ret_14,1,1,712.4,819.3,90,272,136
P10,Retrieval,ret_14,1,2,880.2,477.1,431,260,130
P10,Retrieval,ret_14,1,3,1236.3,251.2,748,340,170
P10,Retrieval,ret_14,1,4,1333.3,516.5,1142,80,40
P10,Retrieval,ret_14,1,5,688.6,768.1,1265,214,107
P10,Retrieval,ret_14,1,6,727.9,744.8,1534,336,168
P10,Retrieval,ret_14,1,7,980.0,536.1,1916,280,140
P10,Retrieval,ret_14,1,8,684.8,749.5,2255,292,146
P10,Retrieval,ret_14,1,9,754.0,392.4,2583,274,137
P10,Retrieval,ret_14,1,10,1345.1,644.2,2911,386,193
P10,Retrieval,ret_14,1,11,1039.1,492.7,3336,324,162
P10,Retrieval,ret_15,1,1,1355.4,579.8,47,406,203
P10,Retrieval,ret_15,1,2,978.9,269.6,500,298,149
P10,Retrieval,ret_15,1,3,1251.0,712.0,859,264,132
P10,Retrieval,ret_15,1,4,989.4,507.6,1173,276,138
P10,Retrieval,ret_15,1,5,688.5,750.1,1506,308,154
P10,Retrieval,ret_15,1,6,923.0,524.8,1846,252,126
P10,Retrieval,ret_15,1,7,763.6,357.3,2148,134,67
P10,Retrieval,ret_15,1,8,973.1,217.4,2322,366,183
P10,Retrieval,ret_15,1,9,885.3,515.6,2751,510,255
P10,Retrieval,ret_15,1,10,960.4,260.9,3322,400,200
P10,Retrieval,ret_15,1,11,1064.0,240.1,3755,270,135
P10,Retrieval,ret_16,1,1,994.3,727.5,41,252,126
P10,Retrieval,ret_16,1,2,984.8,462.4,317,470,235
P10,Retrieval,ret_16,1,3,1159.5,212.8,821,150,75
P10,Retrieval,ret_16,1,4,1016.1,514.9,1011,310,155
P10,Retrieval,ret_16,1,5,905.7,545.7,1364,366,183
P10,Retrieval,ret_16,1,6,1273.9,286.3,1787,260,130
P10,Retrieval,ret_16,1,7,1017.3,564.0,2078,348,174
P10,Retrieval,ret_16,1,8,1124.3,260.8,2465,346,173
P10,Retrieval,ret_16,1,9,1015.8,724.1,2860,300,150
P10,Retrieval,ret_16,1,10,1067.0,247.0,3203,424,212
P10,Retrieval,ret_16,1,11,514.2,826.9,3663,84,42
P10,Retrieval,ret_16,1,12,932.4,524.6,3776,392,196
P10,Retrieval,ret_16,1,13,1245.9,277.7,4213,384,192
P10,Retrieval,ret_16,1,14,976.8,475.8,4657,372,186
P10,Retrieval,ret_16,1,15,991.5,570.2,5066,318,159
P10,Retrieval,ret_17,1,1,1685.8,187.3,107,282,141
P10,Retrieval,ret_17,1,2,744.6,384.7,427,200,100
P10,Retrieval,ret_17,1,3,1313.5,508.3,669,306,153
P10,Retrieval,ret_17,1,4,734.7,366.1,1035,316,158
P10,Retrieval,ret_17,1,5,934.0,563.5,1385,354,177
P10,Retrieval,ret_17,1,6,648.0,484.6,1774,128,64
P10,Retrieval,ret_17,1,7,711.1,637.8,1971,334,167
P10,Retrieval,ret_17,1,8,745.9,489.4,2345,184,92
P10,Retrieval,ret_17,1,9,1084.9,342.5,2594,396,198
P10,Retrieval,ret_17,1,10,857.0,494.9,3026,304,152
P10,Retrieval,ret_18,1,1,1255.5,964.1,47,318,159
P10,Retrieval,ret_18,1,2,580.2,582.8,392,228,114
P10,Retrieval,ret_18,1,3,606.9,582.0,686,224,112
P10,Retrieval,ret_18,1,4,1026.1,479.2,939,358,179
P10,Retrieval,ret_18,1,5,1307.8,285.8,1357,366,183
P10,Retrieval,ret_18,1,6,557.4,469.8,1775,324,162
P10,Retrieval,ret_18,1,7,1728.0,471.0,2142,258,129
P10,Retrieval,ret_18,1,8,656.1,568.4,2443,242,121
P10,Retrieval,ret_18,1,9,604.2,543.9,2733,324,162
P10,Retrieval,ret_18,1,10,1277.0,331.4,3112,316,158
P10,Retrieval,ret_18,1,11,1249.8,294.1,3458,304,152
P10,Retrieval,ret_18,1,12,589.7,540.5,3828,130,65
P10,Retrieval,ret_18,1,13,917.4,500.5,4023,342,171
P10,Retrieval,ret_18,1,14,935.2,471.8,4393,312,156
P10,Retrieval,ret_19,1,1,1099.2,586.1,57,196,98
P10,Retrieval,ret_19,1,2,1002.1,550.6,300,462,231
P10,Retrieval,ret_19,1,3,1012.0,557.1,811,414,207
P10,Retrieval,ret_19,1,4,1335.5,246.6,1290,192,96
P10,Retrieval,ret_19,1,5,981.4,754.4,1510,376,188
P10,Retrieval,ret_19,1,6,1402.2,312.5,1950,206,103
P10,Retrieval,ret_19,1,7,1280.1,500.8,2215,434,217
P10,Retrieval,ret_19,1,8,1125.3,500.3,2688,86,43
P10,Retrieval,ret_19,1,9,1008.9,837.8,2842,218,109
P10,Retrieval,ret_19,1,10,1374.5,469.7,3093,288,144
P10,Retrieval,ret_19,1,11,1159.7,568.1,3417,374,187
P10,Retrieval,ret_20,1,1,1240.6,285.5,98,110,55
P10,Retrieval,ret_20,1,2,944.3,366.7,275,368,184
P10,Retrieval,ret_20,1,3,602.8,698.3,711,306,153
P10,Retrieval,ret_20,1,4,984.9,345.9,1044,342,171
P10,Retrieval,ret_20,1,5,971.0,499.4,1412,330,165
P10,Retrieval,ret_20,1,6,1079.5,268.2,1789,360,180
P10,Retrieval,ret_20,1,7,1228.7,232.2,2188,394,197
P10,Retrieval,ret_20,1,8,721.1,726.5,2646,324,162
P10,Retrieval,ret_20,1,9,905.9,506.7,3038,374,187
P10,Retrieval,ret_20,1,10,907.9,446.2,3469,200,100
P10,Retrieval,ret_20,1,11,990.8,518.0,3700,408,204
P10,Retrieval,ret_20,1,12,591.5,683.9,4133,198,99
P11,Encoding,enc_01,1,1,1064.9,679.5,106,388,194
P11,Encoding,enc_01,1,2,875.8,719.6,545,362,181
P11,Encoding,enc_01,1,3,1233.6,562.2,960,204,102
P11,Encoding,enc_01,1,4,1125.3,406.8,1203,356,178
P11,Encoding,enc_01,1,5,1228.2,517.6,1624,316,158
P11,Encoding,enc_01,1,6,717.7,533.2,1993,94,47
P11,Encoding,enc_01,1,7,873.9,746.0,2118,304,152
P11,Encoding,enc_01,1,8,729.9,533.3,2453,320,160
P11,Encoding,enc_01,1,9,1427.8,502.5,2807,274,137
P11,Encoding,enc_01,1,10,1184.7,494.9,3122,80,40
P11,Encoding,enc_01,1,11,1145.8,305.9,3244,260,130
P11,Encoding,enc_01,1,12,588.9,697.4,3555,340,170
P11,Encoding,enc_01,1,13,1119.9,273.2,3956,212,106
P11,Encoding,enc_02,1,1,682.7,755.8,117,286,143
P11,Encoding,enc_02,1,2,702.5,690.7,432,248,124
P11,Encoding,enc_02,1,3,454.9,702.8,725,378,189
P11,Encoding,enc_02,1,4,674.4,767.1,1133,248,124
P11,Encoding,enc_02,1,5,651.3,770.0,1432,212,106
P11,Encoding,enc_02,1,6,1193.2,209.1,1711,184,92
P11,Encoding,enc_02,1,7,894.4,353.8,1944,240,120
P11,Encoding,enc_02,1,8,1229.4,266.0,2220,380,190
P11,Encoding,enc_02,1,9,1202.7,334.7,2641,380,190
P11,Encoding,enc_02,1,10,602.0,778.4,3051,130,65
P11,Encoding,enc_02,1,11,1275.1,758.2,3235,340,170
P11,Encoding,enc_03,1,1,1333.4,574.4,71,338,169
P11,Encoding,enc_03,1,2,1068.4,760.6,457,346,173
P11,Encoding,enc_03,1,3,1174.8,817.0,844,382,191
P11,Encoding,enc_03,1,4,1047.5,759.5,1260,410,205
P11,Encoding,enc_03,1,5,1009.9,658.9,1724,274,137
P11,Encoding,enc_03,1,6,736.2,782.8,2027,242,121
P11,Encoding,enc_03,1,7,1033.8,773.6,2321,228,114
P11,Encoding,enc_03,1,8,672.9,805.7,2582,248,124
P11,Encoding,enc_03,1,9,767.4,371.1,2897,338,169
P11,Encoding,enc_03,1,10,753.7,372.6,3303,182,91
P11,Encoding,enc_03,1,11,972.9,694.2,3509,300,150
P11,Encoding,enc_04,1,1,683.0,675.1,92,354,177
P11,Encoding,enc_04,1,2,958.5,357.6,487,302,151
P11,Encoding,enc_04,1,3,837.9,500.0,842,380,190
P11,Encoding,enc_04,1,4,680.3,679.9,1255,236,118
P11,Encoding,enc_04,1,5,741.5,690.0,1543,262,131
P11,Encoding,enc_04,1,6,887.0,692.5,1853,320,160
P11,Encoding,enc_04,1,7,856.9,385.4,2226,516,258
P11,Encoding,enc_04,1,8,1246.2,189.7,2776,398,199
P11,Encoding,enc_04,1,9,679.9,691.9,3220,264,132
P11,Encoding,enc_04,1,10,1116.5,613.8,3534,194,97
P11,Encoding,enc_04,1,11,1143.4,539.7,3762,418,209
P11,Encoding,enc_04,1,12,955.0,353.8,4214,246,123
P11,Encoding,enc_04,1,13,746.5,684.1,4500,340,170
P11,Encoding,enc_05,1,1,730.8,599.9,85,352,176
P11,Encoding,enc_05,1,2,706.3,292.6,489,300,150
P11,Encoding,enc_05,1,3,755.4,346.7,823,348,174
P11,Encoding,enc_05,1,4,1163.0,570.2,1237,258,129
P11,Encoding,enc_05,1,5,1125.0,262.7,1564,184,92
P11,Encoding,enc_05,1,6,602.9,562.5,1794,460,230
P11,Encoding,enc_05,1,7,694.8,641.2,2289,214,107
P11,Encoding,enc_05,1,8,1084.4,782.2,2551,326,163
P11,Encoding,enc_05,1,9,741.9,319.7,2931,356,178
P11,Encoding,enc_06,1,1,1267.8,836.7,69,146,73
P11,Encoding,enc_06,1,2,1240.0,824.9,267,336,168
P11,Encoding,enc_06,1,3,846.7,297.6,666,516,258
P11,Encoding,enc_06,1,4,1283.8,833.1,1219,234,117
P11,Encoding,enc_06,1,5,1234.8,831.0,1490,286,143
P11,Encoding,enc_06,1,6,811.5,307.2,1834,328,164
P11,Encoding,enc_06,1,7,669.0,507.6,2216,412,206
P11,Encoding,enc_06,1,8,1296.1,822.0,2670,302,151
P11,Encoding,enc_06,1,9,734.2,462.3,3010,306,153
P11,Encoding,enc_06,1,10,1288.4,850.2,3343,246,123
P11,Encoding,enc_06,1,11,824.8,309.7,3649,198,99
P11,Encoding,enc_06,1,12,889.7,281.6,3915,274,137
P11,Encoding,enc_06,1,13,1392.4,732.9,4233,254,127
P11,Encoding,enc_07,1,1,1033.8,371.1,98,270,135
P11,Encoding,enc_07,1,2,1044.9,301.8,425,226,113
P11,Encoding,enc_07,1,3,820.0,202.0,707,310,155
P11,Encoding,enc_07,1,4,1008.4,307.9,1054,326,163
P11,Encoding,enc_07,1,5,687.2,711.2,1428,186,93
P11,Encoding,enc_07,1,6,653.7,745.9,1667,406,203
P11,Encoding,enc_07,1,7,1071.4,306.6,2130,102,51
P11,Encoding,enc_07,1,8,1015.0,339.7,2297,188,94
P11,Encoding,enc_07,1,9,1034.7,273.6,2532,220,110
P11,Encoding,enc_07,1,10,1078.6,322.7,2785,416,208
P11,Encoding,enc_07,1,11,1086.1,320.9,3262,226,113
P11,Encoding,enc_08,1,1,1307.5,589.1,101,340,170
P11,Encoding,enc_08,1,2,754.0,481.0,481,390,195
P11,Encoding,enc_08,1,3,1310.1,593.8,932,366,183
P11,Encoding,enc_08,1,4,595.1,514.6,1361,242,121
P11,Encoding,enc_08,1,5,1290.8,576.6,1636,176,88
P11,Encoding,enc_08,1,6,784.5,493.4,1867,160,80
P11,Encoding,enc_08,1,7,1314.1,581.7,2053,192,96
P11,Encoding,enc_09,1,1,874.7,104.8,50,338,169
P11,Encoding,enc_09,1,2,669.4,770.3,423,328,164
P11,Encoding,enc_09,1,3,654.2,811.9,808,378,189
P11,Encoding,enc_09,1,4,690.8,736.6,1213,318,159
P11,Encoding,enc_09,1,5,673.4,778.3,1596,372,186
P11,Encoding,enc_09,1,6,53.5,1011.6,2030,288,144
P11,Encoding,enc_09,1,7,1262.0,791.7,2342,204,102
P11,Encoding,enc_09,1,8,1250.0,690.2,2574,308,154
P11,Encoding,enc_09,1,9,979.3,305.5,2922,506,253
P11,Encoding,enc_09,1,10,662.2,798.0,3494,252,126
P11,Encoding,enc_10,1,1,1307.5,348.7,54,340,170
P11,Encoding,enc_10,1,2,1456.0,397.1,448,278,139
P11,Encoding,enc_10,1,3,1092.1,560.3,774,330,165
P11,Encoding,enc_10,1,4,763.1,669.3,1128,422,211
P11,Encoding,enc_10,1,5,643.6,572.9,1609,324,162
P11,Encoding,enc_10,1,6,1169.9,848.3,1958,172,86
P11,Encoding,enc_10,1,7,1422.0,950.6,2199,238,119
P11,Encoding,enc_10,1,8,892.1,463.8,2486,286,143
P11,Encoding,enc_10,1,9,579.6,569.2,2801,314,157
P11,Encoding,enc_11,1,1,843.5,447.7,66,328,164
P11,Encoding,enc_11,1,2,1150.8,641.0,456,396,198
P11,Encoding,enc_11,1,3,652.5,510.4,917,292,146
P11,Encoding,enc_11,1,4,1192.7,316.3,1249,438,219
P11,Encoding,enc_11,1,5,1198.3,686.3,1748,354,177
P11,Encoding,enc_11,1,6,125.2,402.2,2139,350,175
P11,Encoding,enc_11,1,7,564.5,579.2,2538,244,122
P11,Encoding,enc_11,1,8,831.2,455.5,2844,286,143
P11,Encoding,enc_11,1,9,667.9,557.2,3191,326,163
P11,Encoding,enc_11,1,10,603.6,521.7,3553,332,166
P11,Encoding,enc_11,1,11,1077.1,189.9,3953,256,128
P11,Encoding,enc_12,1,1,825.3,477.9,60,186,93
P11,Encoding,enc_12,1,2,1040.5,845.9,270,202,101
P11,Encoding,enc_12,1,3,735.3,745.6,536,88,44
P11,Encoding,enc_12,1,4,810.9,493.2,682,398,199
P11,Encoding,enc_12,1,5,697.9,689.6,1115,300,150
P11,Encoding,enc_12,1,6,717.7,709.2,1470,282,141
P11,Encoding,enc_12,1,7,696.4,743.6,1787,428,214
P11,Encoding,enc_12,1,8,599.6,1016.8,2271,270,135
P11,Encoding,enc_12,1,9,682.6,715.5,2572,420,210
P11,Encoding,enc_12,1,10,980.6,795.0,3059,218,109
P11,Encoding,enc_12,1,11,936.2,792.8,3343,380,190
P11,Encoding,enc_12,1,12,812.4,492.2,3777,216,108
P11,Encoding,enc_12,1,13,677.6,681.0,4031,454,227
P11,Encoding,enc_13,1,1,1322.6,521.6,73,154,77
P11,Encoding,enc_13,1,2,1726.6,35.8,263,290,145
P11,Encoding,enc_13,1,3,986.8,344.1,594,266,133
P11,Encoding,enc_13,1,4,616.5,704.4,914,192,96
P11,Encoding,enc_13,1,5,702.2,758.7,1140,192,96
P11,Encoding,enc_13,1,6,1233.9,437.4,1399,352,176
P11,Encoding,enc_13,1,7,1379.5,607.6,1809,160,80
P11,Encoding,enc_13,1,8,1228.2,465.2,2030,316,158
P11,Encoding,enc_13,1,9,949.4,351.3,2373,366,183
P11,Encoding,enc_14,1,1,721.9,523.7,52,256,128
P11,Encoding,enc_14,1,2,695.7,765.9,340,270,135
P11,Encoding,enc_14,1,3,1130.5,831.1,663,110,55
P11,Encoding,enc_14,1,4,348.2,971.5,837,318,159
P11,Encoding,enc_14,1,5,678.5,783.0,1209,352,176
P11,Encoding,enc_14,1,6,679.9,480.5,1629,230,115
P11,Encoding,enc_14,1,7,652.5,483.0,1916,350,175
P11,Encoding,enc_14,1,8,750.5,434.8,2295,354,177
P11,Encoding,enc_14,1,9,739.6,434.5,2715,438,219
P11,Encoding,enc_14,1,10,646.0,506.0,3219,220,110
P11,Encoding,enc_14,1,11,672.2,771.5,3499,250,125
P11,Encoding,enc_14,1,12,683.2,501.5,3794,344,172
P11,Encoding,enc_15,1,1,733.8,406.5,91,324,162
P11,Encoding,enc_15,1,2,954.9,567.4,459,154,77
P11,Encoding,enc_15,1,3,741.7,478.4,679,234,117
P11,Encoding,enc_15,1,4,1176.3,652.9,981,272,136
P11,Encoding,enc_15,1,5,1260.5,559.9,1321,378,189
P11,Encoding,enc_15,1,6,1328.5,868.8,1742,364,182
P11,Encoding,enc_15,1,7,696.3,656.1,2137,204,102
P11,Encoding,enc_15,1,8,746.6,490.1,2389,418,209
P11,Encoding,enc_15,1,9,721.5,644.0,2842,310,155
P11,Encoding,enc_16,1,1,783.6,717.4,52,296,148
P11,Encoding,enc_16,1,2,1070.2,230.1,408,302,151
P11,Encoding,enc_16,1,2,756.6,668.3,774,332,166
P11,Encoding,enc_16,1,3,772.0,437.7,1148,358,179
P11,Encoding,enc_16,1,4,1024.2,486.7,1565,412,206
P11,Encoding,enc_16,1,5,817.8,695.7,2003,340,170
P11,Encoding,enc_16,1,6,1257.5,329.4,2406,426,213
P11,Encoding,enc_17,1,1,1198.1,443.1,101,256,128
P11,Encoding,enc_17,1,2,992.4,537.4,408,278,139
P11,Encoding,enc_17,1,3,1271.9,515.4,743,268,134
P11,Encoding,enc_17,1,4,1350.9,450.6,1044,210,105
P11,Encoding,enc_17,1,5,1316.3,469.6,1285,300,150
P11,Encoding,enc_17,1,6,1348.4,517.2,1628,340,170
P11,Encoding,enc_17,1,7,1287.8,524.7,2005,278,139
P11,Encoding,enc_17,1,8,1050.9,557.5,2334,360,180
P11,Encoding,enc_17,1,9,1236.3,311.5,2744,370,185
P11,Encoding,enc_17,1,10,1024.0,450.8,3150,122,61
P11,Encoding,enc_17,1,11,847.4,186.6,3341,390,195
P11,Encoding,enc_17,1,12,1280.6,499.0,3796,298,149
P11,Encoding,enc_17,1,13,952.4,796.4,4148,474,237
P11,Encoding,enc_18,1,1,973.2,297.2,59,302,151
P11,Encoding,enc_18,1,2,976.5,294.8,417,388,194
P11,Encoding,enc_18,1,3,968.0,734.8,844,272,136
P11,Encoding,enc_18,1,4,653.4,681.4,1144,380,190
P11,Encoding,enc_18,1,5,683.1,847.2,1587,276,138
P11,Encoding,enc_18,1,6,480.8,792.2,1918,226,113
P11,Encoding,enc_18,1,7,930.6,762.9,2209,548,274
P11,Encoding,enc_18,1,8,1342.2,800.8,2791,464,232
P11,Encoding,enc_18,1,9,598.6,748.8,3284,336,168
P11,Encoding,enc_18,1,10,950.1,414.7,3677,128,64
P11,Encoding,enc_19,1,1,893.5,710.3,85,328,164
P11,Encoding,enc_19,1,2,777.8,762.1,464,386,193
P11,Encoding,enc_19,1,3,1871.6,76.7,897,272,136
P11,Encoding,enc_19,1,4,627.3,729.4,1230,284,142
P11,Encoding,enc_19,1,5,936.8,730.1,1542,230,115
P11,Encoding,enc_19,1,6,1222.7,297.2,1796,274,137
P11,Encoding,enc_19,1,7,1403.5,294.6,2117,270,135
P11,Encoding,enc_19,1,8,1222.9,349.9,2413,296,148
P11,Encoding,enc_19,1,9,657.8,867.8,2777,342,171
P11,Encoding,enc_19,1,10,591.5,616.4,3151,294,147
P11,Encoding,enc_19,1,11,685.9,708.9,3513,348,174
P11,Encoding,enc_20,1,1,725.7,408.8,71,246,123
P11,Encoding,enc_20,1,2,675.6,800.2,374,418,209
P11,Encoding,enc_20,1,3,120.2,972.3,852,136,68
P11,Encoding,enc_20,1,4,1168.4,329.5,1019,406,203
P11,Encoding,enc_20,1,5,872.5,580.5,1477,80,40
P11,Encoding,enc_20,1,6,1131.3,700.5,1606,176,88
P11,Encoding,enc_20,1,7,1139.9,643.2,1814,226,113
P11,Encoding,enc_20,1,8,868.6,498.8,2092,246,123
P11,Encoding,enc_20,1,9,1139.8,622.4,2383,240,120
P11,Encoding,enc_20,1,10,717.1,445.0,2647,254,127
P11,Retrieval,ret_01,1,1,1251.7,471.8,77,368,184
P11,Retrieval,ret_01,1,2,1177.5,475.1,502,270,135
P11,Retrieval,ret_01,1,3,944.3,771.4,801,386,193
P11,Retrieval,ret_01,1,4,1388.5,543.0,1247,224,112
P11,Retrieval,ret_01,1,5,887.4,722.4,1529,134,67
P11,Retrieval,ret_01,1,6,1137.9,389.6,1719,318,159
P11,Retrieval,ret_01,1,7,779.4,495.3,2069,296,148
P11,Retrieval,ret_01,1,8,913.9,598.0,2398,272,136
P11,Retrieval,ret_02,1,1,587.3,500.7,85,192,96
P11,Retrieval,ret_02,1,2,1298.0,557.1,327,456,228
P11,Retrieval,ret_02,1,3,786.2,480.9,846,384,192
P11,Retrieval,ret_02,1,4,1323.3,528.5,1290,100,50
P11,Retrieval,ret_02,1,5,1319.5,562.5,1453,88,44
P11,Retrieval,ret_02,1,6,634.0,530.3,1583,182,91
P11,Retrieval,ret_02,1,7,1313.6,626.0,1803,414,207
P11,Retrieval,ret_02,1,8,949.3,523.5,2284,80,40
P11,Retrieval,ret_02,1,9,1349.9,635.1,2406,128,64
P11,Retrieval,ret_02,1,10,603.5,482.4,2589,202,101
P11,Retrieval,ret_02,1,11,1254.2,615.1,2857,142,71
P11,Retrieval,ret_02,1,12,936.5,532.2,3027,370,185
P11,Retrieval,ret_02,1,13,1010.3,503.9,3466,266,133
P11,Retrieval,ret_03,1,1,964.6,540.0,65,332,166
P11,Retrieval,ret_03,1,2,737.9,368.3,435,382,191
P11,Retrieval,ret_03,1,3,1358.8,915.5,880,360,180
P11,Retrieval,ret_03,1,4,558.8,92.0,1304,174,87
P11,Retrieval,ret_03,1,5,1286.3,557.3,1527,396,198
P11,Retrieval,ret_03,1,6,712.9,597.2,1980,80,40
P11,Retrieval,ret_03,1,7,1353.1,810.7,2094,358,179
P11,Retrieval,ret_04,1,1,1223.9,171.1,75,344,172
P11,Retrieval,ret_04,1,2,1064.1,292.0,456,388,194
P11,Retrieval,ret_04,1,3,582.1,771.6,900,392,196
P11,Retrieval,ret_04,1,4,250.7,993.0,1324,250,125
P11,Retrieval,ret_04,1,5,1262.9,306.0,1613,236,118
P11,Retrieval,ret_04,1,6,997.9,507.9,1898,258,129
P11,Retrieval,ret_04,1,7,578.6,823.2,2217,160,80
P11,Retrieval,ret_04,1,8,607.3,800.6,2422,290,145
P11,Retrieval,ret_04,1,9,1240.6,778.7,2780,240,120
P11,Retrieval,ret_04,1,10,666.1,782.9,3078,102,51
P11,Retrieval,ret_04,1,11,703.1,761.5,3241,300,150
P11,Retrieval,ret_04,1,12,488.9,663.1,3568,312,156
P11,Retrieval,ret_04,1,13,1240.1,762.6,3930,80,40
P11,Retrieval,ret_05,1,1,672.2,773.6,93,366,183
P11,Retrieval,ret_05,1,2,664.3,863.2,523,212,106
P11,Retrieval,ret_05,1,3,1320.9,802.4,762,192,96
P11,Retrieval,ret_05,1,4,956.8,311.7,1003,426,213
P11,Retrieval,ret_05,1,5,1295.7,791.0,1456,276,138
P11,Retrieval,ret_05,1,6,647.3,870.9,1784,326,163
P11,Retrieval,ret_05,1,7,650.8,738.1,2169,302,151
P11,Retrieval,ret_05,1,8,923.8,495.4,2501,344,172
P11,Retrieval,ret_06,1,1,773.1,669.6,97,384,192
P11,Retrieval,ret_06,1,2,1062.7,472.2,538,490,245
P11,Retrieval,ret_06,1,3,758.2,661.3,1056,346,173
P11,Retrieval,ret_06,1,4,811.6,747.6,1455,332,166
P11,Retrieval,ret_06,1,5,1057.8,186.6,1821,112,56
P11,Retrieval,ret_06,1,6,787.3,627.5,1995,244,122
P11,Retrieval,ret_06,1,7,892.1,495.9,2286,130,65
P11,Retrieval,ret_06,1,8,753.4,418.8,2474,152,76
P11,Retrieval,ret_06,1,9,1152.3,213.5,2650,120,60
P11,Retrieval,ret_06,1,10,1021.6,269.5,2811,302,151
P11,Retrieval,ret_07,1,1,1143.0,862.5,83,200,100
P11,Retrieval,ret_07,1,2,1063.7,836.9,350,152,76
P11,Retrieval,ret_07,1,3,1053.6,766.5,557,260,130
P11,Retrieval,ret_07,1,4,942.5,717.3,852,280,140
P11,Retrieval,ret_07,1,5,1077.1,716.4,1185,272,136
P11,Retrieval,ret_07,1,6,1051.4,758.8,1494,362,181
P11,Retrieval,ret_07,1,7,737.1,429.8,1897,262,131
P11,Retrieval,ret_07,1,8,1398.5,639.0,2194,222,111
P11,Retrieval,ret_07,1,9,998.7,666.4,2465,348,174
P11,Retrieval,ret_07,1,10,1029.6,680.3,2864,266,133
P11,Retrieval,ret_07,1,11,1082.8,781.0,3184,234,117
P11,Retrieval,ret_08,1,1,470.0,279.5,95,198,99
P11,Retrieval,ret_08,1,2,1293.5,349.1,338,358,179
P11,Retrieval,ret_08,1,3,608.6,582.2,762,258,129
P11,Retrieval,ret_08,1,4,1001.8,517.6,1064,288,144
P11,Retrieval,ret_08,1,5,1092.0,873.4,1396,384,192
P11,Retrieval,ret_08,1,6,1404.3,366.7,1813,364,182
P11,Retrieval,ret_08,1,7,957.2,598.5,2238,222,111
P11,Retrieval,ret_08,1,8,972.0,510.9,2516,246,123
P11,Retrieval,ret_08,1,9,1173.9,405.3,2808,246,123
P11,Retrieval,ret_08,1,10,542.3,599.7,3116,404,202
P11,Retrieval,ret_08,1,11,1298.4,307.4,3584,436,218
P11,Retrieval,ret_09,1,1,1094.7,522.6,46,230,115
P11,Retrieval,ret_09,1,2,644.9,691.5,311,254,127
P11,Retrieval,ret_09,1,3,1311.0,494.9,618,146,73
P11,Retrieval,ret_09,1,4,1320.1,500.0,791,194,97
P11,Retrieval,ret_09,1,5,286.5,213.3,1013,266,133
P11,Retrieval,ret_09,1,6,878.9,161.0,1309,202,101
P11,Retrieval,ret_09,1,7,1456.3,640.1,1555,410,205
P11,Retrieval,ret_09,1,8,911.9,507.7,2024,260,130
P11,Retrieval,ret_09,1,9,916.8,598.6,2330,278,139
P11,Retrieval,ret_09,1,10,468.8,703.1,2674,228,114
P11,Retrieval,ret_10,1,1,681.4,663.2,41,462,231
P11,Retrieval,ret_10,1,2,760.2,733.3,566,338,169
P11,Retrieval,ret_10,1,3,703.6,672.6,933,444,222
P11,Retrieval,ret_10,1,4,354.3,258.1,1411,420,210
P11,Retrieval,ret_10,1,5,960.7,536.2,1894,332,166
P11,Retrieval,ret_10,1,6,976.0,589.9,2294,312,156
P11,Retrieval,ret_10,1,7,927.3,717.2,2658,194,97
P11,Retrieval,ret_10,1,8,1172.3,574.4,2893,232,116
P11,Retrieval,ret_10,1,9,845.1,403.6,3184,328,164
P11,Retrieval,ret_10,1,10,707.1,689.3,3559,444,222
P11,Retrieval,ret_10,1,11,856.5,327.4,4044,434,217
P11,Retrieval,ret_10,1,12,725.8,683.3,4537,412,206
P11,Retrieval,ret_10,1,13,732.9,652.5,5007,382,191
P11,Retrieval,ret_11,1,1,927.7,648.9,110,298,149
P11,Retrieval,ret_11,1,2,1155.6,539.9,459,126,63
P11,Retrieval,ret_11,1,3,191.8,675.0,634,162,81
P11,Retrieval,ret_11,1,4,792.8,478.4,824,158,79
P11,Retrieval,ret_11,1,5,1030.4,537.9,1044,196,98
P11,Retrieval,ret_11,1,6,868.4,441.7,1269,228,114
P11,Retrieval,ret_11,1,7,557.6,859.8,1563,288,144
P11,Retrieval,ret_12,1,1,504.7,960.9,106,242,121
P11,Retrieval,ret_12,1,2,654.3,824.3,389,212,106
P11,Retrieval,ret_12,1,3,1059.2,283.7,651,406,203
P11,Retrieval,ret_12,1,4,587.7,651.4,1101,280,140
P11,Retrieval,ret_12,1,5,422.2,951.6,1417,350,175
P11,Retrieval,ret_12,1,6,925.8,753.4,1835,376,188
P11,Retrieval,ret_12,1,7,653.2,641.8,2247,268,134
P11,Retrieval,ret_12,1,8,478.6,853.7,2550,332,166
P11,Retrieval,ret_12,1,9,963.0,516.4,2927,214,107
P11,Retrieval,ret_12,1,10,942.8,657.9,3181,434,217
P11,Retrieval,ret_12,1,11,965.5,758.2,3653,182,91
P11,Retrieval,ret_12,1,12,973.3,539.7,3867,260,130
P11,Retrieval,ret_12,1,13,944.1,530.1,4163,240,120
P11,Retrieval,ret_13,1,1,1065.3,770.1,117,286,143
P11,Retrieval,ret_13,1,2,1016.9,451.1,437,244,122
P11,Retrieval,ret_13,1,3,953.6,539.0,749,280,140
P11,Retrieval,ret_13,1,4,754.2,656.2,1092,318,159
P11,Retrieval,ret_13,1,5,1136.3,287.1,1463,222,111
P11,Retrieval,ret_13,1,6,1173.4,543.9,1717,386,193
P11,Retrieval,ret_13,1,7,759.0,608.1,2161,362,181
P11,Retrieval,ret_13,1,8,949.6,479.6,2578,260,130
P11,Retrieval,ret_13,1,9,735.8,257.0,2901,312,156
P11,Retrieval,ret_13,1,10,1126.7,359.9,3265,296,148
P11,Retrieval,ret_13,1,11,642.2,856.6,3621,122,61
P11,Retrieval,ret_13,1,12,677.5,620.8,3803,280,140
P11,Retrieval,ret_14,1,1,710.1,718.5,104,148,74
P11,Retrieval,ret_14,1,2,671.8,627.0,283,370,185
P11,Retrieval,ret_14,1,3,708.7,762.7,692,302,151
P11,Retrieval,ret_14,1,4,866.0,986.5,1036,160,80
P11,Retrieval,ret_14,1,5,690.0,766.9,1261,326,163
P11,Retrieval,ret_14,1,6,820.8,479.5,1611,174,87
P11,Retrieval,ret_14,1,7,706.8,656.9,1841,402,201
P11,Retrieval,ret_14,1,8,982.3,759.0,2311,478,239
P11,Retrieval,ret_14,1,9,752.0,720.4,2849,274,137
P11,Retrieval,ret_14,1,10,907.0,508.7,3163,308,154
P11,Retrieval,ret_14,1,11,695.0,680.0,3504,370,185
P11,Retrieval,ret_14,1,12,963.7,799.8,3917,230,115
P11,Retrieval,ret_15,1,1,267.3,1017.2,84,312,156
P11,Retrieval,ret_15,1,2,1398.0,354.9,448,170,85
P11,Retrieval,ret_15,1,3,949.7,479.7,643,216,108
P11,Retrieval,ret_15,1,4,670.5,916.8,900,290,145
P11,Retrieval,ret_15,1,5,1418.3,644.1,1255,196,98
P11,Retrieval,ret_15,1,6,940.4,570.1,1505,306,153
P11,Retrieval,ret_15,1,7,944.0,520.2,1844,302,151
P11,Retrieval,ret_15,1,8,850.5,736.2,2208,80,40
P11,Retrieval,ret_15,1,9,970.5,538.2,2344,270,135
P11,Retrieval,ret_15,1,10,345.3,1031.6,2659,394,197
P11,Retrieval,ret_15,1,11,973.7,519.7,3120,474,237
P11,Retrieval,ret_15,1,12,1381.5,719.5,3632,282,141
P11,Retrieval,ret_16,1,1,915.4,318.9,97,216,108
P11,Retrieval,ret_16,1,2,775.6,501.3,377,164,82
P11,Retrieval,ret_16,1,3,869.2,351.1,574,300,150
P11,Retrieval,ret_16,1,4,623.3,447.4,904,356,178
P11,Retrieval,ret_16,1,5,1211.2,807.2,1325,346,173
P11,Retrieval,ret_16,1,6,1241.8,836.9,1716,222,111
P11,Retrieval,ret_16,1,7,1828.3,537.0,1971,326,163
P11,Retrieval,ret_16,1,8,689.3,454.7,2327,224,112
P11,Retrieval,ret_16,1,9,1752.1,906.7,2593,288,144
P11,Retrieval,ret_17,1,1,618.7,645.5,75,348,174
P11,Retrieval,ret_17,1,2,718.4,756.9,488,370,185
P11,Retrieval,ret_17,1,3,1151.3,248.6,895,440,220
P11,Retrieval,ret_17,1,4,1383.3,781.8,1403,288,144
P11,Retrieval,ret_17,1,5,1293.5,400.4,1730,158,79
P11,Retrieval,ret_17,1,6,1268.2,492.8,1940,184,92
P11,Retrieval,ret_17,1,7,699.8,718.1,2160,296,148
P11,Retrieval,ret_17,1,8,1190.5,388.6,2496,404,202
P11,Retrieval,ret_18,1,1,1128.1,659.5,102,240,120
P11,Retrieval,ret_18,1,2,1719.2,33.4,386,114,57
P11,Retrieval,ret_18,1,3,720.9,404.6,557,310,155
P11,Retrieval,ret_18,1,4,1157.0,262.4,893,332,166
P11,Retrieval,ret_18,1,5,706.1,391.3,1263,328,164
P11,Retrieval,ret_18,1,6,881.2,128.6,1660,342,171
P11,Retrieval,ret_18,1,7,755.0,382.5,2038,262,131
P11,Retrieval,ret_18,1,8,1146.7,659.4,2368,262,131
P11,Retrieval,ret_18,1,9,1215.4,260.7,2658,388,194
P11,Retrieval,ret_19,1,1,982.2,496.4,87,186,93
P11,Retrieval,ret_19,1,2,1399.8,168.1,312,424,212
P11,Retrieval,ret_19,1,3,1174.3,890.1,798,246,123
P11,Retrieval,ret_19,1,4,1275.4,376.2,1112,256,128
P11,Retrieval,ret_19,1,5,1095.9,567.1,1424,342,171
P11,Retrieval,ret_19,1,6,682.4,738.0,1798,262,131
P11,Retrieval,ret_19,1,7,809.2,415.6,2124,446,223
P11,Retrieval,ret_19,1,8,1001.3,773.4,2595,332,166
P11,Retrieval,ret_19,1,9,943.1,540.1,2974,370,185
P11,Retrieval,ret_19,1,10,983.2,260.1,3406,286,143
P11,Retrieval,ret_19,1,11,1121.6,499.9,3717,194,97
P11,Retrieval,ret_20,1,1,685.9,441.8,65,322,161
P11,Retrieval,ret_20,1,2,959.6,533.2,418,408,204
P11,Retrieval,ret_20,1,3,662.3,358.4,857,308,154
P11,Retrieval,ret_20,1,4,1735.1,871.5,1229,262,131
P11,Retrieval,ret_20,1,5,798.5,341.5,1533,184,92
P11,Retrieval,ret_20,1,6,594.2,548.4,1745,314,157
P11,Retrieval,ret_20,1,7,597.6,500.2,2097,280,140
P11,Retrieval,ret_20,1,8,637.9,779.9,2421,210,105
P11,Retrieval,ret_20,1,9,1163.9,812.4,2669,320,160
P11,Retrieval,ret_20,1,10,716.5,445.2,3048,234,117
P11,Retrieval,ret_20,1,11,682.8,877.7,3330,230,115
P11,Retrieval,ret_20,1,12,633.0,463.2,3596,222,111
P12,Encoding,enc_01,1,1,1155.6,669.2,114,318,159
P12,Encoding,enc_01,1,2,848.9,360.3,473,286,143
P12,Encoding,enc_01,1,3,889.5,419.2,828,368,184
P12,Encoding,enc_01,1,4,878.6,408.9,1251,350,175
P12,Encoding,enc_01,1,5,1187.4,657.1,1668,240,120
P12,Encoding,enc_01,1,6,853.1,450.7,1953,282,141
P12,Encoding,enc_01,1,7,1139.6,308.7,2302,270,135
P12,Encoding,enc_01,1,8,1165.9,644.8,2631,386,193
P12,Encoding,enc_01,1,9,580.8,666.5,3080,404,202
P12,Encoding,enc_01,1,10,576.4,615.7,3515,280,140
P12,Encoding,enc_01,1,11,618.0,561.5,3863,398,199
P12,Encoding,enc_02,1,1,758.1,683.0,40,302,151
P12,Encoding,enc_02,1,2,825.7,494.2,378,484,242
P12,Encoding,enc_02,1,3,730.5,706.2,904,214,107
P12,Encoding,enc_02,1,4,837.0,512.5,1148,222,111
P12,Encoding,enc_02,1,5,986.0,830.0,1414,428,214
P12,Encoding,enc_02,1,6,841.8,510.3,1911,344,172
P12,Encoding,enc_02,1,7,930.2,395.3,2307,290,145
P12,Encoding,enc_02,1,8,1356.6,812.4,2625,172,86
P12,Encoding,enc_02,1,9,1251.5,665.1,2838,346,173
P12,Encoding,enc_02,1,10,739.2,724.3,3241,320,160
P12,Encoding,enc_02,1,11,1593.3,89.2,3605,388,194
P12,Encoding,enc_02,1,12,611.8,478.2,4026,380,190
P12,Encoding,enc_02,1,13,988.2,806.2,4460,232,116
P12,Encoding,enc_03,1,1,673.9,823.7,56,270,135
P12,Encoding,enc_03,1,2,832.1,621.4,392,300,150
P12,Encoding,enc_03,1,3,1349.3,547.8,718,420,210
P12,Encoding,enc_03,1,4,1327.3,635.2,1202,260,130
P12,Encoding,enc_03,1,5,1330.3,644.0,1497,174,87
P12,Encoding,enc_03,1,6,1005.5,357.2,1696,310,155
P12,Encoding,enc_03,1,7,921.6,330.4,2037,384,192
P12,Encoding,enc_03,1,8,1001.6,377.7,2463,292,146
P12,Encoding,enc_03,1,9,1318.1,614.1,2813,412,206
P12,Encoding,enc_04,1,1,674.4,775.8,91,272,136
P12,Encoding,enc_04,1,2,685.0,453.3,427,158,79
P12,Encoding,enc_04,1,3,697.4,757.7,613,292,146
P12,Encoding,enc_04,1,4,653.9,814.5,933,432,216
P12,Encoding,enc_04,1,5,706.5,473.8,1394,272,136
P12,Encoding,enc_04,1,6,683.9,437.6,1711,366,183
P12,Encoding,enc_05,1,1,925.2,588.8,92,154,77
P12,Encoding,enc_05,1,2,1339.4,600.5,313,254,127
P12,Encoding,enc_05,1,3,650.3,366.3,605,162,81
P12,Encoding,enc_05,1,4,1232.1,810.7,819,254,127
P12,Encoding,enc_05,1,5,547.8,289.5,1120,132,66
P12,Encoding,enc_05,1,6,1214.7,345.0,1319,222,111
P12,Encoding,enc_05,1,7,913.9,614.9,1577,246,123
P12,Encoding,enc_05,1,8,1768.6,291.0,1867,272,136
P12,Encoding,enc_05,1,9,1344.1,648.0,2193,244,122
P12,Encoding,enc_05,1,10,964.0,619.7,2481,360,180
P12,Encoding,enc_05,1,11,1284.3,650.0,2910,228,114
P12,Encoding,enc_05,1,12,1325.8,679.3,3178,254,127
P12,Encoding,enc_06,1,1,1295.6,776.6,104,438,219
P12,Encoding,enc_06,1,2,583.3,293.1,586,230,115
P12,Encoding,enc_06,1,3,1288.8,407.3,843,252,126
P12,Encoding,enc_06,1,4,1361.2,438.9,1128,172,86
P12,Encoding,enc_06,1,5,1669.2,727.4,1364,232,116
P12,Encoding,enc_06,1,6,1316.6,468.9,1662,252,126
P12,Encoding,enc_06,1,7,1000.2,388.4,1968,224,112
P12,Encoding,enc_06,1,8,633.7,353.7,2253,430,215
P12,Encoding,enc_06,1,9,1320.7,469.9,2738,316,158
P12,Encoding,enc_06,1,10,969.1,374.6,3090,384,192
P12,Encoding,enc_06,1,11,1253.5,432.8,3534,274,137
P12,Encoding,enc_07,1,1,1012.5,413.1,66,254,127
P12,Encoding,enc_07,1,2,1169.0,516.6,344,244,122
P12,Encoding,enc_07,1,3,630.2,283.4,645,278,139
P12,Encoding,enc_07,1,4,956.8,766.1,949,192,96
P12,Encoding,enc_07,1,5,463.9,349.1,1173,332,166
P12,Encoding,enc_07,1,6,582.5,807.3,1549,228,114
P12,Encoding,enc_07,1,7,28.7,493.8,1846,342,171
P12,Encoding,enc_07,1,8,983.8,422.6,2256,182,91
P12,Encoding,enc_07,1,9,994.7,405.5,2471,174,87
P12,Encoding,enc_07,1,10,945.6,710.0,2704,226,113
P12,Encoding,enc_07,1,11,561.5,828.2,2974,364,182
P12,Encoding,enc_07,1,12,583.2,823.5,3374,358,179
P12,Encoding,enc_08,1,1,1357.9,804.0,80,130,65
P12,Encoding,enc_08,1,2,1156.9,911.0,242,240,120
P12,Encoding,enc_08,1,3,658.5,819.3,527,228,114
P12,Encoding,enc_08,1,4,704.6,750.5,819,248,124
P12,Encoding,enc_08,1,5,626.4,809.1,1121,420,210
P12,Encoding,enc_08,1,6,639.1,774.5,1566,406,203
P12,Encoding,enc_08,1,7,937.3,467.0,1996,402,201
P12,Encoding,enc_08,1,8,631.5,775.7,2456,434,217
P12,Encoding,enc_08,1,9,1266.3,767.0,2934,236,118
P12,Encoding,enc_09,1,1,1809.2,1047.2,78,104,52
P12,Encoding,enc_09,1,2,1190.6,321.9,238,434,217
P12,Encoding,enc_09,1,3,1201.7,332.3,727,284,142
P12,Encoding,enc_09,1,4,1657.5,258.5,1069,190,95
P12,Encoding,enc_09,1,5,1382.1,295.0,1328,210,105
P12,Encoding,enc_09,1,6,933.2,749.7,1607,438,219
P12,Encoding,enc_09,1,7,931.4,676.9,2113,360,180
P12,Encoding,enc_09,1,8,685.8,787.5,2504,214,107
P12,Encoding,enc_10,1,1,1539.4,99.1,98,460,230
P12,Encoding,enc_10,1,2,635.4,766.3,626,250,125
P12,Encoding,enc_10,1,3,1162.6,331.7,901,196,98
P12,Encoding,enc_10,1,4,946.9,575.4,1152,348,174
P12,Encoding,enc_10,1,5,884.5,593.2,1536,474,237
P12,Encoding,enc_10,1,6,1157.1,425.3,2061,496,248
P12,Encoding,enc_10,1,7,608.3,752.9,2621,162,81
P12,Encoding,enc_10,1,8,928.9,579.3,2827,216,108
P12,Encoding,enc_10,1,9,1149.3,683.8,3088,350,175
P12,Encoding,enc_10,1,10,668.5,767.5,3497,264,132
P12,Encoding,enc_11,1,1,932.1,456.2,42,372,186
P12,Encoding,enc_11,1,2,896.4,638.5,467,226,113
P12,Encoding,enc_11,1,3,924.8,470.8,720,376,188
P12,Encoding,enc_11,1,4,1312.2,314.4,1150,296,148
P12,Encoding,enc_11,1,5,1328.7,333.8,1482,186,93
P12,Encoding,enc_11,1,6,821.4,672.2,1723,408,204
P12,Encoding,enc_11,1,7,896.1,458.0,2160,164,82
P12,Encoding,enc_11,1,8,999.5,902.4,2379,214,107
P12,Encoding,enc_11,1,9,865.8,655.7,2646,210,105
P12,Encoding,enc_11,1,10,866.6,643.7,2904,222,111
P12,Encoding,enc_12,1,1,674.1,265.3,111,372,186
P12,Encoding,enc_12,1,2,1383.2,371.9,544,160,80
P12,Encoding,enc_12,1,3,677.6,594.9,731,382,191
P12,Encoding,enc_12,1,4,650.0,225.5,1149,208,104
P12,Encoding,enc_12,1,5,1161.1,285.8,1422,196,98
P12,Encoding,enc_12,1,6,1076.4,787.3,1652,286,143
P12,Encoding,enc_12,1,7,639.5,235.3,1963,252,126
P12,Encoding,enc_12,1,8,989.8,573.5,2261,326,163
P12,Encoding,enc_12,1,9,662.1,209.7,2617,274,137
P12,Encoding,enc_12,1,10,924.1,444.5,2943,452,226
P12,Encoding,enc_12,1,11,1046.7,552.1,3422,262,131
P12,Encoding,enc_12,1,12,968.1,522.1,3717,210,105
P12,Encoding,enc_12,1,13,723.3,603.8,3970,228,114
P12,Encoding,enc_13,1,1,682.2,739.5,52,218,109
P12,Encoding,enc_13,1,2,549.5,542.5,338,326,163
P12,Encoding,enc_13,1,3,655.3,723.4,726,264,132
P12,Encoding,enc_13,1,4,1115.4,333.8,1050,284,142
P12,Encoding,enc_13,1,5,1374.2,464.5,1395,326,163
P12,Encoding,enc_13,1,6,158.8,777.2,1757,196,98
P12,Encoding,enc_13,1,7,659.0,671.8,1994,284,142
P12,Encoding,enc_13,1,8,1012.6,688.5,2345,248,124
P12,Encoding,enc_13,1,9,1076.5,710.0,2633,174,87
P12,Encoding,enc_13,1,10,1344.5,472.3,2859,210,105
P12,Encoding,enc_14,1,1,725.4,589.6,77,240,120
P12,Encoding,enc_14,1,2,796.8,311.3,362,210,105
P12,Encoding,enc_14,1,3,569.7,529.2,619,252,126
P12,Encoding,enc_14,1,4,701.9,319.6,936,354,177
P12,Encoding,enc_14,1,5,741.9,542.2,1332,250,125
P12,Encoding,enc_14,1,6,1205.2,645.2,1607,350,175
P12,Encoding,enc_14,1,7,683.8,521.9,2022,354,177
P12,Encoding,enc_14,1,8,1171.9,735.5,2439,234,117
P12,Encoding,enc_14,1,9,742.3,582.7,2731,252,126
P12,Encoding,enc_15,1,1,690.1,765.8,79,258,129
P12,Encoding,enc_15,1,2,686.2,597.8,373,244,122
P12,Encoding,enc_15,1,3,1121.2,299.4,673,336,168
P12,Encoding,enc_15,1,4,1151.0,273.0,1067,394,197
P12,Encoding,enc_15,1,5,698.2,608.1,1502,264,132
P12,Encoding,enc_15,1,6,1124.4,515.5,1818,174,87
P12,Encoding,enc_15,1,7,716.1,608.7,2053,340,170
P12,Encoding,enc_15,1,8,998.6,201.3,2435,288,144
P12,Encoding,enc_15,1,9,1135.6,305.8,2791,410,205
P12,Encoding,enc_15,1,10,713.0,604.1,3243,256,128
P12,Encoding,enc_16,1,1,696.7,521.6,82,150,75
P12,Encoding,enc_16,1,2,875.6,307.5,286,476,238
P12,Encoding,enc_16,1,3,1227.1,829.8,816,282,141
P12,Encoding,enc_16,1,4,1292.6,846.0,1124,266,133
P12,Encoding,enc_16,1,5,761.0,333.6,1439,344,172
P12,Encoding,enc_16,1,6,1183.9,828.9,1812,496,248
P12,Encoding,enc_16,1,7,839.3,309.7,2371,320,160
P12,Encoding,enc_16,1,8,1231.3,847.7,2726,170,85
P12,Encoding,enc_16,1,9,1206.0,833.8,2922,514,257
P12,Encoding,enc_17,1,1,798.5,434.5,97,208,104
P12,Encoding,enc_17,1,2,1044.7,304.5,352,342,171
P12,Encoding,enc_17,1,3,1078.9,313.7,722,340,170
P12,Encoding,enc_17,1,4,1087.9,348.8,1090,470,235
P12,Encoding,enc_17,1,5,653.6,679.7,1624,338,169
P12,Encoding,enc_17,1,6,1218.5,475.5,1988,336,168
P12,Encoding,enc_17,1,7,1055.9,325.7,2353,320,160
P12,Encoding,enc_17,1,8,552.6,823.4,2703,278,139
P12,Encoding,enc_18,1,1,1341.6,580.1,62,336,168
P12,Encoding,enc_18,1,2,1273.7,566.2,451,326,163
P12,Encoding,enc_18,1,3,1083.7,436.9,826,308,154
P12,Encoding,enc_18,1,4,826.6,295.1,1166,214,107
P12,Encoding,enc_18,1,5,1264.7,558.8,1404,262,131
P12,Encoding,enc_18,1,6,798.7,302.0,1705,246,123
P12,Encoding,enc_18,1,7,798.0,245.0,1990,216,108
P12,Encoding,enc_18,1,8,1153.7,353.4,2232,300,150
P12,Encoding,enc_18,1,9,1068.4,425.2,2570,224,112
P12,Encoding,enc_18,1,10,799.8,261.5,2832,276,138
P12,Encoding,enc_18,1,11,816.3,253.9,3155,324,162
P12,Encoding,enc_19,1,1,925.6,534.7,46,332,166
P12,Encoding,enc_19,1,2,895.4,506.9,440,230,115
P12,Encoding,enc_19,1,3,1194.8,439.8,732,246,123
P12,Encoding,enc_19,1,4,916.6,421.4,1032,446,223
P12,Encoding,enc_19,1,5,947.6,462.9,1514,204,102
P12,Encoding,enc_19,1,6,999.1,521.8,1778,420,210
P12,Encoding,enc_19,1,7,950.2,517.7,2247,292,146
P12,Encoding,enc_19,1,8,476.1,669.3,2605,256,128
P12,Encoding,enc_19,1,9,1321.3,253.1,2901,440,220
P12,Encoding,enc_19,1,10,1195.2,432.9,3393,234,117
P12,Encoding,enc_20,1,1,596.0,651.9,58,276,138
P12,Encoding,enc_20,1,2,1037.1,345.5,389,446,223
P12,Encoding,enc_20,1,3,929.0,353.4,877,432,216
P12,Encoding,enc_20,1,4,1043.5,296.9,1364,116,58
P12,Encoding,enc_20,1,5,1068.6,283.9,1544,298,149
P12,Encoding,enc_20,1,6,808.5,394.0,1900,304,152
P12,Encoding,enc_20,1,7,1024.6,344.6,2271,252,126
P12,Encoding,enc_20,1,8,1017.1,310.3,2571,314,157
P12,Encoding,enc_20,1,9,865.4,685.0,2925,142,71
P12,Encoding,enc_20,1,10,1069.3,591.4,3102,394,197
P12,Encoding,enc_20,1,11,584.2,850.7,3559,334,167
P12,Encoding,enc_20,1,12,851.3,365.9,3954,318,159
P12,Retrieval,ret_01,1,1,1579.4,189.1,72,292,146
P12,Retrieval,ret_01,1,2,1096.0,648.6,411,240,120
P12,Retrieval,ret_01,1,3,1048.9,517.2,709,460,230
P12,Retrieval,ret_01,1,4,841.7,438.0,1207,278,139
P12,Retrieval,ret_01,1,5,884.9,539.6,1523,226,113
P12,Retrieval,ret_01,1,6,918.7,479.7,1787,278,139
P12,Retrieval,ret_01,1,7,1121.3,641.2,2117,320,160
P12,Retrieval,ret_01,1,8,613.9,555.0,2469,464,232
P12,Retrieval,ret_01,1,9,858.7,316.2,2969,288,144
P12,Retrieval,ret_02,1,1,597.6,817.8,92,300,150
P12,Retrieval,ret_02,1,2,1238.4,32.4,458,298,149
P12,Retrieval,ret_02,1,3,717.7,776.6,803,310,155
P12,Retrieval,ret_02,1,4,988.5,563.0,1148,316,158
P12,Retrieval,ret_02,1,5,697.3,747.7,1502,172,86
P12,Retrieval,ret_02,1,6,1069.4,917.7,1709,452,226
P12,Retrieval,ret_02,1,7,1362.0,1032.6,2191,480,240
P12,Retrieval,ret_02,1,8,1347.5,821.2,2714,324,162
P12,Retrieval,ret_02,1,9,656.0,780.7,3069,350,175
P12,Retrieval,ret_03,1,1,677.2,544.9,49,274,137
P12,Retrieval,ret_03,1,2,1089.8,290.3,361,394,197
P12,Retrieval,ret_03,1,3,1051.2,164.4,788,202,101
P12,Retrieval,ret_03,1,4,679.0,763.8,1042,280,140
P12,Retrieval,ret_03,1,5,904.2,508.6,1384,318,159
P12,Retrieval,ret_03,1,6,934.1,605.4,1741,214,107
P12,Retrieval,ret_03,1,7,238.6,597.5,2004,210,105
P12,Retrieval,ret_03,1,8,1061.4,558.5,2273,308,154
P12,Retrieval,ret_03,1,9,923.2,497.0,2628,174,87
P12,Retrieval,ret_03,1,10,934.4,576.3,2860,372,186
P12,Retrieval,ret_03,1,11,997.1,539.7,3299,300,150
P12,Retrieval,ret_03,1,12,1145.9,326.6,3649,316,158
P12,Retrieval,ret_03,1,13,686.2,600.0,3999,186,93
P12,Retrieval,ret_04,1,1,755.7,694.6,100,204,102
P12,Retrieval,ret_04,1,2,940.9,483.6,334,308,154
P12,Retrieval,ret_04,1,3,1234.0,670.4,698,344,172
P12,Retrieval,ret_04,1,4,831.5,428.5,1085,294,147
P12,Retrieval,ret_04,1,5,792.2,682.7,1416,286,143
P12,Retrieval,ret_04,1,6,994.8,762.6,1727,340,170
P12,Retrieval,ret_04,1,7,1011.6,567.9,2132,322,161
P12,Retrieval,ret_04,1,8,778.5,743.0,2520,202,101
P12,Retrieval,ret_04,1,9,677.6,735.3,2756,478,239
P12,Retrieval,ret_04,1,10,943.6,808.8,3267,342,171
P12,Retrieval,ret_04,1,11,930.4,458.9,3667,254,127
P12,Retrieval,ret_04,1,12,884.5,534.6,3964,324,162
P12,Retrieval,ret_05,1,1,981.7,704.4,85,310,155
P12,Retrieval,ret_05,1,2,897.0,806.0,440,310,155
P12,Retrieval,ret_05,1,3,701.8,759.3,808,210,105
P12,Retrieval,ret_05,1,4,617.4,772.5,1068,178,89
P12,Retrieval,ret_05,1,5,681.2,762.5,1272,224,112
P12,Retrieval,ret_05,1,6,912.9,581.5,1556,340,170
P12,Retrieval,ret_05,1,7,717.8,598.2,1935,308,154
P12,Retrieval,ret_05,1,8,890.2,749.3,2280,290,145
P12,Retrieval,ret_05,1,9,709.5,776.0,2605,170,85
P12,Retrieval,ret_05,1,10,1033.7,585.2,2806,402,201
P12,Retrieval,ret_05,1,11,1182.8,753.7,3257,290,145
P12,Retrieval,ret_06,1,1,818.7,423.9,78,292,146
P12,Retrieval,ret_06,1,2,1218.3,792.5,426,296,148
P12,Retrieval,ret_06,1,3,1215.0,815.3,781,86,43
P12,Retrieval,ret_06,1,4,1266.0,842.6,929,206,103
P12,Retrieval,ret_06,1,5,730.8,336.0,1194,232,116
P12,Retrieval,ret_06,1,6,728.5,341.9,1457,178,89
P12,Retrieval,ret_06,1,7,1208.4,867.2,1676,348,174
P12,Retrieval,ret_07,1,1,1213.5,462.4,57,212,106
P12,Retrieval,ret_07,1,2,1103.4,560.0,318,160,80
P12,Retrieval,ret_07,1,3,1191.9,457.6,503,228,114
P12,Retrieval,ret_07,1,4,1173.6,441.7,778,364,182
P12,Retrieval,ret_07,1,5,912.7,523.8,1195,284,142
P12,Retrieval,ret_07,1,6,1315.6,676.8,1439,384,192
P12,Retrieval,ret_07,1,7,1329.5,518.1,1849,276,138
P12,Retrieval,ret_07,1,8,968.4,558.9,2150,190,95
P12,Retrieval,ret_07,1,9,961.5,578.9,2376,342,171
P12,Retrieval,ret_07,1,10,1308.2,662.1,2765,272,136
P12,Retrieval,ret_07,1,11,872.9,562.9,3075,296,148
P12,Retrieval,ret_07,1,12,1308.0,645.4,3440,162,81
P12,Retrieval,ret_07,1,13,741.4,655.1,3653,262,131
P12,Retrieval,ret_08,1,1,967.0,596.2,56,354,177
P12,Retrieval,ret_08,1,2,729.9,739.0,474,200,100
P12,Retrieval,ret_08,1,3,1791.2,184.6,727,320,160
P12,Retrieval,ret_08,1,4,1008.5,514.4,1096,178,89
P12,Retrieval,ret_08,1,5,1154.0,399.9,1303,250,125
P12,Retrieval,ret_08,1,6,548.5,714.7,1589,266,133
P12,Retrieval,ret_08,1,7,671.1,772.9,1919,360,180
P12,Retrieval,ret_08,1,8,896.4,563.4,2318,410,205
P12,Retrieval,ret_08,1,9,608.7,691.9,2755,206,103
P12,Retrieval,ret_08,1,10,931.6,556.3,3006,280,140
P12,Retrieval,ret_08,1,11,866.1,577.9,3351,98,49
P12,Retrieval,ret_08,1,12,925.4,690.2,3483,358,179
P12,Retrieval,ret_09,1,1,479.0,607.2,70,200,100
P12,Retrieval,ret_09,1,2,962.3,761.2,329,272,136
P12,Retrieval,ret_09,1,3,494.6,426.3,633,378,189
P12,Retrieval,ret_09,1,4,813.6,411.5,1069,86,43
P12,Retrieval,ret_09,1,5,677.1,697.8,1195,300,150
P12,Retrieval,ret_09,1,6,1053.7,359.0,1561,258,129
P12,Retrieval,ret_09,1,7,238.2,254.7,1885,168,84
P12,Retrieval,ret_09,1,8,943.0,505.1,2112,274,137
P12,Retrieval,ret_09,1,9,715.0,381.8,2446,228,114
P12,Retrieval,ret_10,1,1,1146.5,795.9,55,538,269
P12,Retrieval,ret_10,1,2,681.7,486.6,633,234,117
P12,Retrieval,ret_10,1,3,1149.2,824.5,904,214,107
P12,Retrieval,ret_10,1,4,1134.5,438.2,1147,364,182
P12,Retrieval,ret_10,1,5,700.0,743.7,1566,414,207
P12,Retrieval,ret_10,1,6,599.6,752.5,2025,334,167
P12,Retrieval,ret_10,1,7,690.5,482.5,2423,288,144
P12,Retrieval,ret_10,1,8,696.5,520.6,2738,308,154
P12,Retrieval,ret_11,1,1,888.9,402.9,114,282,141
P12,Retrieval,ret_11,1,2,831.6,673.2,444,176,88
P12,Retrieval,ret_11,1,3,901.3,452.4,657,298,149
P12,Retrieval,ret_11,1,4,919.2,542.3,1015,318,159
P12,Retrieval,ret_11,1,5,1272.2,202.5,1375,382,191
P12,Retrieval,ret_11,1,6,1309.2,256.6,1819,354,177
P12,Retrieval,ret_11,1,7,731.4,666.7,2229,142,71
P12,Retrieval,ret_11,1,8,822.8,681.5,2429,370,185
P12,Retrieval,ret_11,1,9,829.8,659.5,2858,406,203
P12,Retrieval,ret_12,1,1,1299.2,574.0,79,256,128
P12,Retrieval,ret_12,1,2,956.8,515.1,373,410,205
P12,Retrieval,ret_12,1,3,986.8,502.1,830,386,193
P12,Retrieval,ret_12,1,4,1049.8,450.0,1256,398,199
P12,Retrieval,ret_12,1,5,807.4,216.6,1694,398,199
P12,Retrieval,ret_12,1,6,1320.4,333.7,2145,384,192
P12,Retrieval,ret_12,1,7,1013.7,202.4,2577,302,151
P12,Retrieval,ret_12,1,8,1059.1,408.5,2927,336,168
P12,Retrieval,ret_12,1,9,769.1,305.5,3313,184,92
P12,Retrieval,ret_12,1,10,751.8,522.0,3535,146,73
P12,Retrieval,ret_12,1,11,1124.4,526.2,3715,304,152
P12,Retrieval,ret_12,1,12,756.5,341.3,4057,242,121
P12,Retrieval,ret_13,1,1,915.0,579.7,112,352,176
P12,Retrieval,ret_13,1,2,652.9,279.4,511,260,130
P12,Retrieval,ret_13,1,3,1340.4,643.2,835,394,197
P12,Retrieval,ret_13,1,4,933.5,482.1,1285,120,60
P12,Retrieval,ret_13,1,5,816.6,577.5,1465,120,60
P12,Retrieval,ret_13,1,6,1231.2,364.0,1643,328,164
P12,Retrieval,ret_13,1,7,1553.3,82.7,2024,256,128
P12,Retrieval,ret_13,1,8,1256.9,437.8,2332,124,62
P12,Retrieval,ret_14,1,1,979.2,530.6,92,238,119
P12,Retrieval,ret_14,1,2,1092.0,276.6,360,344,172
P12,Retrieval,ret_14,1,3,1387.0,382.0,756,328,164
P12,Retrieval,ret_14,1,4,1026.7,539.4,1117,332,166
P12,Retrieval,ret_14,1,5,920.6,467.8,1493,436,218
P12,Retrieval,ret_14,1,6,648.3,222.1,1969,202,101
P12,Retrieval,ret_14,1,7,1108.2,805.9,2209,196,98
P12,Retrieval,ret_14,1,8,1359.4,388.8,2453,418,209
P12,Retrieval,ret_14,1,9,676.5,687.4,2928,278,139
P12,Retrieval,ret_14,1,10,653.5,247.6,3241,184,92
P12,Retrieval,ret_15,1,1,897.9,479.4,82,360,180
P12,Retrieval,ret_15,1,2,985.4,566.2,469,306,153
P12,Retrieval,ret_15,1,3,452.0,684.7,833,262,131
P12,Retrieval,ret_15,1,4,944.1,597.5,1160,216,108
P12,Retrieval,ret_15,1,5,920.1,493.9,1428,418,209
P12,Retrieval,ret_15,1,6,998.6,407.0,1877,276,138
P12,Retrieval,ret_15,1,7,1039.5,482.9,2187,266,133
P12,Retrieval,ret_15,1,8,902.6,509.0,2512,284,142
P12,Retrieval,ret_15,1,9,923.6,483.5,2824,280,140
P12,Retrieval,ret_15,1,10,1177.2,869.2,3133,400,200
P12,Retrieval,ret_16,1,1,1001.7,543.5,90,494,247
P12,Retrieval,ret_16,1,2,972.5,342.4,642,134,67
P12,Retrieval,ret_16,1,3,1064.2,963.6,808,488,244
P12,Retrieval,ret_16,1,4,641.9,243.5,1343,324,162
P12,Retrieval,ret_16,1,5,1333.1,779.3,1736,422,211
P12,Retrieval,ret_16,1,6,1314.5,453.5,2208,484,242
P12,Retrieval,ret_16,1,7,1309.1,816.8,2746,224,112
P12,Retrieval,ret_16,1,8,1295.2,759.4,3000,286,143
P12,Retrieval,ret_16,1,9,370.1,1035.0,3354,254,127
P12,Retrieval,ret_16,1,10,1304.5,492.1,3647,144,72
P12,Retrieval,ret_16,1,11,1354.4,409.4,3857,304,152
P12,Retrieval,ret_16,1,12,1376.7,436.8,4221,288,144
P12,Retrieval,ret_16,1,13,1186.6,421.3,4560,238,119
P12,Retrieval,ret_17,1,1,582.5,583.3,118,244,122
P12,Retrieval,ret_17,1,2,914.3,575.1,430,380,190
P12,Retrieval,ret_17,1,3,1471.1,82.3,877,274,137
P12,Retrieval,ret_17,1,4,905.6,587.9,1218,354,177
P12,Retrieval,ret_17,1,5,1396.5,482.9,1636,402,201
P12,Retrieval,ret_17,1,6,726.5,276.8,2106,192,96
P12,Retrieval,ret_17,1,7,1295.3,470.4,2357,280,140
P12,Retrieval,ret_17,1,8,1026.4,594.1,2674,372,186
P12,Retrieval,ret_17,1,9,485.3,870.9,3085,262,131
P12,Retrieval,ret_17,1,10,565.4,519.5,3414,254,127
P12,Retrieval,ret_18,1,1,1083.7,584.0,72,332,166
P12,Retrieval,ret_18,1,2,788.6,878.0,450,328,164
P12,Retrieval,ret_18,1,3,468.3,260.2,846,478,239
P12,Retrieval,ret_18,1,4,504.4,798.4,1356,228,114
P12,Retrieval,ret_18,1,5,1030.1,366.2,1651,314,157
P12,Retrieval,ret_18,1,6,968.0,533.0,2025,162,81
P12,Retrieval,ret_18,1,7,635.7,471.6,2242,252,126
P12,Retrieval,ret_18,1,8,933.4,693.5,2532,234,117
P12,Retrieval,ret_18,1,9,923.4,369.1,2805,236,118
P12,Retrieval,ret_18,1,10,1024.1,309.8,3101,116,58
P12,Retrieval,ret_18,1,11,876.3,370.6,3286,372,186
P12,Retrieval,ret_18,1,12,1292.6,808.3,3717,336,168
P12,Retrieval,ret_19,1,1,525.4,353.1,87,234,117
P12,Retrieval,ret_19,1,2,1057.9,423.6,346,280,140
P12,Retrieval,ret_19,1,3,518.0,281.7,676,362,181
P12,Retrieval,ret_19,1,4,600.0,272.7,1090,370,185
P12,Retrieval,ret_19,1,5,1022.1,433.1,1529,322,161
P12,Retrieval,ret_19,1,6,918.8,738.1,1886,340,170
P12,Retrieval,ret_19,1,7,972.3,501.3,2253,252,126
P12,Retrieval,ret_19,1,8,706.9,572.2,2556,224,112
P12,Retrieval,ret_19,1,9,1175.7,535.1,2832,212,106
P12,Retrieval,ret_19,1,10,931.8,740.5,3084,254,127
P12,Retrieval,ret_19,1,11,1013.7,547.6,3381,302,151
P12,Retrieval,ret_20,1,1,1201.6,744.4,105,262,131
P12,Retrieval,ret_20,1,2,745.7,289.3,415,244,122
P12,Retrieval,ret_20,1,3,91.3,729.0,688,384,192
P12,Retrieval,ret_20,1,4,687.8,479.9,1130,264,132
P12,Retrieval,ret_20,1,5,664.6,569.0,1444,276,138
P12,Retrieval,ret_20,1,6,1670.1,1039.2,1788,392,196
P12,Retrieval,ret_20,1,7,512.7,522.6,2204,488,244
P12,Retrieval,ret_20,1,8,669.9,564.5,2740,272,136
P12,Retrieval,ret_20,1,9,817.1,558.8,3046,262,131
P13,Encoding,enc_01,1,1,1333.4,328.6,92,274,137
P13,Encoding,enc_01,1,2,689.4,220.7,420,348,174
P13,Encoding,enc_01,1,3,1312.3,317.9,834,178,89
P13,Encoding,enc_01,1,4,1351.7,329.6,1056,404,202
P13,Encoding,enc_01,1,5,437.9,77.5,1524,168,84
P13,Encoding,enc_01,1,6,1316.9,314.4,1755,296,148
P13,Encoding,enc_01,1,7,952.6,443.6,2096,256,128
P13,Encoding,enc_01,1,8,483.9,566.2,2419,342,171
P13,Encoding,enc_02,1,1,1004.2,313.1,118,254,127
P13,Encoding,enc_02,1,2,1154.4,842.3,429,278,139
P13,Encoding,enc_02,1,3,897.2,589.9,771,210,105
P13,Encoding,enc_02,1,4,696.4,684.6,1042,80,40
P13,Encoding,enc_02,1,5,739.0,303.4,1156,414,207
P13,Encoding,enc_02,1,6,1128.3,807.3,1621,278,139
P13,Encoding,enc_02,1,7,632.7,289.0,1944,220,110
P13,Encoding,enc_02,1,8,653.0,248.3,2218,214,107
P13,Encoding,enc_02,1,9,1120.7,864.1,2477,266,133
P13,Encoding,enc_02,1,10,646.5,314.6,2796,390,195
P13,Encoding,enc_02,1,11,685.9,295.8,3218,284,142
P13,Encoding,enc_02,1,12,1029.0,499.6,3529,238,119
P13,Encoding,enc_03,1,1,576.8,503.2,100,358,179
P13,Encoding,enc_03,1,2,1063.2,742.4,519,374,187
P13,Encoding,enc_03,1,3,1101.7,703.8,949,364,182
P13,Encoding,enc_03,1,4,693.1,667.0,1344,156,78
P13,Encoding,enc_03,1,5,571.9,521.0,1550,208,104
P13,Encoding,enc_03,1,6,519.6,264.9,1822,242,121
P13,Encoding,enc_03,1,7,691.1,721.0,2090,232,116
P13,Encoding,enc_03,1,8,512.7,474.8,2371,208,104
P13,Encoding,enc_03,1,9,1332.1,415.5,2633,310,155
P13,Encoding,enc_03,1,10,680.1,719.4,2971,80,40
P13,Encoding,enc_03,1,11,1127.4,379.2,3103,210,105
P13,Encoding,enc_03,1,12,1106.0,701.5,3355,178,89
P13,Encoding,enc_04,1,1,709.9,539.9,47,272,136
P13,Encoding,enc_04,1,2,1083.4,897.5,386,348,174
P13,Encoding,enc_04,1,3,855.6,577.0,763,172,86
P13,Encoding,enc_04,1,4,1063.0,708.7,990,410,205
P13,Encoding,enc_04,1,5,717.3,335.9,1429,196,98
P13,Encoding,enc_04,1,6,935.3,357.1,1664,456,228
P13,Encoding,enc_04,1,7,712.0,313.7,2172,198,99
P13,Encoding,enc_04,1,8,1097.4,675.9,2415,282,141
P13,Encoding,enc_04,1,9,1106.5,751.8,2755,386,193
P13,Encoding,enc_04,1,10,803.0,347.7,3195,322,161
P13,Encoding,enc_04,1,11,1249.9,421.9,3570,356,178
P13,Encoding,enc_04,1,12,1171.7,757.1,3983,324,162
P13,Encoding,enc_04,1,13,723.4,553.4,4356,284,142
P13,Encoding,enc_05,1,1,957.8,430.7,112,196,98
P13,Encoding,enc_05,1,2,876.7,911.5,362,344,172
P13,Encoding,enc_05,1,3,1060.9,751.6,764,256,128
P13,Encoding,enc_05,1,4,158.8,111.4,1066,242,121
P13,Encoding,enc_05,1,5,1007.6,512.7,1342,300,150
P13,Encoding,enc_05,1,6,706.9,587.3,1666,426,213
P13,Encoding,enc_05,1,7,1067.1,765.9,2152,362,181
P13,Encoding,enc_05,1,8,902.4,476.9,2579,232,116
P13,Encoding,enc_05,1,9,730.1,671.1,2873,528,264
P13,Encoding,enc_05,1,10,701.5,640.4,3430,314,157
P13,Encoding,enc_05,1,11,1350.9,420.4,3787,358,179
P13,Encoding,enc_06,1,1,1336.8,512.8,86,380,190
P13,Encoding,enc_06,1,2,955.7,700.6,532,408,204
P13,Encoding,enc_06,1,3,996.8,696.0,991,196,98
P13,Encoding,enc_06,1,4,1374.4,522.6,1243,142,71
P13,Encoding,enc_06,1,5,894.0,324.2,1441,382,191
P13,Encoding,enc_06,1,6,1307.0,498.0,1891,220,110
P13,Encoding,enc_06,1,7,1279.5,524.4,2165,418,209
P13,Encoding,enc_06,1,8,1013.1,693.9,2649,344,172
P13,Encoding,enc_06,1,9,1049.0,657.0,3044,398,199
P13,Encoding,enc_06,1,10,926.4,314.8,3473,224,112
P13,Encoding,enc_06,1,11,982.1,647.1,3727,202,101
P13,Encoding,enc_06,1,12,1332.9,584.2,3968,374,187
P13,Encoding,enc_06,1,13,1199.6,518.3,4404,304,152
P13,Encoding,enc_07,1,1,1174.1,538.9,89,372,186
P13,Encoding,enc_07,1,2,860.7,698.5,521,194,97
P13,Encoding,enc_07,1,3,1137.1,547.3,782,326,163
P13,Encoding,enc_07,1,4,862.3,715.9,1163,378,189
P13,Encoding,enc_07,1,5,833.2,700.6,1610,320,160
P13,Encoding,enc_07,1,6,1105.7,317.6,1987,374,187
P13,Encoding,enc_07,1,7,1293.9,733.1,2425,398,199
P13,Encoding,enc_07,1,8,1262.3,708.9,2884,310,155
P13,Encoding,enc_07,1,9,830.9,690.7,3225,208,104
P13,Encoding,enc_07,1,10,757.4,866.3,3471,276,138
P13,Encoding,enc_07,1,11,831.6,637.1,3783,238,119
P13,Encoding,enc_07,1,12,665.2,321.0,4046,382,191
P13,Encoding,enc_07,1,13,1283.8,676.9,4467,274,137
P13,Encoding,enc_08,1,1,1249.2,570.9,102,300,150
P13,Encoding,enc_08,1,2,1173.2,262.8,453,214,107
P13,Encoding,enc_08,1,3,1062.1,758.4,724,256,128
P13,Encoding,enc_08,1,4,30.7,981.1,1034,346,173
P13,Encoding,enc_08,1,5,867.9,676.7,1411,252,126
P13,Encoding,enc_08,1,6,510.7,1048.3,1687,350,175
P13,Encoding,enc_08,1,7,1254.3,597.7,2067,152,76
P13,Encoding,enc_08,1,8,1236.2,183.9,2281,184,92
P13,Encoding,enc_08,1,9,1340.8,595.0,2494,214,107
P13,Encoding,enc_08,1,10,852.1,684.9,2757,194,97
P13,Encoding,enc_09,1,1,1197.6,454.1,57,164,82
P13,Encoding,enc_09,1,2,526.9,355.9,276,526,263
P13,Encoding,enc_09,1,3,874.3,512.0,844,280,140
P13,Encoding,enc_09,1,4,551.8,865.3,1192,324,162
P13,Encoding,enc_09,1,5,1205.9,435.3,1551,268,134
P13,Encoding,enc_09,1,6,1704.4,1031.2,1876,364,182
P13,Encoding,enc_09,1,7,1288.1,286.8,2276,296,148
P13,Encoding,enc_09,1,8,1295.2,285.0,2602,402,201
P13,Encoding,enc_09,1,9,909.3,443.5,3057,326,163
P13,Encoding,enc_09,1,10,869.0,399.7,3421,288,144
P13,Encoding,enc_09,1,11,869.6,472.2,3737,342,171
P13,Encoding,enc_10,1,1,767.0,637.3,60,292,146
P13,Encoding,enc_10,1,2,1043.7,344.5,388,268,134
P13,Encoding,enc_10,1,3,821.6,340.9,703,198,99
P13,Encoding,enc_10,1,4,706.0,691.6,959,268,134
P13,Encoding,enc_10,1,5,467.4,999.2,1265,230,115
P13,Encoding,enc_10,1,6,784.8,704.1,1524,430,215
P13,Encoding,enc_10,1,7,825.5,371.7,1983,384,192
P13,Encoding,enc_10,1,8,959.8,385.6,2422,186,93
P13,Encoding,enc_10,1,9,1007.9,245.7,2663,178,89
P13,Encoding,enc_10,1,10,832.3,655.8,2895,136,68
P13,Encoding,enc_11,1,1,1523.2,961.6,119,358,179
P13,Encoding,enc_11,1,2,577.4,800.2,514,130,65
P13,Encoding,enc_11,1,3,1721.9,537.2,674,266,133
P13,Encoding,enc_11,1,4,528.3,801.8,996,432,216
P13,Encoding,enc_11,1,5,839.3,366.2,1474,358,179
P13,Encoding,enc_11,1,6,862.1,328.0,1864,238,119
P13,Encoding,enc_11,1,7,720.0,862.2,2159,154,77
P13,Encoding,enc_11,1,8,571.3,801.5,2345,394,197
P13,Encoding,enc_11,1,9,532.6,318.2,2777,246,123
P13,Encoding,enc_11,1,10,594.8,794.7,3069,298,149
P13,Encoding,enc_11,1,11,867.5,383.0,3426,298,149
P13,Encoding,enc_12,1,1,738.3,467.8,91,298,149
P13,Encoding,enc_12,1,2,1076.8,882.1,449,82,41
P13,Encoding,enc_12,1,3,1197.9,407.3,573,112,56
P13,Encoding,enc_12,1,4,842.5,753.3,724,288,144
P13,Encoding,enc_12,1,5,340.4,413.6,1060,320,160
P13,Encoding,enc_12,1,6,1036.4,639.0,1414,244,122
P13,Encoding,enc_12,1,7,552.0,686.7,1727,458,229
P13,Encoding,enc_12,1,8,908.9,323.3,2221,350,175
P13,Encoding,enc_12,1,9,906.4,366.6,2600,442,221
P13,Encoding,enc_12,1,10,1686.2,867.8,3090,110,55
P13,Encoding,enc_12,1,11,521.7,720.5,3262,476,238
P13,Encoding,enc_12,1,12,934.8,356.9,3770,246,123
P13,Encoding,enc_13,1,1,1029.6,568.6,95,252,126
P13,Encoding,enc_13,1,2,718.4,487.6,387,320,160
P13,Encoding,enc_13,1,3,1003.1,575.1,761,240,120
P13,Encoding,enc_13,1,4,722.3,387.3,1054,128,64
P13,Encoding,enc_13,1,5,1070.0,608.4,1231,262,131
P13,Encoding,enc_13,1,6,670.4,700.5,1556,280,140
P13,Encoding,enc_13,1,7,985.4,542.5,1861,196,98
P13,Encoding,enc_13,1,8,644.8,698.3,2103,324,162
P13,Encoding,enc_13,1,9,649.0,726.0,2482,322,161
P13,Encoding,enc_13,1,10,971.0,698.3,2849,468,234
P13,Encoding,enc_13,1,11,1030.5,653.8,3358,248,124
P13,Encoding,enc_14,1,1,1264.4,826.0,89,290,145
P13,Encoding,enc_14,1,2,626.8,572.7,410,234,117
P13,Encoding,enc_14,1,3,691.6,595.9,701,306,153
P13,Encoding,enc_14,1,4,1341.6,594.3,1032,294,147
P13,Encoding,enc_14,1,5,877.5,195.4,1353,390,195
P13,Encoding,enc_14,1,6,1280.3,632.4,1797,292,146
P13,Encoding,enc_14,1,7,944.7,364.7,2119,476,238
P13,Encoding,enc_14,1,8,1012.1,672.8,2657,436,218
P13,Encoding,enc_14,1,9,1166.6,537.6,3126,220,110
P13,Encoding,enc_14,1,10,1219.4,523.4,3393,184,92
P13,Encoding,enc_15,1,1,918.0,561.1,91,470,235
P13,Encoding,enc_15,1,2,969.0,278.0,626,142,71
P13,Encoding,enc_15,1,3,1298.6,662.5,808,360,180
P13,Encoding,enc_15,1,4,653.1,376.1,1209,236,118
P13,Encoding,enc_15,1,5,1305.6,623.3,1480,328,164
P13,Encoding,enc_15,1,6,990.3,250.2,1863,368,184
P13,Encoding,enc_15,1,7,631.5,344.1,2271,358,179
P13,Encoding,enc_15,1,8,654.2,318.6,2658,230,115
P13,Encoding,enc_15,1,9,1326.8,690.9,2939,188,94
P13,Encoding,enc_15,1,10,954.9,263.7,3165,148,74
P13,Encoding,enc_15,1,11,1211.9,439.2,3374,426,213
P13,Encoding,enc_15,1,12,633.8,378.3,3831,428,214
P13,Encoding,enc_15,1,13,902.3,564.2,4306,280,140
P13,Encoding,enc_15,1,14,1299.3,595.7,4626,408,204
P13,Encoding,enc_16,1,1,961.6,390.4,119,216,108
P13,Encoding,enc_16,1,2,207.1,972.2,401,450,225
P13,Encoding,enc_16,1,3,1318.8,491.4,905,196,98
P13,Encoding,enc_16,1,4,475.0,637.2,1146,336,168
P13,Encoding,enc_16,1,5,986.5,409.9,1550,456,228
P13,Encoding,enc_16,1,6,1301.9,408.6,2054,196,98
P13,Encoding,enc_16,1,7,1271.2,461.3,2278,290,145
P13,Encoding,enc_16,1,8,1256.5,459.1,2619,390,195
P13,Encoding,enc_16,1,9,636.9,377.4,3067,252,126
P13,Encoding,enc_17,1,1,594.6,828.7,99,188,94
P13,Encoding,enc_17,1,2,1054.6,795.0,341,268,134
P13,Encoding,enc_17,1,3,615.1,843.4,643,368,184
P13,Encoding,enc_17,1,4,1027.2,417.8,1080,380,190
P13,Encoding,enc_17,1,5,981.7,771.9,1504,240,120
P13,Encoding,enc_17,1,6,825.5,904.6,1801,274,137
P13,Encoding,enc_17,1,7,952.5,393.7,2141,410,205
P13,Encoding,enc_17,1,8,1032.3,756.3,2603,268,134
P13,Encoding,enc_17,1,9,570.1,817.1,2929,150,75
P13,Encoding,enc_17,1,10,962.3,405.1,3130,224,112
P13,Encoding,enc_17,1,11,632.7,280.9,3383,416,208
P13,Encoding,enc_17,1,12,651.0,286.7,3855,188,94
P13,Encoding,enc_17,1,13,650.8,269.3,4094,300,150
P13,Encoding,enc_18,1,1,1277.0,404.9,49,208,104
P13,Encoding,enc_18,1,2,1310.2,488.0,291,320,160
P13,Encoding,enc_18,1,3,1023.8,540.5,656,340,170
P13,Encoding,enc_18,1,4,1336.6,463.0,1059,150,75
P13,Encoding,enc_18,1,5,1041.8,593.2,1233,390,195
P13,Encoding,enc_18,1,6,1068.6,579.5,1668,200,100
P13,Encoding,enc_18,1,7,1071.5,557.5,1937,328,164
P13,Encoding,enc_18,1,8,1055.0,694.5,2314,400,200
P13,Encoding,enc_18,1,9,1258.5,442.8,2778,302,151
P13,Encoding,enc_19,1,1,1289.3,263.9,93,80,40
P13,Encoding,enc_19,1,2,1013.2,336.9,219,168,84
P13,Encoding,enc_19,1,3,987.9,704.0,437,422,211
P13,Encoding,enc_19,1,4,1009.0,356.2,897,270,135
P13,Encoding,enc_19,1,5,1010.6,662.4,1214,242,121
P13,Encoding,enc_19,1,6,795.3,597.9,1521,318,159
P13,Encoding,enc_19,1,7,1264.7,264.0,1876,400,200
P13,Encoding,enc_19,1,8,959.6,661.9,2314,278,139
P13,Encoding,enc_19,1,9,969.0,703.9,2623,230,115
P13,Encoding,enc_19,1,10,826.9,611.9,2887,212,106
P13,Encoding,enc_19,1,11,807.5,557.8,3126,228,114
P13,Encoding,enc_20,1,1,1038.3,210.4,105,520,260
P13,Encoding,enc_20,1,2,1037.6,844.6,689,252,126
P13,Encoding,enc_20,1,3,731.7,504.7,1010,332,166
P13,Encoding,enc_20,1,4,783.6,533.3,1383,194,97
P13,Encoding,enc_20,1,5,1150.6,610.8,1618,208,104
P13,Encoding,enc_20,1,6,946.6,636.6,1868,272,136
P13,Encoding,enc_20,1,7,1166.4,588.4,2200,342,171
P13,Encoding,enc_20,1,8,752.6,520.7,2589,286,143
P13,Encoding,enc_20,1,9,1068.0,261.5,2925,244,122
P13,Encoding,enc_20,1,10,1002.7,301.4,3231,204,102
P13,Retrieval,ret_01,1,1,1366.7,310.5,45,164,82
P13,Retrieval,ret_01,1,2,1388.3,395.8,260,244,122
P13,Retrieval,ret_01,1,3,671.0,202.3,552,200,100
P13,Retrieval,ret_01,1,4,1306.6,330.2,784,290,145
P13,Retrieval,ret_01,1,5,1347.5,338.9,1136,276,138
P13,Retrieval,ret_01,1,6,1290.9,329.7,1457,234,117
P13,Retrieval,ret_01,1,7,1294.4,283.1,1735,346,173
P13,Retrieval,ret_01,1,8,961.1,566.4,2146,296,148
P13,Retrieval,ret_01,1,9,1342.9,277.6,2500,198,99
P13,Retrieval,ret_01,1,10,926.4,500.2,2728,222,111
P13,Retrieval,ret_01,1,11,919.0,499.5,2974,232,116
P13,Retrieval,ret_01,1,12,923.1,539.9,3251,292,146
P13,Retrieval,ret_01,1,13,995.9,572.4,3586,360,180
P13,Retrieval,ret_02,1,1,865.0,686.1,90,166,83
P13,Retrieval,ret_02,1,2,956.6,601.6,296,210,105
P13,Retrieval,ret_02,1,3,874.2,670.5,531,284,142
P13,Retrieval,ret_02,1,4,1003.5,879.8,847,262,131
P13,Retrieval,ret_02,1,5,1287.0,581.0,1153,222,111
P13,Retrieval,ret_02,1,6,1255.3,605.7,1401,350,175
P13,Retrieval,ret_02,1,7,847.4,715.4,1784,270,135
P13,Retrieval,ret_02,1,8,887.8,595.0,2117,164,82
P13,Retrieval,ret_02,1,9,1316.8,570.4,2326,358,179
P13,Retrieval,ret_03,1,1,586.0,322.7,111,156,78
P13,Retrieval,ret_03,1,2,1273.5,630.9,320,366,183
P13,Retrieval,ret_03,1,3,1325.7,587.0,743,262,131
P13,Retrieval,ret_03,1,4,952.6,225.8,1070,372,186
P13,Retrieval,ret_03,1,5,1280.2,620.8,1505,226,113
P13,Retrieval,ret_03,1,6,1363.8,892.9,1756,246,123
P13,Retrieval,ret_03,1,7,889.4,530.1,2038,376,188
P13,Retrieval,ret_03,1,8,1024.2,566.0,2449,514,257
P13,Retrieval,ret_03,1,9,971.7,228.6,3031,424,212
P13,Retrieval,ret_03,1,10,1166.2,417.7,3486,376,188
P13,Retrieval,ret_03,1,11,647.4,523.8,3891,444,222
P13,Retrieval,ret_04,1,1,1137.1,795.5,47,174,87
P13,Retrieval,ret_04,1,2,1000.6,347.4,269,400,200
P13,Retrieval,ret_04,1,3,887.8,546.3,736,386,193
P13,Retrieval,ret_04,1,4,940.6,557.2,1178,252,126
P13,Retrieval,ret_04,1,5,981.4,519.2,1485,332,166
P13,Retrieval,ret_04,1,6,1181.5,788.6,1878,174,87
P13,Retrieval,ret_04,1,7,973.9,506.8,2109,304,152
P13,Retrieval,ret_04,1,8,1141.0,920.0,2461,296,148
P13,Retrieval,ret_04,1,9,893.8,535.6,2791,304,152
P13,Retrieval,ret_04,1,10,697.5,691.2,3136,208,104
P13,Retrieval,ret_04,1,11,914.9,532.2,3400,154,77
P13,Retrieval,ret_04,1,12,956.5,563.6,3602,192,96
P13,Retrieval,ret_04,1,13,780.4,278.7,3861,164,82
P13,Retrieval,ret_04,1,14,1405.8,865.4,4065,238,119
P13,Retrieval,ret_04,1,15,1080.8,709.7,4334,296,148
P13,Retrieval,ret_04,1,16,649.2,290.4,4661,482,241
P13,Retrieval,ret_05,1,1,611.3,99.9,82,342,171
P13,Retrieval,ret_05,1,2,463.5,329.9,455,260,130
P13,Retrieval,ret_05,1,3,1284.4,372.1,768,378,189
P13,Retrieval,ret_05,1,4,940.2,450.1,1204,200,100
P13,Retrieval,ret_05,1,5,890.3,542.9,1445,306,153
P13,Retrieval,ret_05,1,6,502.9,801.2,1806,298,149
P13,Retrieval,ret_05,1,7,1218.6,449.8,2166,374,187
P13,Retrieval,ret_05,1,8,1312.6,368.3,2589,278,139
P13,Retrieval,ret_05,1,9,1041.4,472.2,2917,424,212
P13,Retrieval,ret_05,1,10,1267.4,260.4,3408,150,75
P13,Retrieval,ret_05,1,11,991.0,516.0,3604,220,110
P13,Retrieval,ret_06,1,1,1320.9,439.0,113,228,114
P13,Retrieval,ret_06,1,2,982.6,351.8,367,326,163
P13,Retrieval,ret_06,1,3,1309.6,415.8,723,364,182
P13,Retrieval,ret_06,1,4,1320.0,448.2,1144,198,99
P13,Retrieval,ret_06,1,5,1001.6,397.2,1370,314,157
P13,Retrieval,ret_06,1,6,1253.6,432.2,1746,488,244
P13,Retrieval,ret_06,1,7,1287.7,472.3,2262,136,68
P13,Retrieval,ret_06,1,8,999.3,409.0,2433,216,108
P13,Retrieval,ret_06,1,9,956.4,399.1,2677,182,91
P13,Retrieval,ret_06,1,10,1195.2,450.7,2916,258,129
P13,Retrieval,ret_06,1,11,1289.9,518.7,3239,252,126
P13,Retrieval,ret_06,1,12,975.8,427.2,3522,266,133
P13,Retrieval,ret_06,1,13,915.8,583.3,3845,320,160
P13,Retrieval,ret_06,1,14,459.6,631.9,4190,300,150
P13,Retrieval,ret_06,1,15,941.1,313.7,4534,280,140
P13,Retrieval,ret_06,1,16,983.0,478.7,4871,216,108
P13,Retrieval,ret_07,1,1,501.4,266.2,72,278,139
P13,Retrieval,ret_07,1,2,1083.7,679.1,391,246,123
P13,Retrieval,ret_07,1,3,1003.1,538.3,696,334,167
P13,Retrieval,ret_07,1,4,1001.8,488.0,1056,188,94
P13,Retrieval,ret_07,1,5,484.3,234.7,1294,314,157
P13,Retrieval,ret_07,1,6,956.5,600.2,1661,296,148
P13,Retrieval,ret_07,1,7,902.3,538.3,1999,254,127
P13,Retrieval,ret_07,1,8,1045.1,535.2,2279,354,177
P13,Retrieval,ret_07,1,9,648.5,636.2,2689,232,116
P13,Retrieval,ret_07,1,10,486.4,245.4,2951,300,150
P13,Retrieval,ret_08,1,1,758.3,717.5,40,224,112
P13,Retrieval,ret_08,1,2,784.2,860.2,306,288,144
P13,Retrieval,ret_08,1,3,804.1,361.5,632,210,105
P13,Retrieval,ret_08,1,4,732.4,225.5,892,232,116
P13,Retrieval,ret_08,1,5,707.9,663.4,1155,170,85
P13,Retrieval,ret_08,1,6,940.4,535.3,1352,186,93
P13,Retrieval,ret_08,1,7,643.0,758.4,1566,280,140
P13,Retrieval,ret_08,1,8,1329.5,645.5,1907,248,124
P13,Retrieval,ret_08,1,9,1052.5,604.0,2210,310,155
P13,Retrieval,ret_08,1,10,685.4,814.4,2589,170,85
P13,Retrieval,ret_08,1,11,1611.4,440.3,2798,268,134
P13,Retrieval,ret_08,1,12,1347.7,617.9,3132,210,105
P13,Retrieval,ret_09,1,1,981.3,220.2,79,490,245
P13,Retrieval,ret_09,1,2,1060.6,383.1,632,292,146
P13,Retrieval,ret_09,1,3,921.7,209.0,952,302,151
P13,Retrieval,ret_09,1,4,1461.0,550.4,1304,448,224
P13,Retrieval,ret_09,1,5,1128.2,624.8,1781,498,249
P13,Retrieval,ret_09,1,6,605.2,845.8,2343,326,163
P13,Retrieval,ret_09,1,7,1006.9,488.6,2723,330,165
P13,Retrieval,ret_09,1,8,554.4,839.8,3083,268,134
P13,Retrieval,ret_09,1,9,686.9,312.0,3381,278,139
P13,Retrieval,ret_09,1,10,965.1,516.0,3722,260,130
P13,Retrieval,ret_09,1,11,819.4,745.3,4007,258,129
P13,Retrieval,ret_09,1,12,606.6,308.0,4291,440,220
P13,Retrieval,ret_09,1,13,960.1,459.7,4798,396,198
P13,Retrieval,ret_09,1,14,1111.6,791.5,5243,220,110
P13,Retrieval,ret_10,1,1,1628.0,1053.2,84,224,112
P13,Retrieval,ret_10,1,2,1103.9,752.4,350,346,173
P13,Retrieval,ret_10,1,3,976.2,552.0,722,346,173
P13,Retrieval,ret_10,1,4,909.0,325.9,1098,130,65
P13,Retrieval,ret_10,1,5,1056.6,727.7,1261,314,157
P13,Retrieval,ret_10,1,6,717.1,343.8,1627,286,143
P13,Retrieval,ret_10,1,7,896.3,345.6,1958,448,224
P13,Retrieval,ret_10,1,8,1285.9,404.0,2451,390,195
P13,Retrieval,ret_10,1,9,984.8,299.7,2905,182,91
P13,Retrieval,ret_10,1,10,935.7,559.3,3134,226,113
P13,Retrieval,ret_10,1,11,734.6,385.3,3411,294,147
P13,Retrieval,ret_10,1,12,852.6,551.5,3769,334,167
P13,Retrieval,ret_11,1,1,818.9,320.7,118,316,158
P13,Retrieval,ret_11,1,2,930.6,595.4,482,396,198
P13,Retrieval,ret_11,1,3,596.2,740.9,916,206,103
P13,Retrieval,ret_11,1,4,913.7,313.3,1148,300,150
P13,Retrieval,ret_11,1,5,841.0,318.7,1492,252,126
P13,Retrieval,ret_11,1,6,625.6,595.3,1783,334,167
P13,Retrieval,ret_11,1,7,580.9,849.0,2181,170,85
P13,Retrieval,ret_11,1,8,809.0,417.6,2394,282,141
P13,Retrieval,ret_11,1,9,1008.1,126.4,2736,294,147
P13,Retrieval,ret_11,1,10,540.9,749.9,3097,342,171
P13,Retrieval,ret_12,1,1,926.7,542.3,106,330,165
P13,Retrieval,ret_12,1,2,952.3,498.6,482,264,132
P13,Retrieval,ret_12,1,3,816.9,626.4,809,112,56
P13,Retrieval,ret_12,1,4,895.8,554.6,982,330,165
P13,Retrieval,ret_12,1,5,1136.1,555.5,1378,124,62
P13,Retrieval,ret_12,1,6,560.4,779.1,1552,306,153
P13,Retrieval,ret_12,1,7,670.7,906.4,1911,182,91
P13,Retrieval,ret_12,1,8,928.0,560.6,2140,350,175
P13,Retrieval,ret_12,1,9,754.7,486.8,2542,334,167
P13,Retrieval,ret_12,1,10,905.3,517.7,2926,244,122
P13,Retrieval,ret_12,1,11,946.8,542.0,3201,262,131
P13,Retrieval,ret_12,1,12,1047.3,708.9,3530,378,189
P13,Retrieval,ret_12,1,13,906.5,517.2,3976,438,219
P13,Retrieval,ret_13,1,1,1074.9,725.1,40,232,116
P13,Retrieval,ret_13,1,2,1317.6,411.6,317,228,114
P13,Retrieval,ret_13,1,3,744.1,610.0,605,270,135
P13,Retrieval,ret_13,1,4,1332.4,463.5,939,314,157
P13,Retrieval,ret_13,1,5,917.1,434.7,1318,352,176
P13,Retrieval,ret_13,1,6,731.7,604.1,1698,356,178
P13,Retrieval,ret_13,1,7,1099.1,797.4,2099,168,84
P13,Retrieval,ret_13,1,8,942.1,376.0,2299,384,192
P13,Retrieval,ret_13,1,9,1639.9,360.9,2728,356,178
P13,Retrieval,ret_13,1,10,950.0,588.5,3110,128,64
P13,Retrieval,ret_13,1,11,995.2,520.1,3307,230,115
P13,Retrieval,ret_13,1,12,1087.9,789.2,3563,304,152
P13,Retrieval,ret_13,1,13,979.1,580.6,3902,266,133
P13,Retrieval,ret_14,1,1,739.1,421.2,92,244,122
P13,Retrieval,ret_14,1,2,946.7,530.6,367,338,169
P13,Retrieval,ret_14,1,3,940.2,590.8,751,296,148
P13,Retrieval,ret_14,1,4,1200.3,412.2,1093,232,116
P13,Retrieval,ret_14,1,5,1088.9,643.5,1381,244,122
P13,Retrieval,ret_14,1,6,922.4,353.5,1659,200,100
P13,Retrieval,ret_14,1,7,782.3,703.0,1915,302,151
P13,Retrieval,ret_14,1,8,1049.9,869.9,2272,252,126
P13,Retrieval,ret_14,1,9,873.4,825.0,2573,264,132
P13,Retrieval,ret_14,1,10,522.8,735.4,2893,330,165
P13,Retrieval,ret_14,1,11,1351.0,114.4,3266,170,85
P13,Retrieval,ret_14,1,12,1886.4,1020.9,3498,412,206
P13,Retrieval,ret_14,1,13,999.1,465.7,3947,390,195
P13,Retrieval,ret_14,1,14,1192.6,424.7,4400,368,184
P13,Retrieval,ret_14,1,15,1121.2,906.1,4833,106,53
P13,Retrieval,ret_15,1,1,800.0,669.7,73,464,0
P13,Retrieval,ret_15,1,2,995.9,699.3,581,310,0
P13,Retrieval,ret_15,1,3,980.0,571.7,936,470,0
P13,Retrieval,ret_15,1,4,839.7,667.4,1436,220,0
P13,Retrieval,ret_15,1,5,825.5,667.1,1698,256,0
P13,Retrieval,ret_15,1,6,914.0,543.8,2021,278,0
P13,Retrieval,ret_15,1,7,763.0,576.3,2335,492,0
P13,Retrieval,ret_15,1,8,976.6,448.0,2860,362,0
P13,Retrieval,ret_15,1,9,803.3,630.7,3249,90,0
P13,Retrieval,ret_15,1,10,841.8,581.1,3394,270,0
P13,Retrieval,ret_15,1,11,930.2,633.4,3710,336,0
P13,Retrieval,ret_15,1,12,934.4,704.3,4110,250,0
P13,Retrieval,ret_15,1,13,827.2,562.5,4415,122,0
P13,Retrieval,ret_15,1,14,738.3,699.6,4596,524,0
P13,Retrieval,ret_16,1,1,918.7,516.9,71,336,168
P13,Retrieval,ret_16,1,2,1010.0,667.5,449,378,189
P13,Retrieval,ret_16,1,3,1021.1,563.8,858,216,108
P13,Retrieval,ret_16,1,4,1345.1,563.1,1116,354,177
P13,Retrieval,ret_16,1,5,957.2,575.2,1514,446,223
P13,Retrieval,ret_16,1,6,1299.2,471.7,2025,354,177
P13,Retrieval,ret_16,1,7,1013.7,749.9,2434,120,60
P13,Retrieval,ret_16,1,8,956.3,271.4,2588,376,188
P13,Retrieval,ret_16,1,9,929.6,535.9,3011,242,121
P13,Retrieval,ret_16,1,10,878.3,320.8,3289,228,114
P13,Retrieval,ret_16,1,11,1077.5,659.0,3575,282,141
P13,Retrieval,ret_17,1,1,602.8,759.4,49,306,153
P13,Retrieval,ret_17,1,2,657.8,704.5,407,552,276
P13,Retrieval,ret_17,1,3,1022.0,592.7,1007,250,125
P13,Retrieval,ret_17,1,4,409.9,542.8,1302,286,143
P13,Retrieval,ret_17,1,5,1041.7,645.6,1655,454,227
P13,Retrieval,ret_17,1,6,972.1,527.8,2145,374,187
P13,Retrieval,ret_17,1,7,975.7,546.5,2543,246,123
P13,Retrieval,ret_17,1,8,703.8,457.2,2814,278,139
P13,Retrieval,ret_17,1,9,696.1,488.0,3154,348,174
P13,Retrieval,ret_17,1,10,1016.2,529.2,3550,384,192
P13,Retrieval,ret_17,1,11,992.8,604.1,4000,286,143
P13,Retrieval,ret_17,1,12,601.8,702.6,4346,306,153
P13,Retrieval,ret_17,1,13,676.0,746.6,4696,348,174
P13,Retrieval,ret_17,1,14,1026.4,492.5,5097,268,134
P13,Retrieval,ret_17,1,15,1037.1,559.1,5405,198,99
P13,Retrieval,ret_17,1,16,990.6,690.7,5664,160,80
P13,Retrieval,ret_18,1,1,1062.8,262.8,101,420,210
P13,Retrieval,ret_18,1,2,706.1,686.0,578,384,192
P13,Retrieval,ret_18,1,3,969.8,597.6,1012,232,116
P13,Retrieval,ret_18,1,4,1325.0,412.1,1301,322,161
P13,Retrieval,ret_18,1,5,706.6,646.3,1670,400,200
P13,Retrieval,ret_18,1,6,1017.0,496.7,2137,254,127
P13,Retrieval,ret_18,1,7,1319.4,584.9,2422,348,174
P13,Retrieval,ret_18,1,8,1137.2,595.2,2838,112,56
P13,Retrieval,ret_18,1,9,1003.7,528.5,2998,326,163
P13,Retrieval,ret_18,1,10,518.7,618.6,3354,482,241
P13,Retrieval,ret_18,1,11,936.4,552.1,3867,164,82
P13,Retrieval,ret_19,1,1,1392.2,279.8,79,350,175
P13,Retrieval,ret_19,1,2,691.4,871.2,462,276,138
P13,Retrieval,ret_19,1,3,824.8,693.0,779,348,174
P13,Retrieval,ret_19,1,4,957.9,461.5,1193,152,76
P13,Retrieval,ret_19,1,5,1248.3,674.9,1384,254,127
P13,Retrieval,ret_19,1,6,769.7,633.4,1701,280,140
P13,Retrieval,ret_19,1,7,1364.7,66.8,2036,412,206
P13,Retrieval,ret_19,1,8,986.5,561.2,2514,282,141
P13,Retrieval,ret_19,1,9,932.0,579.3,2859,242,121
P13,Retrieval,ret_19,1,10,676.2,291.5,3152,194,97
P13,Retrieval,ret_19,1,11,1165.5,527.8,3391,288,144
P13,Retrieval,ret_19,1,12,913.0,509.2,3739,332,166
P13,Retrieval,ret_19,1,13,798.2,751.5,4129,216,108
P13,Retrieval,ret_19,1,14,1455.9,860.1,4375,374,187
P13,Retrieval,ret_20,1,1,504.6,169.6,44,310,155
P13,Retrieval,ret_20,1,2,1071.9,668.4,413,216,108
P13,Retrieval,ret_20,1,3,514.2,177.9,674,356,178
P13,Retrieval,ret_20,1,4,1083.0,582.5,1077,184,92
P13,Retrieval,ret_20,1,5,937.0,599.5,1327,270,135
P13,Retrieval,ret_20,1,6,1317.4,428.3,1655,228,114
P13,Retrieval,ret_20,1,7,921.2,432.0,1909,302,151
P13,Retrieval,ret_20,1,8,988.1,569.0,2266,248,124
P13,Retrieval,ret_20,1,9,945.0,511.6,2564,194,97
P13,Retrieval,ret_20,1,10,1082.1,567.7,2793,256,128
P14,Encoding,enc_01,1,1,871.3,323.2,57,464,232
P14,Encoding,enc_01,1,2,707.7,488.5,556,296,148
P14,Encoding,enc_01,1,3,833.1,381.1,898,140,70
P14,Encoding,enc_01,1,4,1757.8,872.1,1097,402,201
P14,Encoding,enc_01,1,5,844.3,829.5,1558,236,118
P14,Encoding,enc_01,1,6,707.6,575.3,1859,246,123
P14,Encoding,enc_01,1,7,581.0,755.2,2136,354,177
P14,Encoding,enc_01,1,8,716.6,570.1,2527,128,64
P14,Encoding,enc_01,1,9,859.4,312.7,2715,114,57
P14,Encoding,enc_01,1,10,855.4,300.7,2859,136,68
P14,Encoding,enc_01,1,11,1778.7,447.6,3051,300,150
P14,Encoding,enc_01,1,12,871.7,338.0,3377,382,191
P14,Encoding,enc_01,1,13,472.1,676.0,3819,232,116
P14,Encoding,enc_01,1,14,831.6,341.7,4108,244,122
P14,Encoding,enc_02,1,1,976.6,320.9,78,212,106
P14,Encoding,enc_02,1,2,512.1,648.9,358,348,174
P14,Encoding,enc_02,1,3,1024.5,209.2,734,358,179
P14,Encoding,enc_02,1,4,1136.7,351.8,1145,276,138
P14,Encoding,enc_02,1,5,986.9,320.3,1453,410,0
P14,Encoding,enc_02,1,6,919.1,656.8,1902,278,139
P14,Encoding,enc_02,1,7,752.6,488.6,2211,212,106
P14,Encoding,enc_02,1,8,539.3,618.7,2489,364,182
P14,Encoding,enc_03,1,1,1025.9,555.0,58,296,148
P14,Encoding,enc_03,1,2,726.8,453.5,405,262,131
P14,Encoding,enc_03,1,3,782.0,851.4,692,180,90
P14,Encoding,enc_03,1,4,701.2,727.6,904,408,204
P14,Encoding,enc_03,1,5,609.6,731.3,1367,282,141
P14,Encoding,enc_03,1,6,670.6,736.7,1707,262,131
P14,Encoding,enc_03,1,7,741.1,464.7,2024,88,44
P14,Encoding,enc_03,1,8,734.4,479.0,2157,124,62
P14,Encoding,enc_03,1,9,1067.0,595.0,2338,318,159
P14,Encoding,enc_03,1,10,642.0,717.4,2711,338,169
P14,Encoding,enc_04,1,1,1298.5,676.8,53,260,130
P14,Encoding,enc_04,1,2,948.3,666.1,355,124,62
P14,Encoding,enc_04,1,3,1001.7,676.6,528,264,132
P14,Encoding,enc_04,1,4,928.1,691.2,824,218,109
P14,Encoding,enc_04,1,5,943.2,373.9,1102,588,294
P14,Encoding,enc_04,1,6,1691.0,905.0,1714,318,159
P14,Encoding,enc_04,1,7,986.5,666.6,2092,414,207
P14,Encoding,enc_04,1,8,928.5,353.6,2572,406,203
P14,Encoding,enc_04,1,9,588.9,603.5,3025,208,104
P14,Encoding,enc_05,1,1,1062.5,379.4,92,312,156
P14,Encoding,enc_05,1,2,1318.5,681.4,457,236,118
P14,Encoding,enc_05,1,3,548.4,512.4,731,452,226
P14,Encoding,enc_05,1,4,551.2,559.0,1239,346,173
P14,Encoding,enc_05,1,5,558.7,545.5,1649,344,172
P14,Encoding,enc_05,1,6,1223.7,381.3,2026,216,108
P14,Encoding,enc_05,1,7,1255.2,388.7,2270,226,113
P14,Encoding,enc_05,1,8,1156.9,369.7,2536,302,151
P14,Encoding,enc_05,1,9,1331.8,690.8,2895,172,86
P14,Encoding,enc_05,1,10,1313.0,684.9,3117,228,114
P14,Encoding,enc_05,1,11,1284.0,684.9,3370,392,196
P14,Encoding,enc_05,1,12,544.8,452.5,3789,406,203
P14,Encoding,enc_06,1,1,783.2,778.3,53,348,174
P14,Encoding,enc_06,1,2,1061.6,360.4,444,316,158
P14,Encoding,enc_06,1,3,1148.2,795.6,810,288,144
P14,Encoding,enc_06,1,4,1082.9,385.5,1151,292,146
P14,Encoding,enc_06,1,5,1139.5,809.4,1504,222,111
P14,Encoding,enc_06,1,6,1601.4,524.2,1756,340,170
P14,Encoding,enc_06,1,7,1051.0,347.4,2159,284,142
P14,Encoding,enc_06,1,8,1054.9,373.2,2477,262,131
P14,Encoding,enc_06,1,9,1192.6,820.2,2793,152,76
P14,Encoding,enc_06,1,10,1068.4,346.6,2982,342,171
P14,Encoding,enc_06,1,11,747.3,785.3,3379,454,227
P14,Encoding,enc_06,1,12,756.2,759.2,3874,216,108
P14,Encoding,enc_07,1,1,1345.2,746.9,84,106,53
P14,Encoding,enc_07,1,2,1230.0,317.0,253,106,53
P14,Encoding,enc_07,1,3,1360.5,717.7,409,252,126
P14,Encoding,enc_07,1,4,1337.7,728.5,692,306,153
P14,Encoding,enc_07,1,5,1253.3,333.3,1053,248,124
P14,Encoding,enc_07,1,6,1131.4,277.5,1327,372,186
P14,Encoding,enc_07,1,7,741.6,587.7,1734,316,158
P14,Encoding,enc_07,1,8,1267.8,303.7,2115,248,124
P14,Encoding,enc_07,1,9,1029.7,245.1,2424,234,117
P14,Encoding,enc_07,1,10,773.4,541.7,2702,378,189
P14,Encoding,enc_07,1,11,908.6,693.1,3119,436,218
P14,Encoding,enc_07,1,12,990.4,263.2,3588,376,188
P14,Encoding,enc_08,1,1,573.0,773.6,50,354,177
P14,Encoding,enc_08,1,2,1079.6,555.6,473,372,186
P14,Encoding,enc_08,1,3,1272.7,451.4,873,278,139
P14,Encoding,enc_08,1,4,1083.7,558.6,1199,260,130
P14,Encoding,enc_08,1,5,1301.9,423.2,1510,218,109
P14,Encoding,enc_08,1,6,596.9,772.6,1779,230,115
P14,Encoding,enc_08,1,7,614.8,795.1,2073,284,142
P14,Encoding,enc_08,1,8,1316.8,474.1,2383,306,153
P14,Encoding,enc_08,1,9,1307.8,473.1,2753,552,276
P14,Encoding,enc_08,1,10,1081.3,557.0,3352,136,68
P14,Encoding,enc_09,1,1,995.6,729.6,48,150,75
P14,Encoding,enc_09,1,2,767.7,588.2,241,274,137
P14,Encoding,enc_09,1,3,934.1,330.8,565,346,173
P14,Encoding,enc_09,1,4,1005.7,672.0,939,220,110
P14,Encoding,enc_09,1,5,1265.9,292.2,1188,172,86
P14,Encoding,enc_09,1,6,707.6,584.2,1392,268,134
P14,Encoding,enc_09,1,7,703.0,579.3,1716,302,151
P14,Encoding,enc_09,1,8,869.2,393.1,2079,190,95
P14,Encoding,enc_09,1,9,796.0,615.4,2300,124,62
P14,Encoding,enc_09,1,10,893.4,677.7,2485,428,214
P14,Encoding,enc_09,1,11,738.0,578.3,2937,422,211
P14,Encoding,enc_09,1,12,966.1,312.7,3387,340,170
P14,Encoding,enc_09,1,13,1070.0,290.7,3766,372,186
P14,Encoding,enc_10,1,1,640.8,695.0,68,96,48
P14,Encoding,enc_10,1,2,1142.9,579.1,199,390,195
P14,Encoding,enc_10,1,3,834.9,491.4,636,198,99
P14,Encoding,enc_10,1,4,697.1,691.0,867,136,68
P14,Encoding,enc_10,1,5,1096.3,234.7,1044,320,160
P14,Encoding,enc_10,1,6,887.9,290.4,1424,344,172
P14,Encoding,enc_10,1,7,1090.7,566.0,1822,94,47
P14,Encoding,enc_10,1,8,788.4,474.2,1963,406,203
P14,Encoding,enc_10,1,9,797.7,491.5,2406,442,221
P14,Encoding,enc_10,1,10,742.7,514.2,2873,308,154
P14,Encoding,enc_10,1,11,1359.5,983.1,3239,266,133
P14,Encoding,enc_11,1,1,808.0,504.8,110,378,189
P14,Encoding,enc_11,1,2,1000.8,709.3,551,316,158
P14,Encoding,enc_11,1,3,807.5,479.0,935,334,167
P14,Encoding,enc_11,1,4,1248.1,523.0,1308,250,125
P14,Encoding,enc_11,1,5,990.7,737.2,1595,290,145
P14,Encoding,enc_11,1,6,998.2,724.6,1953,262,131
P14,Encoding,enc_11,1,7,763.7,500.6,2281,172,86
P14,Encoding,enc_11,1,8,1666.2,260.7,2490,378,189
P14,Encoding,enc_11,1,9,1290.6,536.8,2931,338,169
P14,Encoding,enc_11,1,10,801.7,467.2,3320,218,109
P14,Encoding,enc_11,1,11,980.2,808.7,3588,558,279
P14,Encoding,enc_11,1,12,926.0,759.7,4199,192,96
P14,Encoding,enc_11,1,13,887.3,239.6,4415,286,143
P14,Encoding,enc_11,1,14,1175.5,401.7,4742,256,128
P14,Encoding,enc_11,1,15,975.7,768.1,5026,194,97
P14,Encoding,enc_12,1,1,522.5,571.1,112,400,200
P14,Encoding,enc_12,1,2,822.3,313.7,573,238,119
P14,Encoding,enc_12,1,3,790.4,344.9,849,146,73
P14,Encoding,enc_12,1,4,629.9,213.6,1064,318,159
P14,Encoding,enc_12,1,5,744.2,318.3,1411,174,87
P14,Encoding,enc_12,1,6,807.4,341.2,1642,378,189
P14,Encoding,enc_12,1,7,883.5,520.3,2084,344,172
P14,Encoding,enc_12,1,8,80.9,896.1,2464,386,193
P14,Encoding,enc_12,1,9,662.4,665.1,2892,260,130
P14,Encoding,enc_12,1,10,905.8,507.0,3190,376,188
P14,Encoding,enc_12,1,11,859.7,291.8,3613,330,165
P14,Encoding,enc_12,1,12,752.5,378.9,3969,324,162
P14,Encoding,enc_12,1,13,479.2,265.6,4352,240,120
P14,Encoding,enc_13,1,1,1216.0,441.1,119,480,240
P14,Encoding,enc_13,1,2,796.5,624.1,647,456,228
P14,Encoding,enc_13,1,3,920.1,514.8,1172,128,64
P14,Encoding,enc_13,1,4,1394.0,527.9,1342,290,145
P14,Encoding,enc_13,1,5,1134.1,262.5,1680,424,212
P14,Encoding,enc_13,1,6,756.5,631.7,2159,262,131
P14,Encoding,enc_13,1,7,1024.1,520.3,2460,408,204
P14,Encoding,enc_13,1,8,966.4,566.4,2924,324,162
P14,Encoding,enc_13,1,9,1178.2,228.3,3294,330,165
P14,Encoding,enc_13,1,10,988.7,503.8,3672,330,165
P14,Encoding,enc_14,1,1,199.5,1027.2,54,320,160
P14,Encoding,enc_14,1,2,652.8,593.6,424,246,123
P14,Encoding,enc_14,1,3,700.0,649.9,720,408,204
P14,Encoding,enc_14,1,4,1215.9,356.1,1171,378,189
P14,Encoding,enc_14,1,5,1117.2,651.4,1602,216,108
P14,Encoding,enc_14,1,6,705.9,588.5,1855,332,166
P14,Encoding,enc_14,1,7,655.2,603.2,2247,258,129
P14,Encoding,enc_14,1,8,1206.5,335.4,2566,202,101
P14,Encoding,enc_14,1,9,1141.8,645.9,2827,362,181
P14,Encoding,enc_14,1,10,641.6,621.5,3220,110,55
P14,Encoding,enc_15,1,1,1292.1,722.5,49,418,209
P14,Encoding,enc_15,1,2,1005.6,475.5,516,162,81
P14,Encoding,enc_15,1,3,751.0,645.6,721,266,133
P14,Encoding,enc_15,1,4,933.5,491.6,1051,170,85
P14,Encoding,enc_15,1,5,730.4,601.7,1277,268,134
P14,Encoding,enc_15,1,6,509.0,198.5,1578,404,202
P14,Encoding,enc_16,1,1,952.8,659.4,106,174,87
P14,Encoding,enc_16,1,2,932.5,370.3,349,226,113
P14,Encoding,enc_16,1,3,1244.6,566.3,636,180,90
P14,Encoding,enc_16,1,4,969.9,671.6,848,138,69
P14,Encoding,enc_16,1,5,606.9,600.9,1025,456,228
P14,Encoding,enc_16,1,6,918.7,321.8,1550,282,141
P14,Encoding,enc_16,1,7,883.9,319.1,1882,338,169
P14,Encoding,enc_16,1,8,906.3,316.8,2284,522,261
P14,Encoding,enc_16,1,9,585.5,679.8,2844,204,102
P14,Encoding,enc_17,1,1,1255.1,719.7,99,550,275
P14,Encoding,enc_17,1,2,859.8,700.4,684,350,175
P14,Encoding,enc_17,1,3,1815.4,48.5,1058,158,79
P14,Encoding,enc_17,1,4,1217.8,726.9,1261,330,165
P14,Encoding,enc_17,1,5,1248.4,679.2,1646,238,119
P14,Encoding,enc_17,1,6,848.0,716.8,1937,324,162
P14,Encoding,enc_17,1,7,1105.3,550.0,2291,450,225
P14,Encoding,enc_17,1,8,822.7,717.0,2807,304,152
P14,Encoding,enc_17,1,9,884.6,719.0,3152,282,141
P14,Encoding,enc_17,1,10,973.3,365.8,3484,372,186
P14,Encoding,enc_18,1,1,901.7,558.9,118,210,105
P14,Encoding,enc_18,1,2,1106.2,418.0,372,256,128
P14,Encoding,enc_18,1,3,1229.1,384.3,697,216,108
P14,Encoding,enc_18,1,4,949.9,563.1,950,378,189
P14,Encoding,enc_18,1,5,1205.3,419.5,1366,234,117
P14,Encoding,enc_18,1,6,777.2,770.9,1628,480,240
P14,Encoding,enc_18,1,7,932.8,581.1,2159,252,126
P14,Encoding,enc_18,1,8,880.6,304.6,2463,274,137
P14,Encoding,enc_18,1,9,946.1,558.4,2791,214,107
P14,Encoding,enc_18,1,10,689.5,477.2,3046,372,186
P14,Encoding,enc_18,1,11,782.4,805.0,3461,292,146
P14,Encoding,enc_18,1,12,1182.8,403.2,3798,386,193
P14,Encoding,enc_18,1,13,837.7,775.8,4235,344,172
P14,Encoding,enc_18,1,14,1212.3,423.8,4613,258,129
P14,Encoding,enc_19,1,1,791.0,432.5,82,298,149
P14,Encoding,enc_19,1,2,943.1,662.6,412,266,133
P14,Encoding,enc_19,1,3,832.8,425.2,729,384,192
P14,Encoding,enc_19,1,4,726.1,746.7,1171,298,149
P14,Encoding,enc_19,1,5,798.8,398.3,1494,242,121
P14,Encoding,enc_19,1,6,972.7,646.7,1795,284,142
P14,Encoding,enc_19,1,7,972.5,632.8,2140,244,122
P14,Encoding,enc_19,1,8,1170.7,458.2,2425,246,123
P14,Encoding,enc_19,1,9,790.7,430.7,2716,256,128
P14,Encoding,enc_20,1,1,864.0,433.0,76,344,172
P14,Encoding,enc_20,1,2,660.6,843.0,483,214,107
P14,Encoding,enc_20,1,3,881.8,434.4,728,604,302
P14,Encoding,enc_20,1,4,603.1,385.0,1362,410,205
P14,Encoding,enc_20,1,5,1287.5,743.6,1824,82,41
P14,Encoding,enc_20,1,6,1250.0,747.7,1949,272,136
P14,Encoding,enc_20,1,7,665.2,786.7,2251,80,40
P14,Encoding,enc_20,1,8,559.6,397.4,2377,270,135
P14,Encoding,enc_20,1,9,1247.4,725.0,2679,312,156
P14,Encoding,enc_20,1,10,831.5,411.7,3054,210,105
P14,Encoding,enc_20,1,11,612.0,404.6,3293,472,236
P14,Encoding,enc_20,1,12,710.4,740.6,3809,204,102
P14,Retrieval,ret_01,1,1,906.7,527.5,43,326,163
P14,Retrieval,ret_01,1,2,820.1,242.9,404,226,113
P14,Retrieval,ret_01,1,3,988.1,611.0,686,332,166
P14,Retrieval,ret_01,1,4,699.0,587.3,1065,198,99
P14,Retrieval,ret_01,1,5,699.6,332.2,1327,440,220
P14,Retrieval,ret_01,1,6,798.3,859.8,1828,298,149
P14,Retrieval,ret_01,1,7,1199.0,787.2,2161,148,74
P14,Retrieval,ret_01,1,8,707.4,857.5,2360,310,155
P14,Retrieval,ret_01,1,9,1086.6,319.3,2694,318,159
P14,Retrieval,ret_01,1,10,953.7,498.6,3053,380,190
P14,Retrieval,ret_01,1,11,853.1,309.8,3458,322,161
P14,Retrieval,ret_01,1,12,764.0,553.3,3842,396,198
P14,Retrieval,ret_01,1,13,1382.4,367.3,4291,432,216
P14,Retrieval,ret_02,1,1,1257.8,509.3,96,318,159
P14,Retrieval,ret_02,1,2,629.0,882.5,446,134,67
P14,Retrieval,ret_02,1,3,1317.2,503.9,649,414,207
P14,Retrieval,ret_02,1,4,1327.1,458.8,1104,156,78
P14,Retrieval,ret_02,1,5,946.5,560.6,1328,254,127
P14,Retrieval,ret_02,1,6,991.7,546.6,1612,234,117
P14,Retrieval,ret_02,1,7,1284.0,454.6,1915,392,196
P14,Retrieval,ret_02,1,8,1335.0,485.4,2341,410,205
P14,Retrieval,ret_02,1,9,597.4,797.9,2786,306,153
P14,Retrieval,ret_02,1,10,1333.6,501.8,3143,184,92
P14,Retrieval,ret_02,1,11,1102.1,537.2,3370,338,169
P14,Retrieval,ret_02,1,12,1300.3,415.9,3739,284,142
P14,Retrieval,ret_02,1,13,1092.0,526.2,4051,492,246
P14,Retrieval,ret_02,1,14,1224.8,501.7,4610,380,190
P14,Retrieval,ret_03,1,1,776.5,649.3,84,166,83
P14,Retrieval,ret_03,1,2,398.4,236.2,297,432,216
P14,Retrieval,ret_03,1,3,1005.9,486.6,790,242,121
P14,Retrieval,ret_03,1,4,724.1,542.3,1064,336,168
P14,Retrieval,ret_03,1,5,1327.0,683.1,1463,324,162
P14,Retrieval,ret_03,1,6,967.5,541.2,1833,310,155
P14,Retrieval,ret_03,1,7,953.9,488.6,2186,408,204
P14,Retrieval,ret_03,1,8,940.6,466.5,2660,338,169
P14,Retrieval,ret_03,1,9,708.0,523.7,3048,382,191
P14,Retrieval,ret_03,1,10,922.8,554.1,3469,326,163
P14,Retrieval,ret_03,1,11,544.0,216.4,3847,304,152
P14,Retrieval,ret_03,1,12,506.0,186.8,4185,328,164
P14,Retrieval,ret_03,1,13,978.5,549.4,4572,470,235
P14,Retrieval,ret_04,1,1,1613.8,114.8,62,382,191
P14,Retrieval,ret_04,1,2,917.7,559.4,469,372,186
P14,Retrieval,ret_04,1,3,930.6,616.4,906,320,160
P14,Retrieval,ret_04,1,4,943.8,321.1,1267,390,195
P14,Retrieval,ret_04,1,5,919.6,400.7,1726,122,61
P14,Retrieval,ret_04,1,6,503.8,649.3,1906,324,162
P14,Retrieval,ret_04,1,7,969.3,287.9,2262,120,60
P14,Retrieval,ret_04,1,8,993.7,332.9,2441,246,123
P14,Retrieval,ret_04,1,9,926.8,476.6,2745,436,218
P14,Retrieval,ret_04,1,10,945.8,567.7,3215,80,40
P14,Retrieval,ret_04,1,11,529.7,578.7,3339,310,155
P14,Retrieval,ret_05,1,1,967.5,540.7,53,318,159
P14,Retrieval,ret_05,1,2,1045.3,481.0,414,236,118
P14,Retrieval,ret_05,1,3,967.4,315.2,674,348,174
P14,Retrieval,ret_05,1,4,601.6,366.1,1090,358,179
P14,Retrieval,ret_05,1,5,1080.1,639.7,1488,236,118
P14,Retrieval,ret_05,1,6,1048.3,693.1,1781,318,159
P14,Retrieval,ret_05,1,7,1302.0,792.7,2135,346,173
P14,Retrieval,ret_05,1,8,1057.6,669.8,2506,226,113
P14,Retrieval,ret_05,1,9,785.2,608.7,2799,410,205
P14,Retrieval,ret_05,1,10,996.1,627.8,3275,258,129
P14,Retrieval,ret_05,1,11,1550.0,519.3,3561,260,130
P14,Retrieval,ret_05,1,12,891.2,550.0,3863,292,146
P14,Retrieval,ret_06,1,1,900.6,340.4,100,546,273
P14,Retrieval,ret_06,1,2,554.0,688.5,699,284,142
P14,Retrieval,ret_06,1,3,929.7,328.8,1036,168,84
P14,Retrieval,ret_06,1,4,977.4,460.6,1267,242,121
P14,Retrieval,ret_06,1,5,987.1,537.0,1575,388,194
P14,Retrieval,ret_06,1,6,771.7,58.7,2026,352,176
P14,Retrieval,ret_06,1,7,975.1,670.7,2429,184,92
P14,Retrieval,ret_06,1,8,1304.6,239.3,2670,422,211
P14,Retrieval,ret_06,1,9,952.4,622.6,3160,364,182
P14,Retrieval,ret_06,1,10,934.9,643.1,3575,244,122
P14,Retrieval,ret_06,1,11,623.7,620.1,3851,268,134
P14,Retrieval,ret_06,1,12,969.6,556.8,4159,426,213
P14,Retrieval,ret_07,1,1,619.4,675.2,44,288,144
P14,Retrieval,ret_07,1,2,605.2,695.6,363,300,150
P14,Retrieval,ret_07,1,3,633.8,675.0,701,342,171
P14,Retrieval,ret_07,1,4,96.1,1038.0,1076,364,182
P14,Retrieval,ret_07,1,5,1001.0,459.2,1504,386,193
P14,Retrieval,ret_07,1,6,1005.5,585.6,1942,418,209
P14,Retrieval,ret_07,1,7,643.5,748.2,2411,330,165
P14,Retrieval,ret_07,1,8,728.3,446.6,2797,286,143
P14,Retrieval,ret_07,1,9,628.4,679.4,3107,388,194
P14,Retrieval,ret_07,1,10,660.4,691.3,3521,356,178
P14,Retrieval,ret_07,1,11,680.3,779.0,3908,148,74
P14,Retrieval,ret_07,1,12,1009.0,601.2,4094,196,98
P14,Retrieval,ret_07,1,13,728.8,497.7,4343,254,127
P14,Retrieval,ret_08,1,1,871.8,293.2,43,346,173
P14,Retrieval,ret_08,1,2,986.4,569.5,419,456,228
P14,Retrieval,ret_08,1,3,108.7,1054.0,900,204,102
P14,Retrieval,ret_08,1,4,1124.3,489.6,1134,208,104
P14,Retrieval,ret_08,1,5,730.6,531.4,1381,280,140
P14,Retrieval,ret_08,1,6,815.9,442.9,1692,196,98
P14,Retrieval,ret_08,1,7,834.4,461.6,1946,198,99
P14,Retrieval,ret_08,1,8,1155.6,599.6,2183,164,82
P14,Retrieval,ret_08,1,9,993.3,560.6,2385,100,50
P14,Retrieval,ret_08,1,10,963.7,492.7,2541,266,133
P14,Retrieval,ret_08,1,11,705.6,488.8,2859,320,160
P14,Retrieval,ret_09,1,1,851.5,652.8,49,368,184
P14,Retrieval,ret_09,1,2,810.2,694.2,486,224,112
P14,Retrieval,ret_09,1,3,1230.7,690.8,750,276,138
P14,Retrieval,ret_09,1,4,1009.8,400.2,1065,162,81
P14,Retrieval,ret_09,1,5,989.7,500.5,1294,390,195
P14,Retrieval,ret_09,1,6,970.3,544.0,1723,160,80
P14,Retrieval,ret_09,1,7,784.2,733.7,1909,232,116
P14,Retrieval,ret_09,1,8,1250.5,198.7,2167,256,128
P14,Retrieval,ret_09,1,9,998.6,371.8,2470,342,171
P14,Retrieval,ret_10,1,1,964.2,363.5,118,272,136
P14,Retrieval,ret_10,1,2,961.8,620.4,445,130,65
P14,Retrieval,ret_10,1,3,980.1,284.7,606,180,90
P14,Retrieval,ret_10,1,4,878.3,528.0,832,274,137
P14,Retrieval,ret_10,1,5,1036.2,662.3,1172,390,195
P14,Retrieval,ret_10,1,6,975.6,672.4,1588,242,121
P14,Retrieval,ret_10,1,7,1140.1,538.7,1878,390,195
P14,Retrieval,ret_10,1,8,556.4,612.7,2335,318,159
P14,Retrieval,ret_10,1,9,941.6,352.3,2715,380,190
P14,Retrieval,ret_10,1,10,1330.7,660.4,3122,254,127
P14,Retrieval,ret_10,1,11,606.6,608.6,3433,360,180
P14,Retrieval,ret_11,1,1,1018.6,650.7,89,290,145
P14,Retrieval,ret_11,1,2,886.5,808.3,432,362,181
P14,Retrieval,ret_11,1,3,948.9,563.3,830,380,190
P14,Retrieval,ret_11,1,4,917.6,543.6,1272,268,134
P14,Retrieval,ret_11,1,5,454.5,166.6,1570,396,198
P14,Retrieval,ret_11,1,6,497.3,403.9,2000,238,119
P14,Retrieval,ret_11,1,7,882.7,227.1,2265,390,195
P14,Retrieval,ret_11,1,8,989.5,549.4,2680,142,71
P14,Retrieval,ret_11,1,9,1204.6,907.1,2891,348,174
P14,Retrieval,ret_11,1,10,977.9,706.6,3299,310,155
P14,Retrieval,ret_12,1,1,840.8,311.9,87,378,189
P14,Retrieval,ret_12,1,2,884.7,268.5,521,146,73
P14,Retrieval,ret_12,1,3,989.7,543.7,728,408,204
P14,Retrieval,ret_12,1,4,1181.0,440.8,1201,152,76
P14,Retrieval,ret_12,1,5,760.5,841.8,1395,204,102
P14,Retrieval,ret_12,1,6,960.1,562.8,1653,176,88
P14,Retrieval,ret_12,1,7,949.2,596.0,1861,406,203
P14,Retrieval,ret_12,1,8,1187.0,469.5,2332,266,133
P14,Retrieval,ret_12,1,9,888.5,577.4,2629,376,188
P14,Retrieval,ret_12,1,10,927.3,640.6,3055,248,124
P14,Retrieval,ret_12,1,11,1101.3,423.2,3343,304,152
P14,Retrieval,ret_12,1,12,957.4,533.9,3697,222,111
P14,Retrieval,ret_13,1,1,559.6,571.1,71,328,164
P14,Retrieval,ret_13,1,2,1047.9,393.8,462,246,123
P14,Retrieval,ret_13,1,3,1029.3,1045.0,747,230,115
P14,Retrieval,ret_13,1,4,570.8,563.7,1042,318,159
P14,Retrieval,ret_13,1,5,995.2,499.5,1420,422,211
P14,Retrieval,ret_13,1,6,1336.6,334.6,1896,136,68
P14,Retrieval,ret_13,1,7,1324.7,1027.5,2076,182,91
P14,Retrieval,ret_13,1,8,1279.4,320.6,2317,206,103
P14,Retrieval,ret_13,1,9,570.3,624.6,2558,132,66
P14,Retrieval,ret_14,1,1,951.7,499.2,42,152,76
P14,Retrieval,ret_14,1,2,786.1,315.0,223,282,141
P14,Retrieval,ret_14,1,3,977.5,496.9,563,350,175
P14,Retrieval,ret_14,1,4,969.6,377.4,941,80,40
P14,Retrieval,ret_14,1,5,900.1,450.0,1073,388,194
P14,Retrieval,ret_14,1,6,1035.3,731.4,1513,216,108
P14,Retrieval,ret_14,1,7,877.4,279.0,1791,436,218
P14,Retrieval,ret_14,1,8,802.6,316.3,2281,342,171
P14,Retrieval,ret_14,1,9,896.7,376.0,2657,408,204
P14,Retrieval,ret_14,1,10,766.1,381.8,3130,170,85
P14,Retrieval,ret_14,1,11,1353.3,271.3,3369,212,106
P14,Retrieval,ret_14,1,12,782.5,295.1,3609,524,262
P14,Retrieval,ret_15,1,1,971.6,629.8,102,412,206
P14,Retrieval,ret_15,1,2,945.7,681.1,566,306,153
P14,Retrieval,ret_15,1,3,500.3,693.8,896,330,165
P14,Retrieval,ret_15,1,4,991.5,535.8,1268,152,76
P14,Retrieval,ret_15,1,5,805.6,517.4,1451,266,133
P14,Retrieval,ret_15,1,6,781.0,440.2,1764,254,127
P14,Retrieval,ret_15,1,7,932.0,671.2,2062,408,204
P14,Retrieval,ret_15,1,8,807.5,391.3,2507,244,122
P14,Retrieval,ret_15,1,9,979.0,619.6,2787,206,103
P14,Retrieval,ret_16,1,1,1315.7,248.5,55,458,229
P14,Retrieval,ret_16,1,2,1288.4,644.9,565,396,198
P14,Retrieval,ret_16,1,3,1380.4,340.6,998,430,215
P14,Retrieval,ret_16,1,4,790.7,698.2,1454,296,148
P14,Retrieval,ret_16,1,5,990.5,522.7,1795,206,103
P14,Retrieval,ret_16,1,6,1163.0,862.8,2059,282,141
P14,Retrieval,ret_16,1,7,1016.3,379.3,2367,294,147
P14,Retrieval,ret_16,1,8,1137.8,798.1,2726,356,178
P14,Retrieval,ret_16,1,9,962.4,521.8,3128,238,119
P14,Retrieval,ret_16,1,10,149.5,47.8,3430,378,189
P14,Retrieval,ret_16,1,11,1135.5,830.4,3835,324,162
P14,Retrieval,ret_16,1,12,1130.7,798.9,4228,322,161
P14,Retrieval,ret_17,1,1,764.0,621.2,69,430,215
P14,Retrieval,ret_17,1,2,984.0,536.3,567,242,121
P14,Retrieval,ret_17,1,3,1006.5,457.5,871,244,122
P14,Retrieval,ret_17,1,4,1437.7,504.7,1158,312,156
P14,Retrieval,ret_17,1,5,1134.2,304.3,1499,374,187
P14,Retrieval,ret_17,1,6,968.5,592.7,1898,232,116
P14,Retrieval,ret_17,1,7,1153.0,222.8,2171,80,40
P14,Retrieval,ret_17,1,8,736.9,655.2,2318,238,119
P14,Retrieval,ret_17,1,9,987.9,536.1,2619,218,109
P14,Retrieval,ret_17,1,10,737.7,613.6,2896,232,116
P14,Retrieval,ret_17,1,11,1204.7,389.9,3180,352,176
P14,Retrieval,ret_17,1,12,992.7,502.9,3569,220,110
P14,Retrieval,ret_18,1,1,557.5,719.8,69,286,143
P14,Retrieval,ret_18,1,2,973.0,516.3,411,188,94
P14,Retrieval,ret_18,1,3,993.6,258.7,646,256,128
P14,Retrieval,ret_18,1,4,656.1,755.6,963,288,144
P14,Retrieval,ret_18,1,5,784.6,738.0,1307,300,150
P14,Retrieval,ret_18,1,6,592.0,396.4,1633,408,204
P14,Retrieval,ret_18,1,7,1464.9,462.5,2108,502,251
P14,Retrieval,ret_18,1,8,1209.4,595.9,2664,264,132
P14,Retrieval,ret_18,1,9,597.2,1023.8,2956,214,107
P14,Retrieval,ret_18,1,10,992.2,549.2,3194,256,128
P14,Retrieval,ret_19,1,1,894.7,537.8,72,436,218
P14,Retrieval,ret_19,1,2,949.5,536.6,547,280,140
P14,Retrieval,ret_19,1,3,793.9,502.6,876,316,158
P14,Retrieval,ret_19,1,4,972.2,575.8,1238,376,188
P14,Retrieval,ret_19,1,5,1258.1,357.6,1674,266,133
P14,Retrieval,ret_19,1,6,731.0,84.5,1992,236,118
P14,Retrieval,ret_19,1,7,1311.8,788.5,2295,354,177
P14,Retrieval,ret_19,1,8,1005.6,241.0,2706,180,90
P14,Retrieval,ret_19,1,9,1057.1,248.2,2921,292,146
P14,Retrieval,ret_19,1,10,1317.7,741.8,3259,94,47
P14,Retrieval,ret_19,1,11,1335.1,654.6,3378,316,158
P14,Retrieval,ret_19,1,12,1364.9,672.1,3745,396,198
P14,Retrieval,ret_20,1,1,1241.9,382.1,43,248,124
P14,Retrieval,ret_20,1,2,595.2,661.8,316,132,66
P14,Retrieval,ret_20,1,3,1166.0,299.8,493,422,211
P14,Retrieval,ret_20,1,4,307.9,292.8,956,290,145
P14,Retrieval,ret_20,1,5,956.2,534.0,1277,410,205
P14,Retrieval,ret_20,1,6,759.8,560.1,1755,452,226
P14,Retrieval,ret_20,1,7,1040.0,515.2,2244,388,194
P14,Retrieval,ret_20,1,8,653.3,569.8,2661,206,103
P14,Retrieval,ret_20,1,9,1414.1,364.3,2914,444,222
P15,Encoding,enc_01,1,1,1286.7,496.1,84,262,131
P15,Encoding,enc_01,1,2,1264.1,501.9,376,184,92
P15,Encoding,enc_01,1,3,978.0,783.6,604,316,158
P15,Encoding,enc_01,1,4,1271.2,525.4,975,284,142
P15,Encoding,enc_01,1,5,992.1,728.1,1295,246,123
P15,Encoding,enc_01,1,6,962.7,736.0,1567,390,195
P15,Encoding,enc_01,1,7,804.1,477.8,2023,234,117
P15,Encoding,enc_01,1,8,773.8,507.9,2301,336,168
P15,Encoding,enc_02,1,1,347.0,312.3,105,464,232
P15,Encoding,enc_02,1,2,1021.9,680.4,630,356,178
P15,Encoding,enc_02,1,3,1027.1,692.3,1039,308,154
P15,Encoding,enc_02,1,4,999.9,737.3,1382,238,119
P15,Encoding,enc_02,1,5,1130.8,386.8,1672,306,153
P15,Encoding,enc_02,1,6,717.0,667.9,2011,286,143
P15,Encoding,enc_02,1,7,932.9,480.6,2333,280,140
P15,Encoding,enc_02,1,8,721.9,367.6,2668,320,160
P15,Encoding,enc_02,1,9,587.6,890.3,3019,332,166
P15,Encoding,enc_02,1,10,883.4,496.0,3377,324,162
P15,Encoding,enc_03,1,1,1040.3,632.8,90,256,128
P15,Encoding,enc_03,1,2,1193.8,232.3,384,230,115
P15,Encoding,enc_03,1,3,1161.0,259.5,658,464,232
P15,Encoding,enc_03,1,4,1000.1,515.3,1181,420,210
P15,Encoding,enc_03,1,5,1148.8,276.6,1669,274,137
P15,Encoding,enc_03,1,6,1015.7,523.5,1981,344,172
P15,Encoding,enc_03,1,7,782.9,612.2,2351,314,157
P15,Encoding,enc_03,1,8,1118.0,276.1,2696,282,141
P15,Encoding,enc_03,1,9,748.2,294.8,3005,326,163
P15,Encoding,enc_03,1,10,1130.4,254.3,3384,326,163
P15,Encoding,enc_04,1,1,595.6,649.6,110,454,227
P15,Encoding,enc_04,1,2,24.7,187.8,603,332,166
P15,Encoding,enc_04,1,3,642.8,637.8,970,400,200
P15,Encoding,enc_04,1,4,1170.5,351.9,1438,328,164
P15,Encoding,enc_04,1,5,663.2,670.4,1799,334,167
P15,Encoding,enc_04,1,6,729.2,582.3,2174,362,181
P15,Encoding,enc_04,1,7,455.3,434.3,2602,372,186
P15,Encoding,enc_04,1,8,716.1,591.1,3018,350,175
P15,Encoding,enc_04,1,9,1199.3,329.1,3412,80,40
P15,Encoding,enc_04,1,10,725.7,631.7,3530,260,130
P15,Encoding,enc_06,1,1,606.7,808.9,51,362,181
P15,Encoding,enc_06,1,2,1237.1,498.4,447,152,76
P15,Encoding,enc_06,1,3,1242.5,440.2,637,214,107
P15,Encoding,enc_06,1,4,1249.1,424.0,911,160,80
P15,Encoding,enc_06,1,5,629.0,851.5,1110,456,228
P15,Encoding,enc_06,1,6,1157.1,818.7,1599,230,115
P15,Encoding,enc_06,1,7,1151.3,837.2,1898,340,170
P15,Encoding,enc_06,1,8,569.8,857.9,2270,426,213
P15,Encoding,enc_06,1,9,1280.1,445.2,2739,282,141
P15,Encoding,enc_06,1,10,613.7,837.1,3072,324,162
P15,Encoding,enc_06,1,11,1225.5,419.2,3425,356,178
P15,Encoding,enc_06,1,12,1007.5,816.3,3845,414,207
P15,Encoding,enc_06,1,13,1163.3,276.2,4308,326,163
P15,Encoding,enc_07,1,1,1117.4,663.8,52,266,133
P15,Encoding,enc_07,1,2,1134.9,536.8,343,394,197
P15,Encoding,enc_07,1,3,820.0,311.9,806,106,53
P15,Encoding,enc_07,1,4,1117.2,676.5,941,268,134
P15,Encoding,enc_07,1,5,816.8,618.3,1247,362,181
P15,Encoding,enc_07,1,6,1159.3,535.6,1648,410,205
P15,Encoding,enc_07,1,7,1088.5,547.9,2108,184,92
P15,Encoding,enc_07,1,8,1149.7,673.0,2360,294,147
P15,Encoding,enc_07,1,9,1062.0,548.0,2697,240,120
P15,Encoding,enc_07,1,10,830.1,640.9,2979,290,145
P15,Encoding,enc_07,1,11,822.8,635.8,3325,170,85
P15,Encoding,enc_07,1,12,800.8,364.0,3536,316,158
P15,Encoding,enc_07,1,13,793.9,309.4,3877,244,122
P15,Encoding,enc_08,1,1,956.2,555.1,95,352,176
P15,Encoding,enc_08,1,2,809.2,278.2,505,358,179
P15,Encoding,enc_08,1,3,1220.3,399.9,895,510,255
P15,Encoding,enc_08,1,4,1462.4,747.9,1464,418,209
P15,Encoding,enc_08,1,5,1123.3,752.1,1909,206,103
P15,Encoding,enc_08,1,6,833.4,792.1,2173,320,160
P15,Encoding,enc_08,1,7,804.0,786.3,2530,244,122
P15,Encoding,enc_08,1,8,865.4,554.1,2799,274,137
P15,Encoding,enc_08,1,9,804.7,798.0,3141,370,185
P15,Encoding,enc_09,1,1,1154.4,457.5,115,298,149
P15,Encoding,enc_09,1,2,780.7,433.1,469,248,124
P15,Encoding,enc_09,1,3,954.7,779.2,759,282,141
P15,Encoding,enc_09,1,4,742.4,414.5,1101,392,196
P15,Encoding,enc_09,1,5,978.8,658.4,1560,434,217
P15,Encoding,enc_09,1,6,892.8,440.9,2059,306,153
P15,Encoding,enc_09,1,7,823.8,396.8,2426,272,136
P15,Encoding,enc_09,1,8,981.6,719.2,2761,198,99
P15,Encoding,enc_09,1,9,1461.3,573.8,2987,372,186
P15,Encoding,enc_09,1,10,850.2,320.9,3421,380,190
P15,Encoding,enc_09,1,11,226.9,454.2,3852,270,135
P15,Encoding,enc_10,1,1,1287.6,755.1,53,412,206
P15,Encoding,enc_10,1,2,638.8,399.0,506,330,165
P15,Encoding,enc_10,1,3,846.9,403.1,873,158,79
P15,Encoding,enc_10,1,4,647.7,307.2,1072,118,59
P15,Encoding,enc_10,1,5,771.7,404.9,1230,262,131
P15,Encoding,enc_10,1,6,902.3,391.0,1530,110,55
P15,Encoding,enc_10,1,7,717.3,917.3,1680,350,175
P15,Encoding,enc_10,1,8,1214.7,723.4,2099,396,198
P15,Encoding,enc_10,1,9,1273.2,724.0,2543,248,124
P15,Encoding,enc_10,1,10,1259.4,709.9,2825,286,143
P15,Encoding,enc_11,1,1,1387.0,774.3,103,496,248
P15,Encoding,enc_11,1,2,857.0,451.0,662,280,140
P15,Encoding,enc_11,1,3,1276.6,811.4,968,262,131
P15,Encoding,enc_11,1,4,1248.1,556.0,1270,352,176
P15,Encoding,enc_11,1,5,1191.2,714.5,1669,332,166
P15,Encoding,enc_11,1,6,910.0,517.4,2036,284,142
P15,Encoding,enc_11,1,7,904.6,508.8,2353,262,131
P15,Encoding,enc_11,1,8,1365.3,800.1,2643,310,155
P15,Encoding,enc_11,1,9,1103.9,210.6,3014,458,229
P15,Encoding,enc_11,1,10,1363.8,788.7,3510,206,103
P15,Encoding,enc_12,1,1,768.3,460.9,118,306,153
P15,Encoding,enc_12,1,2,1242.6,469.4,465,468,234
P15,Encoding,enc_12,1,3,987.5,383.8,988,180,90
P15,Encoding,enc_12,1,4,740.0,494.0,1212,270,135
P15,Encoding,enc_12,1,5,1198.0,459.9,1524,102,51
P15,Encoding,enc_12,1,6,735.8,492.2,1690,280,140
P15,Encoding,enc_12,1,7,983.2,346.3,2015,236,118
P15,Encoding,enc_12,1,8,1304.2,639.7,2281,244,122
P15,Encoding,enc_12,1,9,1168.1,448.5,2560,112,56
P15,Encoding,enc_13,1,1,621.8,377.3,88,538,269
P15,Encoding,enc_13,1,2,1078.3,403.1,676,154,77
P15,Encoding,enc_13,1,3,1315.9,656.7,880,368,184
P15,Encoding,enc_13,1,4,1828.6,36.4,1291,334,167
P15,Encoding,enc_13,1,5,880.9,334.9,1649,406,203
P15,Encoding,enc_13,1,6,740.9,1056.0,2102,304,152
P15,Encoding,enc_13,1,7,1328.9,663.3,2447,254,127
P15,Encoding,enc_13,1,8,1076.5,565.4,2748,314,157
P15,Encoding,enc_13,1,9,1115.7,428.8,3112,342,171
P15,Encoding,enc_13,1,10,490.2,401.7,3481,280,140
P15,Encoding,enc_13,1,11,618.3,333.7,3809,354,177
P15,Encoding,enc_13,1,12,1097.8,466.7,4217,244,122
P15,Encoding,enc_13,1,13,1332.1,655.9,4492,282,141
P15,Encoding,enc_14,1,1,764.6,472.1,114,416,208
P15,Encoding,enc_14,1,2,633.4,458.4,570,394,197
P15,Encoding,enc_14,1,3,817.1,638.8,1029,426,213
P15,Encoding,enc_14,1,4,165.9,162.9,1483,376,188
P15,Encoding,enc_14,1,5,803.3,388.2,1907,308,154
P15,Encoding,enc_14,1,6,691.7,392.1,2239,318,159
P15,Encoding,enc_14,1,7,755.2,648.9,2619,308,154
P15,Encoding,enc_14,1,8,822.0,633.8,2958,368,184
P15,Encoding,enc_14,1,9,634.2,445.4,3378,166,83
P15,Encoding,enc_14,1,10,685.2,405.0,3600,418,209
P15,Encoding,enc_15,1,1,1322.7,711.4,46,322,161
P15,Encoding,enc_15,1,2,557.1,497.1,424,294,147
P15,Encoding,enc_15,1,3,766.5,785.1,742,250,125
P15,Encoding,enc_15,1,4,802.1,844.6,1019,440,220
P15,Encoding,enc_15,1,5,1069.6,326.6,1508,304,152
P15,Encoding,enc_15,1,6,775.1,463.2,1871,266,133
P15,Encoding,enc_15,1,7,1090.4,333.8,2169,238,119
P15,Encoding,enc_15,1,8,1173.4,284.4,2468,358,179
P15,Encoding,enc_15,1,9,804.3,830.8,2889,194,97
P15,Encoding,enc_16,1,1,1086.7,822.0,48,300,150
P15,Encoding,enc_16,1,2,1050.8,372.9,408,336,168
P15,Encoding,enc_16,1,3,1118.0,825.8,796,104,52
P15,Encoding,enc_16,1,4,1072.3,340.4,962,218,109
P15,Encoding,enc_16,1,5,1313.7,744.9,1243,160,80
P15,Encoding,enc_16,1,6,1020.0,323.8,1445,214,107
P15,Encoding,enc_16,1,7,1035.5,343.7,1695,192,96
P15,Encoding,enc_16,1,8,1126.7,806.7,1942,224,112
P15,Encoding,enc_16,1,9,1169.0,792.9,2200,266,133
P15,Encoding,enc_16,1,10,1036.0,330.2,2497,302,151
P15,Encoding,enc_16,1,11,1040.0,292.5,2853,398,199
P15,Encoding,enc_17,1,1,945.4,690.5,43,302,151
P15,Encoding,enc_17,1,2,1274.0,795.8,396,266,133
P15,Encoding,enc_17,1,3,1231.7,659.2,718,298,149
P15,Encoding,enc_17,1,4,799.7,579.2,1084,406,203
P15,Encoding,enc_17,1,5,1308.3,749.9,1530,266,133
P15,Encoding,enc_17,1,6,755.0,628.9,1835,426,213
P15,Encoding,enc_17,1,7,937.7,704.3,2297,222,111
P15,Encoding,enc_17,1,8,1222.9,349.6,2578,322,161
P15,Encoding,enc_17,1,9,1194.2,347.6,2965,274,137
P15,Encoding,enc_17,1,10,1387.4,732.6,3276,146,73
P15,Encoding,enc_17,1,11,924.7,700.2,3475,282,141
P15,Encoding,enc_17,1,12,1030.5,243.6,3781,226,113
P15,Encoding,enc_18,1,1,760.7,837.4,97,258,129
P15,Encoding,enc_18,1,2,1060.7,476.3,422,296,148
P15,Encoding,enc_18,1,3,939.7,721.0,773,222,111
P15,Encoding,enc_18,1,4,800.5,725.5,1032,252,126
P15,Encoding,enc_18,1,5,768.6,736.4,1344,238,119
P15,Encoding,enc_18,1,6,1358.7,356.2,1626,80,40
P15,Encoding,enc_18,1,7,896.5,739.8,1738,362,181
P15,Encoding,enc_18,1,8,747.3,801.7,2124,362,181
P15,Encoding,enc_18,1,9,742.8,728.1,2526,316,158
P15,Encoding,enc_18,1,10,144.9,125.2,2891,274,137
P15,Encoding,enc_19,1,1,595.9,706.6,74,94,47
P15,Encoding,enc_19,1,2,832.6,661.4,226,372,186
P15,Encoding,enc_19,1,3,828.3,808.2,623,214,107
P15,Encoding,enc_19,1,4,861.6,637.0,864,430,215
P15,Encoding,enc_19,1,5,771.8,663.7,1337,340,170
P15,Encoding,enc_19,1,6,849.4,774.4,1737,170,85
P15,Encoding,enc_19,1,7,572.7,677.7,1953,166,83
P15,Encoding,enc_19,1,8,581.3,715.0,2168,226,113
P15,Encoding,enc_19,1,9,804.7,634.1,2450,374,187
P15,Encoding,enc_19,1,10,864.8,765.5,2883,332,166
P15,Encoding,enc_19,1,11,840.1,754.4,3262,326,163
P15,Encoding,enc_19,1,12,567.7,730.8,3615,188,94
P15,Encoding,enc_20,1,1,409.7,970.0,73,222,111
P15,Encoding,enc_20,1,2,1098.1,462.6,327,378,189
P15,Encoding,enc_20,1,3,821.7,420.7,761,242,121
P15,Encoding,enc_20,1,4,790.0,431.5,1057,122,61
P15,Encoding,enc_20,1,5,748.4,442.2,1238,140,70
P15,Encoding,enc_20,1,6,804.1,436.9,1434,158,79
P15,Encoding,enc_20,1,7,1116.3,803.0,1617,304,152
P15,Encoding,enc_20,1,8,1127.6,801.3,1969,266,133
P15,Encoding,enc_20,1,9,72.0,1010.4,2272,224,112
P15,Encoding,enc_20,1,10,1154.7,825.6,2550,318,159
P15,Encoding,enc_20,1,11,1063.4,617.2,2931,274,137
P15,Retrieval,ret_01,1,1,1274.1,453.0,66,174,87
P15,Retrieval,ret_01,1,2,840.3,449.9,292,204,102
P15,Retrieval,ret_01,1,3,1040.5,559.6,542,298,149
P15,Retrieval,ret_01,1,4,1301.1,475.3,870,128,64
P15,Retrieval,ret_01,1,5,1793.4,927.8,1043,362,181
P15,Retrieval,ret_01,1,6,1284.2,519.2,1467,330,165
P15,Retrieval,ret_01,1,7,1521.0,813.9,1852,390,195
P15,Retrieval,ret_01,1,8,942.9,787.5,2283,194,97
P15,Retrieval,ret_01,1,9,1025.7,654.9,2533,348,174
P15,Retrieval,ret_02,1,1,916.2,499.8,54,198,99
P15,Retrieval,ret_02,1,2,912.0,573.2,302,522,261
P15,Retrieval,ret_02,1,3,960.5,548.3,851,250,125
P15,Retrieval,ret_02,1,4,967.1,553.0,1165,252,126
P15,Retrieval,ret_02,1,5,1005.5,518.6,1459,296,148
P15,Retrieval,ret_02,1,6,977.3,562.4,1808,144,72
P15,Retrieval,ret_02,1,7,815.0,266.5,1994,134,67
P15,Retrieval,ret_02,1,8,873.5,612.5,2194,194,97
P15,Retrieval,ret_02,1,9,925.6,560.8,2442,286,143
P15,Retrieval,ret_02,1,10,849.2,524.4,2795,174,87
P15,Retrieval,ret_03,1,1,201.5,79.9,71,462,231
P15,Retrieval,ret_03,1,2,1300.9,732.7,567,326,163
P15,Retrieval,ret_03,1,3,787.5,407.1,957,292,146
P15,Retrieval,ret_03,1,4,1180.5,325.2,1302,272,136
P15,Retrieval,ret_03,1,5,759.2,807.1,1618,320,160
P15,Retrieval,ret_03,1,6,1165.3,352.0,1986,354,177
P15,Retrieval,ret_03,1,7,846.0,831.2,2406,258,129
P15,Retrieval,ret_03,1,8,981.6,597.1,2729,282,141
P15,Retrieval,ret_03,1,9,558.9,81.4,3062,288,144
P15,Retrieval,ret_03,1,10,542.3,505.7,3414,278,139
P15,Retrieval,ret_03,1,11,1080.0,312.4,3739,80,40
P15,Retrieval,ret_03,1,12,941.0,520.1,3882,370,185
P15,Retrieval,ret_04,1,1,945.1,489.7,54,402,201
P15,Retrieval,ret_04,1,2,1321.3,737.6,509,348,174
P15,Retrieval,ret_04,1,3,1132.8,383.3,890,346,173
P15,Retrieval,ret_04,1,4,967.7,264.5,1275,366,183
P15,Retrieval,ret_04,1,5,1016.7,345.0,1688,186,93
P15,Retrieval,ret_04,1,6,609.8,712.1,1921,162,81
P15,Retrieval,ret_04,1,7,1048.1,706.9,2128,384,192
P15,Retrieval,ret_04,1,8,917.9,600.9,2540,276,138
P15,Retrieval,ret_04,1,9,726.0,440.7,2844,508,254
P15,Retrieval,ret_04,1,10,967.5,458.5,3418,256,128
P15,Retrieval,ret_04,1,11,991.9,785.3,3739,184,92
P15,Retrieval,ret_05,1,1,888.3,307.2,97,264,132
P15,Retrieval,ret_05,1,2,802.6,341.6,421,278,139
P15,Retrieval,ret_05,1,3,1468.0,538.2,725,348,174
P15,Retrieval,ret_05,1,4,862.1,502.0,1122,238,119
P15,Retrieval,ret_05,1,5,970.4,793.5,1388,416,208
P15,Retrieval,ret_05,1,6,1468.0,531.1,1836,428,214
P15,Retrieval,ret_05,1,7,888.9,405.5,2304,428,214
P15,Retrieval,ret_05,1,8,908.9,469.7,2772,364,182
P15,Retrieval,ret_05,1,9,1468.0,597.2,3189,350,175
P15,Retrieval,ret_05,1,10,1468.0,541.0,3567,304,152
P15,Retrieval,ret_05,1,11,875.1,501.7,3912,190,95
P15,Retrieval,ret_05,1,12,1468.0,539.6,4164,188,94
P15,Retrieval,ret_05,1,13,923.7,757.4,4407,196,98
P15,Retrieval,ret_06,1,1,1093.1,759.8,71,118,59
P15,Retrieval,ret_06,1,2,1093.6,288.8,258,444,222
P15,Retrieval,ret_06,1,3,1398.3,263.1,764,352,176
P15,Retrieval,ret_06,1,4,1158.0,811.6,1156,396,198
P15,Retrieval,ret_06,1,5,1098.7,827.1,1607,290,145
P15,Retrieval,ret_06,1,6,250.2,656.1,1925,390,195
P15,Retrieval,ret_06,1,7,1155.1,843.3,2348,80,40
P15,Retrieval,ret_06,1,8,720.4,731.3,2469,320,160
P15,Retrieval,ret_06,1,9,1057.6,326.1,2839,392,196
P15,Retrieval,ret_06,1,10,1081.7,247.5,3285,366,183
P15,Retrieval,ret_06,1,11,1054.8,329.2,3685,356,178
P15,Retrieval,ret_06,1,12,1134.5,677.4,4090,230,115
P15,Retrieval,ret_06,1,13,478.7,863.4,4389,354,177
P15,Retrieval,ret_06,1,14,1358.3,240.3,4804,376,188
P15,Retrieval,ret_07,1,1,994.9,418.8,59,222,111
P15,Retrieval,ret_07,1,2,1093.4,306.8,322,326,163
P15,Retrieval,ret_07,1,3,90.3,648.6,710,418,209
P15,Retrieval,ret_07,1,4,977.0,510.2,1166,240,120
P15,Retrieval,ret_07,1,5,1091.7,212.9,1434,384,192
P15,Retrieval,ret_07,1,6,782.8,606.7,1853,284,142
P15,Retrieval,ret_07,1,7,1094.0,319.6,2162,80,40
P15,Retrieval,ret_07,1,8,962.6,581.3,2309,330,165
P15,Retrieval,ret_07,1,9,1142.4,196.4,2703,378,189
P15,Retrieval,ret_07,1,10,1069.7,668.0,3149,108,54
P15,Retrieval,ret_07,1,11,1024.7,264.0,3321,444,222
P15,Retrieval,ret_07,1,12,757.4,271.0,3823,228,114
P15,Retrieval,ret_08,1,1,782.3,454.7,76,152,76
P15,Retrieval,ret_08,1,2,1244.4,739.9,292,232,116
P15,Retrieval,ret_08,1,3,1258.6,672.6,593,274,137
P15,Retrieval,ret_08,1,4,978.8,530.7,896,348,174
P15,Retrieval,ret_08,1,5,926.3,415.4,1310,354,177
P15,Retrieval,ret_08,1,6,857.8,456.1,1708,336,168
P15,Retrieval,ret_08,1,7,1274.2,655.8,2082,302,151
P15,Retrieval,ret_08,1,8,1218.5,505.6,2447,212,106
P15,Retrieval,ret_08,1,9,1331.9,781.4,2707,322,161
P15,Retrieval,ret_08,1,10,590.4,316.2,3076,364,182
P15,Retrieval,ret_08,1,11,620.7,405.0,3486,242,121
P15,Retrieval,ret_08,1,12,579.8,422.8,3783,324,162
P15,Retrieval,ret_08,1,13,900.0,376.4,4139,384,192
P15,Retrieval,ret_09,1,1,945.3,552.4,55,294,147
P15,Retrieval,ret_09,1,2,899.7,495.9,382,98,49
P15,Retrieval,ret_09,1,3,1243.4,604.5,511,332,166
P15,Retrieval,ret_09,1,4,1507.9,68.9,884,388,194
P15,Retrieval,ret_09,1,5,1288.6,784.5,1330,328,164
P15,Retrieval,ret_09,1,6,969.3,559.2,1704,364,182
P15,Retrieval,ret_09,1,7,705.8,570.2,2101,326,163
P15,Retrieval,ret_09,1,8,985.9,662.4,2484,288,144
P15,Retrieval,ret_09,1,9,915.4,628.3,2804,432,216
P15,Retrieval,ret_10,1,1,1168.0,309.0,41,312,156
P15,Retrieval,ret_10,1,2,1124.0,373.8,417,444,222
P15,Retrieval,ret_10,1,3,1170.0,335.2,918,194,97
P15,Retrieval,ret_10,1,4,889.5,558.0,1180,174,87
P15,Retrieval,ret_10,1,5,618.5,615.0,1386,298,149
P15,Retrieval,ret_10,1,6,453.4,412.6,1738,382,191
P15,Retrieval,ret_10,1,7,891.1,628.5,2189,344,172
P15,Retrieval,ret_10,1,8,957.9,544.8,2591,294,147
P15,Retrieval,ret_10,1,9,693.3,595.5,2949,196,98
P15,Retrieval,ret_11,1,1,614.9,1006.2,63,412,206
P15,Retrieval,ret_11,1,2,1314.1,808.8,543,372,186
P15,Retrieval,ret_11,1,3,1221.5,562.4,972,256,128
P15,Retrieval,ret_11,1,4,1251.6,385.7,1269,334,167
P15,Retrieval,ret_11,1,5,949.3,586.5,1658,274,137
P15,Retrieval,ret_11,1,6,593.0,523.6,1959,352,176
P15,Retrieval,ret_11,1,7,972.4,549.0,2362,228,114
P15,Retrieval,ret_11,1,8,965.7,471.2,2625,284,142
P15,Retrieval,ret_11,1,9,823.5,474.6,2978,380,190
P15,Retrieval,ret_12,1,1,929.1,177.7,111,210,105
P15,Retrieval,ret_12,1,2,1086.3,469.5,371,206,103
P15,Retrieval,ret_12,1,3,236.9,923.3,613,318,159
P15,Retrieval,ret_12,1,4,788.4,805.7,970,338,169
P15,Retrieval,ret_12,1,5,987.4,592.9,1346,248,124
P15,Retrieval,ret_12,1,6,747.1,695.9,1627,372,186
P15,Retrieval,ret_12,1,7,1012.2,511.9,2055,278,139
P15,Retrieval,ret_12,1,8,740.8,775.5,2396,166,83
P15,Retrieval,ret_12,1,9,686.4,722.8,2626,294,147
P15,Retrieval,ret_12,1,10,920.8,579.9,2967,274,137
P15,Retrieval,ret_12,1,11,695.8,743.6,3304,276,138
P15,Retrieval,ret_13,1,1,962.3,543.4,105,456,228
P15,Retrieval,ret_13,1,2,996.4,544.0,614,428,214
P15,Retrieval,ret_13,1,3,948.0,509.8,1100,294,147
P15,Retrieval,ret_13,1,4,910.8,518.9,1420,288,144
P15,Retrieval,ret_13,1,5,973.0,576.3,1733,188,94
P15,Retrieval,ret_13,1,6,988.4,571.9,1962,470,235
P15,Retrieval,ret_13,1,7,990.0,523.7,2497,208,104
P15,Retrieval,ret_13,1,8,971.4,509.9,2765,348,174
P15,Retrieval,ret_13,1,9,1049.0,547.2,3154,126,63
P15,Retrieval,ret_13,1,10,933.9,536.9,3337,232,116
P15,Retrieval,ret_13,1,11,975.7,497.5,3634,306,153
P15,Retrieval,ret_13,1,12,936.7,506.7,3989,260,130
P15,Retrieval,ret_13,1,13,949.0,556.7,4305,350,175
P15,Retrieval,ret_13,1,14,974.8,569.6,4711,234,117
P15,Retrieval,ret_13,1,15,931.8,628.7,4998,230,115
P15,Retrieval,ret_13,1,16,969.9,667.3,5286,376,188
P15,Retrieval,ret_14,1,1,726.6,510.9,112,446,223
P15,Retrieval,ret_14,1,2,702.7,409.0,602,256,128
P15,Retrieval,ret_14,1,3,778.6,473.9,888,238,119
P15,Retrieval,ret_14,1,4,1815.0,658.7,1161,236,118
P15,Retrieval,ret_14,1,5,771.1,510.4,1459,368,184
P15,Retrieval,ret_14,1,6,884.6,360.8,1876,258,129
P15,Retrieval,ret_14,1,7,1208.5,486.0,2199,320,160
P15,Retrieval,ret_14,1,8,724.6,466.0,2553,348,174
P15,Retrieval,ret_14,1,9,733.1,455.3,2942,158,79
P15,Retrieval,ret_14,1,10,955.7,527.2,3138,334,167
P15,Retrieval,ret_14,1,11,1187.3,451.9,3541,208,104
P15,Retrieval,ret_14,1,12,954.7,626.2,3792,310,155
P15,Retrieval,ret_15,1,1,986.6,518.9,113,196,98
P15,Retrieval,ret_15,1,2,600.6,697.5,363,300,150
P15,Retrieval,ret_15,1,3,608.7,736.9,708,146,73
P15,Retrieval,ret_15,1,4,774.7,631.2,897,426,213
P15,Retrieval,ret_15,1,5,885.7,803.6,1371,326,163
P15,Retrieval,ret_15,1,6,837.9,693.4,1726,190,95
P15,Retrieval,ret_15,1,7,944.0,535.4,1979,282,141
P15,Retrieval,ret_15,1,8,818.7,670.4,2314,142,71
P15,Retrieval,ret_15,1,9,577.2,743.0,2487,286,143
P15,Retrieval,ret_15,1,10,611.1,746.9,2832,224,112
P15,Retrieval,ret_15,1,11,805.6,737.2,3110,504,252
P15,Retrieval,ret_15,1,12,749.1,610.0,3655,346,173
P15,Retrieval,ret_15,1,13,862.0,816.4,4059,338,169
P15,Retrieval,ret_16,1,1,679.4,819.4,44,190,95
P15,Retrieval,ret_16,1,2,1175.0,783.0,298,312,156
P15,Retrieval,ret_16,1,3,831.2,25.4,648,100,50
P15,Retrieval,ret_16,1,4,1253.2,487.9,810,138,69
P15,Retrieval,ret_16,1,5,1131.0,818.4,979,448,224
P15,Retrieval,ret_16,1,6,972.5,546.5,1474,368,184
P15,Retrieval,ret_16,1,7,1308.8,452.2,1879,184,92
P15,Retrieval,ret_16,1,8,37.7,133.2,2087,398,199
P15,Retrieval,ret_16,1,9,1200.3,369.1,2526,288,144
P15,Retrieval,ret_16,1,10,1233.6,483.9,2877,338,169
P15,Retrieval,ret_16,1,11,985.5,616.8,3270,138,69
P15,Retrieval,ret_16,1,12,1211.5,469.0,3458,362,181
P15,Retrieval,ret_17,1,1,1409.2,642.2,102,298,149
P15,Retrieval,ret_17,1,2,1002.6,600.1,441,290,145
P15,Retrieval,ret_17,1,3,612.7,351.7,796,222,111
P15,Retrieval,ret_17,1,4,1284.9,673.6,1062,266,133
P15,Retrieval,ret_17,1,5,602.2,313.8,1366,274,137
P15,Retrieval,ret_17,1,6,474.0,473.6,1692,372,186
P15,Retrieval,ret_17,1,7,898.7,331.2,2093,228,114
P15,Retrieval,ret_17,1,8,1832.1,508.5,2387,270,135
P15,Retrieval,ret_17,1,9,1068.0,357.6,2682,340,170
P15,Retrieval,ret_17,1,10,900.1,661.7,3070,174,87
P15,Retrieval,ret_17,1,11,722.8,513.3,3285,280,140
P15,Retrieval,ret_18,1,1,671.2,188.0,43,334,167
P15,Retrieval,ret_18,1,2,814.9,409.0,434,298,149
P15,Retrieval,ret_18,1,3,1352.4,316.0,797,168,84
P15,Retrieval,ret_18,1,4,1420.1,788.0,995,328,164
P15,Retrieval,ret_18,1,5,596.0,563.8,1365,202,101
P15,Retrieval,ret_18,1,6,1315.0,48.2,1601,332,166
P15,Retrieval,ret_18,1,7,1097.7,800.0,1985,142,71
P15,Retrieval,ret_18,1,8,1064.4,481.2,2157,332,166
P15,Retrieval,ret_18,1,9,976.1,544.0,2540,358,179
P15,Retrieval,ret_18,1,10,1187.7,440.5,2941,258,129
P15,Retrieval,ret_18,1,11,812.4,412.5,3252,220,110
P15,Retrieval,ret_18,1,12,787.5,269.1,3498,198,99
P15,Retrieval,ret_18,1,13,915.3,543.4,3757,216,108
P15,Retrieval,ret_19,1,1,1071.1,538.0,119,270,135
P15,Retrieval,ret_19,1,2,837.4,351.7,454,238,119
P15,Retrieval,ret_19,1,3,811.7,371.0,738,458,229
P15,Retrieval,ret_19,1,4,1274.9,63.3,1264,290,145
P15,Retrieval,ret_19,1,5,905.3,602.0,1588,218,109
P15,Retrieval,ret_19,1,6,1089.6,704.5,1833,170,85
P15,Retrieval,ret_19,1,7,1204.9,653.2,2072,248,124
P15,Retrieval,ret_19,1,8,898.7,604.8,2361,452,226
P15,Retrieval,ret_19,1,9,792.4,588.9,2853,340,170
P15,Retrieval,ret_19,1,10,1129.2,601.2,3222,240,120
P15,Retrieval,ret_19,1,11,964.3,469.1,3506,180,90
P15,Retrieval,ret_19,1,12,1159.2,652.7,3753,310,155
P15,Retrieval,ret_20,1,1,1045.5,642.5,92,236,118
P15,Retrieval,ret_20,1,2,929.4,572.8,354,80,40
P15,Retrieval,ret_20,1,3,1350.6,469.1,482,330,165
P15,Retrieval,ret_20,1,4,938.4,592.0,849,190,95
P15,Retrieval,ret_20,1,5,541.6,260.0,1092,230,115
P15,Retrieval,ret_20,1,6,455.5,777.5,1372,558,279
P15,Retrieval,ret_20,1,7,695.1,406.5,1992,228,114
P15,Retrieval,ret_20,1,8,923.0,528.1,2254,124,62
P15,Retrieval,ret_20,1,9,898.4,581.3,2412,326,163
P16,Encoding,enc_01,1,1,1222.9,774.9,50,220,110
P16,Encoding,enc_01,1,2,1359.1,812.6,320,244,122
P16,Encoding,enc_01,1,3,825.5,503.7,622,198,99
P16,Encoding,enc_01,1,4,1569.3,1008.7,875,382,191
P16,Encoding,enc_01,1,5,1174.9,756.4,1305,270,135
P16,Encoding,enc_01,1,6,1384.8,805.8,1634,266,133
P16,Encoding,enc_01,1,7,945.0,540.6,1941,440,220
P16,Encoding,enc_01,1,8,1080.8,160.8,2428,324,162
P16,Encoding,enc_01,1,9,1006.5,570.3,2815,368,184
P16,Encoding,enc_01,1,10,866.3,412.0,3241,240,120
P16,Encoding,enc_01,1,11,976.0,391.4,3550,80,40
P16,Encoding,enc_02,1,1,721.9,466.4,85,274,137
P16,Encoding,enc_02,1,2,1002.1,358.1,406,236,118
P16,Encoding,enc_02,1,3,1203.8,486.0,693,358,179
P16,Encoding,enc_02,1,4,1268.0,719.3,1096,364,182
P16,Encoding,enc_02,1,5,1017.4,333.0,1518,408,204
P16,Encoding,enc_02,1,6,540.8,467.6,1987,240,120
P16,Encoding,enc_02,1,7,1742.5,706.6,2292,350,175
P16,Encoding,enc_02,1,8,1283.0,677.8,2672,322,161
P16,Encoding,enc_02,1,9,837.3,767.2,3029,126,63
P16,Encoding,enc_02,1,10,1581.1,131.8,3186,180,90
P16,Encoding,enc_02,1,11,855.4,662.3,3432,218,109
P16,Encoding,enc_02,1,12,752.0,419.5,3675,296,148
P16,Encoding,enc_03,1,1,1439.4,805.6,110,418,209
P16,Encoding,enc_03,1,2,1277.9,689.5,553,212,106
P16,Encoding,enc_03,1,3,1061.8,459.9,826,158,79
P16,Encoding,enc_03,1,4,627.6,371.8,1026,214,107
P16,Encoding,enc_03,1,5,421.1,668.7,1278,134,67
P16,Encoding,enc_03,1,6,900.4,350.9,1459,318,159
P16,Encoding,enc_03,1,7,459.1,73.5,1814,496,248
P16,Encoding,enc_03,1,8,649.3,345.4,2354,306,153
P16,Encoding,enc_04,1,1,797.1,426.0,54,246,123
P16,Encoding,enc_04,1,2,768.3,457.6,361,158,79
P16,Encoding,enc_04,1,3,785.8,433.5,574,308,154
P16,Encoding,enc_04,1,4,820.4,622.4,916,154,77
P16,Encoding,enc_04,1,5,674.9,479.9,1101,392,196
P16,Encoding,enc_04,1,6,809.0,612.2,1532,114,57
P16,Encoding,enc_04,1,7,624.9,459.7,1680,154,77
P16,Encoding,enc_04,1,8,652.8,447.9,1887,238,119
P16,Encoding,enc_04,1,9,665.4,477.8,2175,284,142
P16,Encoding,enc_04,1,10,750.2,622.3,2528,260,130
P16,Encoding,enc_04,1,11,812.5,651.5,2821,364,182
P16,Encoding,enc_04,1,12,665.2,512.4,3231,292,146
P16,Encoding,enc_04,1,13,630.9,398.0,3557,356,178
P16,Encoding,enc_05,1,1,643.0,516.9,44,348,174
P16,Encoding,enc_05,1,2,665.8,499.7,423,370,185
P16,Encoding,enc_05,1,3,284.1,216.6,835,292,146
P16,Encoding,enc_05,1,4,1034.5,269.0,1162,176,88
P16,Encoding,enc_05,1,5,648.8,555.8,1397,290,145
P16,Encoding,enc_05,1,6,1017.9,253.2,1748,328,164
P16,Encoding,enc_05,1,7,1243.4,616.6,2114,218,109
P16,Encoding,enc_05,1,8,831.2,717.2,2392,184,92
P16,Encoding,enc_05,1,9,1167.1,657.0,2639,234,117
P16,Encoding,enc_05,1,10,691.2,433.8,2899,362,181
P16,Encoding,enc_05,1,11,1016.0,246.4,3325,204,102
P16,Encoding,enc_06,1,1,1178.4,536.4,119,96,48
P16,Encoding,enc_06,1,2,1158.2,514.4,247,274,137
P16,Encoding,enc_06,1,3,1378.0,739.4,548,326,163
P16,Encoding,enc_06,1,4,938.1,61.9,916,278,139
P16,Encoding,enc_06,1,5,1369.8,780.7,1228,278,139
P16,Encoding,enc_06,1,6,1285.6,368.3,1571,270,135
P16,Encoding,enc_06,1,7,1327.7,956.3,1904,272,136
P16,Encoding,enc_07,1,1,662.7,510.5,44,182,91
P16,Encoding,enc_07,1,2,1255.0,259.4,269,262,131
P16,Encoding,enc_07,1,3,670.0,444.2,563,198,99
P16,Encoding,enc_07,1,4,647.8,401.9,797,320,160
P16,Encoding,enc_07,1,5,1173.3,539.5,1165,258,129
P16,Encoding,enc_07,1,6,1779.5,1032.7,1458,256,128
P16,Encoding,enc_07,1,7,1156.3,569.3,1758,398,199
P16,Encoding,enc_07,1,8,1540.9,96.0,2182,346,173
P16,Encoding,enc_07,1,9,970.8,311.4,2574,270,135
P16,Encoding,enc_07,1,10,943.7,517.6,2906,220,110
P16,Encoding,enc_07,1,11,656.5,442.4,3167,236,118
P16,Encoding,enc_07,1,12,1172.3,500.2,3433,250,125
P16,Encoding,enc_07,1,13,836.9,768.0,3715,200,100
P16,Encoding,enc_07,1,14,630.9,402.3,3939,330,165
P16,Encoding,enc_08,1,1,1315.6,344.1,106,380,190
P16,Encoding,enc_08,1,2,890.4,707.1,533,324,162
P16,Encoding,enc_08,1,3,651.7,426.3,905,408,204
P16,Encoding,enc_08,1,4,737.2,741.9,1353,274,137
P16,Encoding,enc_08,1,5,1348.9,307.0,1688,240,120
P16,Encoding,enc_08,1,6,738.3,797.6,1976,120,60
P16,Encoding,enc_08,1,7,706.5,436.2,2139,320,160
P16,Encoding,enc_08,1,8,694.9,740.5,2518,370,185
P16,Encoding,enc_08,1,9,756.2,780.7,2950,398,199
P16,Encoding,enc_08,1,10,616.6,428.0,3402,398,199
P16,Encoding,enc_09,1,1,573.7,781.3,73,354,177
P16,Encoding,enc_09,1,2,1283.1,791.3,488,374,187
P16,Encoding,enc_09,1,3,574.1,745.8,902,232,116
P16,Encoding,enc_09,1,4,1279.2,774.5,1170,230,115
P16,Encoding,enc_09,1,5,1138.2,712.2,1440,416,208
P16,Encoding,enc_09,1,6,832.6,698.0,1887,384,192
P16,Encoding,enc_09,1,7,600.6,805.9,2298,304,152
P16,Encoding,enc_09,1,8,841.1,739.3,2636,250,125
P16,Encoding,enc_10,1,1,1858.2,447.7,114,322,161
P16,Encoding,enc_10,1,2,1123.9,679.5,493,258,129
P16,Encoding,enc_10,1,3,1351.9,272.6,818,166,83
P16,Encoding,enc_10,1,4,1148.6,437.0,1027,450,225
P16,Encoding,enc_10,1,5,1041.4,623.5,1514,144,72
P16,Encoding,enc_10,1,6,1013.5,651.6,1722,206,103
P16,Encoding,enc_10,1,7,808.4,395.5,1953,150,75
P16,Encoding,enc_10,1,8,1090.7,627.1,2152,216,108
P16,Encoding,enc_10,1,9,1101.3,807.1,2425,144,72
P16,Encoding,enc_11,1,1,601.1,689.0,43,246,123
P16,Encoding,enc_11,1,2,1236.2,718.0,347,280,140
P16,Encoding,enc_11,1,3,1238.6,723.5,663,172,86
P16,Encoding,enc_11,1,4,615.7,689.7,903,440,220
P16,Encoding,enc_11,1,5,477.8,702.2,1396,168,84
P16,Encoding,enc_11,1,6,609.6,687.5,1629,354,177
P16,Encoding,enc_11,1,7,1013.7,489.5,2047,296,148
P16,Encoding,enc_11,1,8,1095.9,448.8,2408,380,190
P16,Encoding,enc_11,1,9,1123.6,106.8,2851,272,136
P16,Encoding,enc_11,1,10,612.3,626.4,3188,246,123
P16,Encoding,enc_11,1,11,871.0,414.9,3491,474,237
P16,Encoding,enc_12,1,1,1234.7,516.4,95,434,217
P16,Encoding,enc_12,1,2,738.1,888.1,584,106,53
P16,Encoding,enc_12,1,3,1129.2,387.1,737,376,188
P16,Encoding,enc_12,1,4,1263.1,461.5,1166,496,248
P16,Encoding,enc_12,1,5,728.0,342.8,1729,80,40
P16,Encoding,enc_12,1,6,731.0,599.3,1833,316,158
P16,Encoding,enc_12,1,7,714.9,346.2,2194,274,137
P16,Encoding,enc_12,1,8,1294.0,515.8,2516,230,115
P16,Encoding,enc_12,1,9,669.0,633.9,2778,256,128
P16,Encoding,enc_12,1,10,1500.7,449.2,3078,312,156
P16,Encoding,enc_13,1,1,865.5,803.5,113,418,209
P16,Encoding,enc_13,1,2,970.8,479.5,583,142,71
P16,Encoding,enc_13,1,3,737.5,372.8,782,300,150
P16,Encoding,enc_13,1,4,752.0,275.8,1149,378,189
P16,Encoding,enc_13,1,5,959.9,482.7,1556,308,154
P16,Encoding,enc_13,1,6,729.6,325.8,1921,302,151
P16,Encoding,enc_13,1,7,1293.5,501.6,2281,230,115
P16,Encoding,enc_13,1,8,969.5,355.5,2540,322,161
P16,Encoding,enc_13,1,9,606.9,318.0,2925,228,114
P16,Encoding,enc_13,1,10,745.1,357.5,3189,224,112
P16,Encoding,enc_13,1,11,879.2,781.4,3453,320,160
P16,Encoding,enc_13,1,12,891.2,745.6,3819,288,144
P16,Encoding,enc_13,1,13,951.5,464.1,4165,106,53
P16,Encoding,enc_13,1,14,1357.1,473.9,4322,372,186
P16,Encoding,enc_14,1,1,1157.5,307.2,95,286,143
P16,Encoding,enc_14,1,2,1175.5,335.9,428,468,234
P16,Encoding,enc_14,1,3,541.2,543.0,937,310,155
P16,Encoding,enc_14,1,4,1206.7,358.8,1279,288,144
P16,Encoding,enc_14,1,5,645.2,662.4,1614,490,245
P16,Encoding,enc_14,1,6,1174.7,318.9,2151,218,109
P16,Encoding,enc_14,1,7,665.2,710.5,2437,294,147
P16,Encoding,enc_14,1,8,688.5,746.0,2784,232,116
P16,Encoding,enc_14,1,9,635.7,700.0,3068,354,177
P16,Encoding,enc_14,1,10,652.5,711.4,3475,348,174
P16,Encoding,enc_15,1,1,1245.4,605.0,117,296,148
P16,Encoding,enc_15,1,2,637.9,440.8,452,398,199
P16,Encoding,enc_15,1,3,1348.1,817.3,882,148,74
P16,Encoding,enc_15,1,4,1190.1,531.9,1063,282,141
P16,Encoding,enc_15,1,5,1231.0,529.6,1400,312,156
P16,Encoding,enc_15,1,6,1036.9,346.1,1770,248,124
P16,Encoding,enc_15,1,7,652.5,429.0,2054,346,173
P16,Encoding,enc_15,1,8,1078.8,369.6,2468,216,108
P16,Encoding,enc_16,1,1,663.5,668.4,106,332,166
P16,Encoding,enc_16,1,2,1150.7,821.6,478,276,138
P16,Encoding,enc_16,1,3,1575.9,71.9,798,210,105
P16,Encoding,enc_16,1,4,554.3,836.8,1069,264,132
P16,Encoding,enc_16,1,5,1246.8,418.5,1381,364,182
P16,Encoding,enc_16,1,6,1271.3,466.2,1808,110,55
P16,Encoding,enc_16,1,7,983.6,694.3,1946,384,192
P16,Encoding,enc_16,1,8,605.7,837.3,2377,316,158
P16,Encoding,enc_16,1,9,645.2,795.0,2726,250,125
P16,Encoding,enc_16,1,10,587.2,813.8,3029,422,211
P16,Encoding,enc_16,1,11,1263.2,346.2,3512,302,151
P16,Encoding,enc_16,1,12,1326.2,405.8,3858,222,111
P16,Encoding,enc_16,1,13,594.5,797.7,4146,312,156
P16,Encoding,enc_16,1,14,745.2,825.5,4487,448,224
P16,Encoding,enc_17,1,1,822.2,642.5,68,228,114
P16,Encoding,enc_17,1,2,932.1,340.3,342,352,176
P16,Encoding,enc_17,1,3,823.6,670.9,724,360,180
P16,Encoding,enc_17,1,4,821.6,666.5,1119,208,104
P16,Encoding,enc_17,1,5,801.9,659.6,1379,234,117
P16,Encoding,enc_17,1,6,559.0,771.8,1653,278,139
P16,Encoding,enc_17,1,7,539.2,203.4,1983,304,152
P16,Encoding,enc_17,1,8,813.9,316.9,2320,400,200
P16,Encoding,enc_17,1,9,606.1,266.2,2761,340,170
P16,Encoding,enc_17,1,10,842.7,340.2,3167,316,158
P16,Encoding,enc_17,1,11,1132.5,690.0,3522,196,98
P16,Encoding,enc_18,1,1,955.4,330.2,62,306,153
P16,Encoding,enc_18,1,2,1208.4,292.9,402,452,226
P16,Encoding,enc_18,1,3,1256.5,317.8,891,282,141
P16,Encoding,enc_18,1,4,713.4,486.9,1200,80,40
P16,Encoding,enc_18,1,5,991.5,305.9,1332,208,104
P16,Encoding,enc_18,1,6,964.4,322.0,1602,414,207
P16,Encoding,enc_18,1,7,1035.8,573.7,2076,284,142
P16,Encoding,enc_18,1,8,1212.6,283.0,2386,452,226
P16,Encoding,enc_18,1,9,1039.5,371.9,2876,314,157
P16,Encoding,enc_18,1,10,770.8,742.8,3256,306,153
P16,Encoding,enc_18,1,11,1257.9,1040.1,3627,176,88
P16,Encoding,enc_19,1,1,1190.8,800.3,87,284,142
P16,Encoding,enc_19,1,2,1233.3,807.1,400,270,135
P16,Encoding,enc_19,1,3,585.9,476.1,704,220,110
P16,Encoding,enc_19,1,4,1014.1,356.5,959,306,153
P16,Encoding,enc_19,1,5,1204.8,815.3,1328,80,40
P16,Encoding,enc_19,1,6,594.0,486.2,1471,366,183
P16,Encoding,enc_19,1,7,1347.7,832.2,1872,288,144
P16,Encoding,enc_19,1,8,719.3,27.6,2186,286,143
P16,Encoding,enc_19,1,9,1185.5,832.9,2539,344,172
P16,Encoding,enc_19,1,10,1088.7,290.7,2925,276,138
P16,Encoding,enc_19,1,11,558.8,659.3,3268,190,95
P16,Encoding,enc_20,1,1,1154.8,729.6,63,386,193
P16,Encoding,enc_20,1,2,888.9,340.6,485,332,166
P16,Encoding,enc_20,1,3,746.0,638.3,842,272,136
P16,Encoding,enc_20,1,4,1135.6,235.3,1152,232,116
P16,Encoding,enc_20,1,5,1299.1,494.3,1432,338,169
P16,Encoding,enc_20,1,6,1357.4,571.8,1800,98,49
P16,Encoding,enc_20,1,7,1362.9,442.6,1954,420,210
P16,Encoding,enc_20,1,8,897.8,338.7,2404,256,128
P16,Encoding,enc_20,1,9,1330.7,514.9,2726,322,161
P16,Encoding,enc_20,1,10,593.0,260.7,3075,256,128
P16,Encoding,enc_20,1,11,613.0,310.1,3373,202,101
P16,Encoding,enc_20,1,12,610.4,340.7,3615,172,86
P16,Encoding,enc_20,1,13,711.0,704.7,3844,234,117
P16,Retrieval,ret_01,1,1,872.2,575.4,110,336,168
P16,Retrieval,ret_01,1,2,807.0,800.7,510,202,101
P16,Retrieval,ret_01,1,3,950.7,521.7,751,306,153
P16,Retrieval,ret_01,1,4,914.2,477.5,1126,162,81
P16,Retrieval,ret_01,1,5,460.9,329.2,1324,270,135
P16,Retrieval,ret_01,1,6,989.9,549.5,1642,80,40
P16,Retrieval,ret_01,1,7,769.3,466.2,1775,556,278
P16,Retrieval,ret_01,1,8,863.9,751.6,2381,290,145
P16,Retrieval,ret_01,1,8,1278.1,578.1,2725,296,148
P16,Retrieval,ret_01,1,9,1370.1,621.9,3067,348,174
P16,Retrieval,ret_02,1,1,1029.5,609.3,55,316,158
P16,Retrieval,ret_02,1,2,670.4,758.7,420,322,161
P16,Retrieval,ret_02,1,3,658.8,773.4,809,292,146
P16,Retrieval,ret_02,1,4,1076.8,419.4,1133,242,121
P16,Retrieval,ret_02,1,5,1875.1,914.7,1435,376,188
P16,Retrieval,ret_02,1,6,1636.0,1016.8,1866,184,92
P16,Retrieval,ret_02,1,7,910.2,547.6,2116,290,145
P16,Retrieval,ret_02,1,8,770.5,732.0,2438,294,147
P16,Retrieval,ret_02,1,9,774.1,777.6,2796,376,188
P16,Retrieval,ret_02,1,10,746.9,390.4,3200,174,87
P16,Retrieval,ret_02,1,11,723.1,761.8,3423,208,104
P16,Retrieval,ret_02,1,12,1315.0,582.7,3699,410,205
P16,Retrieval,ret_02,1,13,1096.7,764.3,4153,188,94
P16,Retrieval,ret_02,1,14,747.2,790.9,4388,354,177
P16,Retrieval,ret_03,1,1,1036.6,304.8,114,376,188
P16,Retrieval,ret_03,1,2,1423.4,815.1,527,190,95
P16,Retrieval,ret_03,1,3,902.7,637.2,751,432,216
P16,Retrieval,ret_03,1,4,1265.6,616.9,1225,260,130
P16,Retrieval,ret_03,1,5,647.1,390.3,1518,310,155
P16,Retrieval,ret_03,1,6,1084.4,272.5,1893,386,193
P16,Retrieval,ret_03,1,7,642.9,469.0,2318,244,122
P16,Retrieval,ret_03,1,8,1192.0,570.1,2613,260,130
P16,Retrieval,ret_03,1,9,1186.6,481.3,2908,342,171
P16,Retrieval,ret_03,1,10,1062.2,402.3,3294,268,134
P16,Retrieval,ret_03,1,11,1025.6,374.7,3597,386,193
P16,Retrieval,ret_03,1,12,1380.6,898.2,4009,210,105
P16,Retrieval,ret_03,1,13,614.3,439.2,4268,348,174
P16,Retrieval,ret_04,1,1,1154.5,466.3,46,268,134
P16,Retrieval,ret_04,1,2,962.9,524.1,361,246,123
P16,Retrieval,ret_04,1,3,804.8,761.6,660,348,174
P16,Retrieval,ret_04,1,4,493.8,473.6,1066,250,125
P16,Retrieval,ret_04,1,5,815.4,575.7,1349,320,160
P16,Retrieval,ret_04,1,6,709.3,627.7,1719,430,215
P16,Retrieval,ret_04,1,7,77.3,989.9,2181,344,172
P16,Retrieval,ret_04,1,8,972.1,570.5,2564,390,195
P16,Retrieval,ret_04,1,9,840.9,777.9,2990,324,162
P16,Retrieval,ret_04,1,10,986.1,507.3,3355,374,187
P16,Retrieval,ret_05,1,1,1642.9,571.7,59,302,151
P16,Retrieval,ret_05,1,2,576.9,833.2,409,488,244
P16,Retrieval,ret_05,1,3,1183.2,690.7,925,280,140
P16,Retrieval,ret_05,1,4,1302.4,835.8,1271,264,132
P16,Retrieval,ret_05,1,5,569.4,703.7,1563,386,193
P16,Retrieval,ret_05,1,6,816.0,719.2,1981,404,202
P16,Retrieval,ret_05,1,7,605.5,810.1,2424,230,115
P16,Retrieval,ret_05,1,8,570.0,766.2,2692,354,177
P16,Retrieval,ret_05,1,9,768.2,682.9,3086,184,92
P16,Retrieval,ret_05,1,10,823.4,826.4,3298,186,93
P16,Retrieval,ret_05,1,11,606.4,780.3,3530,366,183
P16,Retrieval,ret_05,1,12,912.6,593.3,3961,320,160
P16,Retrieval,ret_06,1,1,562.3,850.0,58,438,219
P16,Retrieval,ret_06,1,2,720.0,895.6,533,362,181
P16,Retrieval,ret_06,1,3,1336.2,269.4,939,312,156
P16,Retrieval,ret_06,1,4,1340.7,487.2,1317,356,178
P16,Retrieval,ret_06,1,5,601.5,803.6,1741,340,170
P16,Retrieval,ret_06,1,6,593.9,431.6,2132,374,187
P16,Retrieval,ret_06,1,7,972.7,504.6,2542,248,124
P16,Retrieval,ret_06,1,8,1344.0,382.0,2826,222,111
P16,Retrieval,ret_06,1,9,1854.3,1043.9,3091,220,110
P16,Retrieval,ret_06,1,10,590.6,776.7,3348,96,48
P16,Retrieval,ret_06,1,11,662.0,900.8,3495,308,154
P16,Retrieval,ret_06,1,12,1204.8,829.6,3864,308,154
P16,Retrieval,ret_06,1,13,1421.1,852.7,4207,114,57
P16,Retrieval,ret_07,1,1,929.9,541.8,72,264,132
P16,Retrieval,ret_07,1,2,1445.6,751.5,395,380,190
P16,Retrieval,ret_07,1,3,937.7,498.5,842,296,148
P16,Retrieval,ret_07,1,4,1468.0,848.7,1196,80,40
P16,Retrieval,ret_07,1,5,923.7,584.8,1325,302,151
P16,Retrieval,ret_07,1,6,875.4,333.9,1686,370,185
P16,Retrieval,ret_07,1,7,944.1,527.9,2124,234,117
P16,Retrieval,ret_07,1,8,1063.4,492.8,2395,264,132
P16,Retrieval,ret_07,1,9,579.5,567.8,2684,172,86
P16,Retrieval,ret_07,1,10,1077.6,880.1,2913,206,103
P16,Retrieval,ret_08,1,1,1146.7,725.9,80,256,128
P16,Retrieval,ret_08,1,2,940.2,605.9,375,376,188
P16,Retrieval,ret_08,1,3,1062.6,660.7,800,154,77
P16,Retrieval,ret_08,1,4,920.3,547.1,999,172,86
P16,Retrieval,ret_08,1,5,883.5,734.2,1237,98,49
P16,Retrieval,ret_08,1,6,1028.5,508.0,1392,354,177
P16,Retrieval,ret_08,1,7,1361.3,298.6,1787,232,116
P16,Retrieval,ret_08,1,8,1345.8,196.7,2050,378,189
P16,Retrieval,ret_08,1,9,1206.6,682.2,2489,372,186
P16,Retrieval,ret_08,1,10,844.1,342.8,2921,316,158
P16,Retrieval,ret_08,1,11,1344.9,214.3,3262,270,135
P16,Retrieval,ret_08,1,12,1089.9,796.8,3570,286,143
P16,Retrieval,ret_08,1,13,801.8,351.1,3889,386,193
P16,Retrieval,ret_08,1,14,692.9,379.7,4337,202,101
P16,Retrieval,ret_09,1,1,780.4,329.1,76,340,170
P16,Retrieval,ret_09,1,2,588.7,222.4,450,332,166
P16,Retrieval,ret_09,1,3,880.0,332.5,847,296,148
P16,Retrieval,ret_09,1,4,865.3,725.8,1189,236,118
P16,Retrieval,ret_09,1,5,1177.6,90.1,1462,298,149
P16,Retrieval,ret_09,1,6,550.5,228.5,1792,208,104
P16,Retrieval,ret_09,1,7,841.6,363.4,2068,366,183
P16,Retrieval,ret_09,1,8,552.7,790.4,2503,374,187
P16,Retrieval,ret_09,1,9,908.5,608.6,2918,266,133
P16,Retrieval,ret_10,1,1,773.7,482.4,83,292,146
P16,Retrieval,ret_10,1,2,725.3,641.1,399,338,169
P16,Retrieval,ret_10,1,3,803.5,387.9,798,350,175
P16,Retrieval,ret_10,1,4,574.6,397.9,1215,370,185
P16,Retrieval,ret_10,1,5,821.9,476.7,1632,252,126
P16,Retrieval,ret_10,1,6,787.7,422.9,1913,352,176
P16,Retrieval,ret_10,1,7,663.8,486.7,2300,292,146
P16,Retrieval,ret_10,1,8,957.9,484.0,2659,216,108
P16,Retrieval,ret_10,1,9,657.2,399.4,2905,354,177
P16,Retrieval,ret_10,1,10,714.8,436.0,3288,300,150
P16,Retrieval,ret_10,1,11,794.5,452.7,3640,260,130
P16,Retrieval,ret_10,1,12,785.3,764.1,3931,250,125
P16,Retrieval,ret_10,1,13,789.0,656.1,4243,210,105
P16,Retrieval,ret_11,1,1,673.9,665.9,118,320,160
P16,Retrieval,ret_11,1,2,577.0,665.2,497,404,202
P16,Retrieval,ret_11,1,3,983.5,545.6,947,144,72
P16,Retrieval,ret_11,1,4,938.9,546.1,1141,340,170
P16,Retrieval,ret_11,1,5,957.7,534.1,1541,146,73
P16,Retrieval,ret_11,1,6,662.0,741.2,1752,336,168
P16,Retrieval,ret_11,1,7,591.7,695.7,2130,290,145
P16,Retrieval,ret_11,1,8,1229.5,708.3,2446,300,150
P16,Retrieval,ret_11,1,9,1024.8,544.0,2812,480,240
P16,Retrieval,ret_11,1,10,1047.5,515.3,3359,142,71
P16,Retrieval,ret_11,1,11,1261.2,434.9,3536,334,167
P16,Retrieval,ret_11,1,12,1064.0,120.2,3913,278,139
P16,Retrieval,ret_11,1,13,991.2,541.4,4243,242,121
P16,Retrieval,ret_12,1,1,747.6,490.6,47,210,105
P16,Retrieval,ret_12,1,2,1285.3,346.4,282,264,132
P16,Retrieval,ret_12,1,3,977.5,546.1,610,306,153
P16,Retrieval,ret_12,1,4,936.2,352.4,962,284,142
P16,Retrieval,ret_12,1,5,678.1,509.2,1314,380,190
P16,Retrieval,ret_12,1,6,1170.1,315.2,1719,94,47
P16,Retrieval,ret_12,1,7,1011.0,358.5,1848,374,187
P16,Retrieval,ret_12,1,8,983.5,334.3,2257,258,129
P16,Retrieval,ret_12,1,9,973.4,292.6,2571,250,125
P16,Retrieval,ret_12,1,10,1011.0,616.3,2884,352,176
P16,Retrieval,ret_12,1,11,717.2,495.4,3267,336,168
P16,Retrieval,ret_13,1,1,974.0,314.3,50,134,67
P16,Retrieval,ret_13,1,2,681.4,506.1,219,218,109
P16,Retrieval,ret_13,1,3,822.3,703.2,483,328,164
P16,Retrieval,ret_13,1,4,103.3,163.6,877,290,145
P16,Retrieval,ret_13,1,5,718.6,650.6,1234,412,206
P16,Retrieval,ret_13,1,6,818.8,737.3,1702,348,174
P16,Retrieval,ret_13,1,7,633.5,600.0,2103,276,138
P16,Retrieval,ret_13,1,8,1221.6,646.5,2448,244,122
P16,Retrieval,ret_13,1,9,1008.6,245.2,2730,252,126
P16,Retrieval,ret_13,1,10,642.5,518.8,3039,310,155
P16,Retrieval,ret_13,1,11,1265.0,603.3,3380,312,156
P16,Retrieval,ret_13,1,12,916.4,504.1,3729,488,244
P16,Retrieval,ret_13,1,13,385.0,919.5,4264,314,157
P16,Retrieval,ret_13,1,14,685.3,529.4,4602,342,171
P16,Retrieval,ret_14,1,1,721.5,742.5,95,242,121
P16,Retrieval,ret_14,1,2,669.2,642.9,366,392,196
P16,Retrieval,ret_14,1,3,905.6,549.3,815,210,105
P16,Retrieval,ret_14,1,4,1281.5,463.9,1082,256,128
P16,Retrieval,ret_14,1,5,1432.4,322.5,1402,158,79
P16,Retrieval,ret_14,1,6,830.2,872.6,1610,314,157
P16,Retrieval,ret_14,1,7,185.5,992.1,1952,298,149
P16,Retrieval,ret_14,1,8,614.8,249.4,2296,272,136
P16,Retrieval,ret_14,1,9,1355.5,529.2,2632,382,191
P16,Retrieval,ret_14,1,10,944.4,493.3,3042,230,115
P16,Retrieval,ret_14,1,11,1338.5,812.2,3340,202,101
P16,Retrieval,ret_14,1,12,1173.1,913.9,3594,264,132
P16,Retrieval,ret_15,1,1,1012.1,512.6,72,300,150
P16,Retrieval,ret_15,1,2,857.0,489.9,409,220,110
P16,Retrieval,ret_15,1,3,602.7,413.8,668,270,135
P16,Retrieval,ret_15,1,4,614.8,547.2,975,418,209
P16,Retrieval,ret_15,1,5,923.7,536.3,1423,252,126
P16,Retrieval,ret_15,1,6,1208.6,774.4,1703,388,194
P16,Retrieval,ret_15,1,7,1216.7,839.6,2116,346,173
P16,Retrieval,ret_15,1,8,1051.8,315.9,2493,154,77
P16,Retrieval,ret_15,1,9,1213.8,804.6,2708,280,140
P16,Retrieval,ret_15,1,10,1095.0,861.7,3025,266,133
P16,Retrieval,ret_15,1,11,1210.5,818.4,3319,360,180
P16,Retrieval,ret_15,1,12,1204.6,831.6,3723,200,100
P16,Retrieval,ret_16,1,1,1348.6,356.9,104,352,176
P16,Retrieval,ret_16,1,2,1247.0,500.6,522,218,109
P16,Retrieval,ret_16,1,3,1807.7,90.0,795,180,90
P16,Retrieval,ret_16,1,4,902.3,498.6,1018,220,110
P16,Retrieval,ret_16,1,5,1360.6,717.2,1266,454,227
P16,Retrieval,ret_16,1,6,1113.7,508.3,1755,456,228
P16,Retrieval,ret_16,1,7,1124.1,542.9,2261,436,218
P16,Retrieval,ret_16,1,8,1051.3,515.9,2726,136,68
P16,Retrieval,ret_16,1,9,1187.9,508.2,2914,278,139
P16,Retrieval,ret_16,1,10,1220.7,555.5,3218,152,76
P16,Retrieval,ret_16,1,11,982.6,537.2,3418,230,115
P16,Retrieval,ret_16,1,12,1272.6,305.4,3707,304,152
P16,Retrieval,ret_16,1,13,1018.7,495.4,4075,164,82
P16,Retrieval,ret_17,1,1,1281.2,219.5,62,116,58
P16,Retrieval,ret_17,1,2,942.2,765.9,210,244,122
P16,Retrieval,ret_17,1,3,1205.9,606.4,522,242,121
P16,Retrieval,ret_17,1,4,708.6,354.1,824,118,59
P16,Retrieval,ret_17,1,5,978.6,531.4,983,366,183
P16,Retrieval,ret_17,1,6,924.0,563.4,1412,156,78
P16,Retrieval,ret_17,1,7,1322.4,504.5,1618,350,175
P16,Retrieval,ret_17,1,8,952.1,531.8,2018,258,129
P16,Retrieval,ret_17,1,9,556.7,187.2,2319,288,144
P16,Retrieval,ret_17,1,10,1280.3,511.9,2642,324,162
P16,Retrieval,ret_18,1,1,1276.7,589.3,104,122,61
P16,Retrieval,ret_18,1,2,1422.6,511.0,269,478,239
P16,Retrieval,ret_18,1,3,740.0,625.7,779,380,190
P16,Retrieval,ret_18,1,4,957.8,464.0,1194,272,136
P16,Retrieval,ret_18,1,5,1309.7,559.9,1530,180,90
P16,Retrieval,ret_18,1,6,1010.0,529.1,1760,358,179
P16,Retrieval,ret_18,1,7,1160.4,723.4,2176,468,234
P16,Retrieval,ret_18,1,8,1293.8,540.0,2710,174,87
P16,Retrieval,ret_18,1,9,838.0,358.0,2940,402,201
P16,Retrieval,ret_18,1,10,923.2,337.3,3403,264,132
P16,Retrieval,ret_19,1,1,645.1,397.3,97,338,169
P16,Retrieval,ret_19,1,2,938.7,236.7,475,140,70
P16,Retrieval,ret_19,1,3,964.4,538.1,679,260,130
P16,Retrieval,ret_19,1,4,1162.1,502.8,982,442,221
P16,Retrieval,ret_19,1,5,1203.8,499.6,1454,178,89
P16,Retrieval,ret_19,1,6,724.6,403.1,1673,288,144
P16,Retrieval,ret_19,1,7,1332.4,297.1,2028,280,140
P16,Retrieval,ret_19,1,8,1263.4,278.3,2364,134,67
P16,Retrieval,ret_19,1,9,909.3,504.4,2529,364,182
P16,Retrieval,ret_19,1,10,950.4,523.3,2925,286,143
P16,Retrieval,ret_19,1,11,1182.5,507.2,3243,342,171
P16,Retrieval,ret_19,1,12,704.1,536.9,3623,252,126
P16,Retrieval,ret_19,1,13,64.9,727.9,3933,432,216
P16,Retrieval,ret_19,1,14,615.7,392.9,4414,432,216
P16,Retrieval,ret_19,1,15,1151.9,517.2,4900,288,144
P16,Retrieval,ret_20,1,1,630.6,723.7,44,378,189
P16,Retrieval,ret_20,1,2,685.0,748.9,488,386,193
P16,Retrieval,ret_20,1,3,951.3,620.9,930,352,176
P16,Retrieval,ret_20,1,4,932.7,532.1,1331,364,182
P16,Retrieval,ret_20,1,5,492.0,574.1,1739,398,199
P16,Retrieval,ret_20,1,6,1182.2,354.8,2164,330,165
P16,Retrieval,ret_20,1,7,1130.4,279.6,2545,276,138
P16,Retrieval,ret_20,1,8,635.1,579.5,2861,302,151
P16,Retrieval,ret_20,1,9,991.9,578.4,3221,304,152
P16,Retrieval,ret_20,1,10,709.6,812.6,3570,248,124
P16,Retrieval,ret_20,1,11,621.0,718.6,3863,262,131
P16,Retrieval,ret_20,1,12,1868.0,659.4,4175,378,189
P16,Retrieval,ret_20,1,13,949.6,458.5,4598,380,190
P16,Retrieval,ret_20,1,14,751.5,699.9,5038,384,192
P16,Retrieval,ret_20,1,15,635.7,703.9,5458,280,140
P16,Retrieval,ret_20,1,16,697.1,725.2,5782,278,139
P17,Encoding,enc_01,1,1,785.8,228.7,87,322,161
P17,Encoding,enc_01,1,2,1277.9,582.9,452,256,128
P17,Encoding,enc_01,1,3,856.4,803.6,754,314,157
P17,Encoding,enc_01,1,4,1183.4,879.7,1134,338,169
P17,Encoding,enc_01,1,5,1308.8,589.9,1508,362,181
P17,Encoding,enc_01,1,6,1328.4,593.7,1906,376,188
P17,Encoding,enc_01,1,7,882.2,815.5,2345,204,102
P17,Encoding,enc_01,1,8,25.4,155.7,2598,360,180
P17,Encoding,enc_01,1,9,737.6,652.6,2999,142,71
P17,Encoding,enc_01,1,10,1306.6,571.7,3176,380,190
P17,Encoding,enc_02,1,1,1305.1,501.5,92,148,74
P17,Encoding,enc_02,1,2,1304.0,227.5,297,240,120
P17,Encoding,enc_02,1,3,1109.7,764.4,561,364,182
P17,Encoding,enc_02,1,4,786.3,578.8,978,170,85
P17,Encoding,enc_02,1,5,1125.1,761.9,1200,328,164
P17,Encoding,enc_02,1,6,931.9,647.8,1574,278,139
P17,Encoding,enc_02,1,7,1296.6,494.6,1911,232,116
P17,Encoding,enc_02,1,8,786.3,620.5,2177,346,173
P17,Encoding,enc_02,1,9,801.0,558.0,2583,386,193
P17,Encoding,enc_02,1,10,757.9,251.4,2995,196,98
P17,Encoding,enc_02,1,11,620.3,731.1,3216,274,137
P17,Encoding,enc_03,1,1,600.5,323.5,60,330,165
P17,Encoding,enc_03,1,2,1111.3,740.7,440,380,190
P17,Encoding,enc_03,1,3,672.4,393.5,870,350,175
P17,Encoding,enc_03,1,4,1300.9,364.4,1270,420,210
P17,Encoding,enc_03,1,5,603.0,440.8,1740,370,185
P17,Encoding,enc_03,1,6,1148.0,456.0,2160,412,206
P17,Encoding,enc_03,1,7,747.3,595.4,2622,340,170
P17,Encoding,enc_03,1,8,1242.5,411.1,3012,310,155
P17,Encoding,enc_03,1,9,1295.3,348.5,3372,360,180
P17,Encoding,enc_03,1,10,327.1,430.9,3782,126,63
P17,Encoding,enc_03,1,11,696.2,337.9,3958,330,165
P17,Encoding,enc_03,1,12,1285.9,361.8,4338,300,150
P17,Encoding,enc_03,1,13,1322.4,294.3,4688,350,175
P17,Encoding,enc_04,1,1,1028.5,306.5,92,272,136
P17,Encoding,enc_04,1,2,780.2,582.1,411,214,107
P17,Encoding,enc_04,1,3,1005.6,650.2,692,400,200
P17,Encoding,enc_04,1,4,1014.5,357.6,1117,450,225
P17,Encoding,enc_04,1,5,302.0,70.4,1635,366,183
P17,Encoding,enc_04,1,6,949.6,502.2,2032,270,135
P17,Encoding,enc_04,1,7,1004.2,658.2,2335,328,164
P17,Encoding,enc_04,1,8,977.9,303.9,2708,226,113
P17,Encoding,enc_04,1,9,752.9,644.3,2996,406,203
P17,Encoding,enc_04,1,10,1019.4,281.9,3462,332,166
P17,Encoding,enc_04,1,11,980.4,316.4,3821,434,217
P17,Encoding,enc_04,1,12,852.8,852.4,4324,286,143
P17,Encoding,enc_04,1,13,948.4,606.3,4676,260,130
P17,Encoding,enc_05,1,1,1212.9,590.5,99,244,122
P17,Encoding,enc_05,1,2,1105.7,782.8,389,190,95
P17,Encoding,enc_05,1,3,685.9,536.1,644,268,134
P17,Encoding,enc_05,1,4,1077.0,748.6,975,264,132
P17,Encoding,enc_05,1,5,1056.4,357.3,1298,256,128
P17,Encoding,enc_05,1,6,1270.7,665.2,1617,202,101
P17,Encoding,enc_05,1,7,616.8,562.5,1870,350,175
P17,Encoding,enc_05,1,8,1209.8,585.9,2259,178,89
P17,Encoding,enc_05,1,9,687.3,541.3,2494,312,156
P17,Encoding,enc_05,1,10,953.9,227.4,2862,222,111
P17,Encoding,enc_05,1,11,1086.9,772.9,3145,310,155
P17,Encoding,enc_05,1,12,864.2,800.8,3518,270,135
P17,Encoding,enc_06,1,1,1031.4,405.0,49,224,112
P17,Encoding,enc_06,1,2,945.0,371.5,311,264,132
P17,Encoding,enc_06,1,3,994.6,339.9,627,282,141
P17,Encoding,enc_06,1,4,1813.7,24.1,942,232,116
P17,Encoding,enc_06,1,5,792.5,716.6,1203,326,163
P17,Encoding,enc_06,1,6,1157.2,305.7,1564,370,185
P17,Encoding,enc_06,1,7,1190.2,362.5,1992,444,222
P17,Encoding,enc_06,1,8,633.6,359.7,2466,364,182
P17,Encoding,enc_06,1,9,947.4,848.3,2884,342,171
P17,Encoding,enc_06,1,10,1028.9,409.2,3272,306,153
P17,Encoding,enc_06,1,11,566.1,350.7,3644,238,119
P17,Encoding,enc_06,1,12,730.0,724.9,3920,396,198
P17,Encoding,enc_06,1,13,739.9,610.9,4353,370,185
P17,Encoding,enc_06,1,14,1170.8,892.1,4747,394,197
P17,Encoding,enc_07,1,1,1100.4,714.5,58,240,120
P17,Encoding,enc_07,1,2,1074.1,794.2,327,282,141
P17,Encoding,enc_07,1,3,1148.9,757.9,641,406,203
P17,Encoding,enc_07,1,4,1051.1,508.4,1094,384,192
P17,Encoding,enc_07,1,5,1023.4,507.9,1515,314,157
P17,Encoding,enc_07,1,6,680.8,205.4,1888,280,140
P17,Encoding,enc_07,1,7,1099.2,746.4,2232,242,121
P17,Encoding,enc_07,1,8,513.1,472.9,2529,322,161
P17,Encoding,enc_07,1,9,544.6,479.5,2884,424,212
P17,Encoding,enc_07,1,10,1038.7,498.8,3345,262,131
P17,Encoding,enc_07,1,11,1050.5,475.1,3657,294,147
P17,Encoding,enc_07,1,12,575.8,471.0,4009,348,174
P17,Encoding,enc_07,1,13,1123.3,801.5,4394,220,110
P17,Encoding,enc_07,1,14,593.0,506.9,4638,330,165
P17,Encoding,enc_08,1,1,1031.1,249.1,84,180,90
P17,Encoding,enc_08,1,2,723.6,436.3,293,318,159
P17,Encoding,enc_08,1,3,721.8,495.7,651,338,169
P17,Encoding,enc_08,1,4,1075.9,709.0,1034,270,135
P17,Encoding,enc_08,1,5,1074.0,334.6,1370,224,112
P17,Encoding,enc_08,1,6,1037.0,696.5,1658,222,111
P17,Encoding,enc_08,1,7,1084.3,718.7,1927,322,161
P17,Encoding,enc_08,1,8,1236.3,641.7,2286,190,95
P17,Encoding,enc_08,1,9,1255.5,649.8,2516,300,150
P17,Encoding,enc_08,1,10,1276.5,454.3,2848,204,102
P17,Encoding,enc_08,1,11,698.0,513.0,3102,280,140
P17,Encoding,enc_08,1,12,857.2,776.9,3416,88,44
P17,Encoding,enc_09,1,1,1233.6,415.5,46,334,167
P17,Encoding,enc_09,1,2,635.7,809.8,433,238,119
P17,Encoding,enc_09,1,3,630.9,786.6,721,186,93
P17,Encoding,enc_09,1,4,1239.1,411.9,961,136,68
P17,Encoding,enc_09,1,5,574.3,778.7,1133,286,143
P17,Encoding,enc_09,1,6,1211.6,396.8,1479,144,72
P17,Encoding,enc_09,1,7,637.4,746.2,1677,328,164
P17,Encoding,enc_09,1,8,882.6,236.6,2044,260,130
P17,Encoding,enc_09,1,9,596.1,791.9,2346,290,145
P17,Encoding,enc_09,1,10,1246.1,416.5,2703,176,88
P17,Encoding,enc_09,1,11,640.8,820.1,2916,324,162
P17,Encoding,enc_09,1,12,1306.0,386.7,3295,232,116
P17,Encoding,enc_09,1,13,1247.9,426.0,3574,414,207
P17,Encoding,enc_09,1,14,1261.4,402.3,4030,202,101
P17,Encoding,enc_09,1,15,1241.1,446.6,4268,448,224
P17,Encoding,enc_10,1,1,1203.4,306.0,105,200,100
P17,Encoding,enc_10,1,2,1162.1,297.2,368,222,111
P17,Encoding,enc_10,1,3,1191.7,316.5,620,408,204
P17,Encoding,enc_10,1,4,1103.8,768.4,1063,282,141
P17,Encoding,enc_10,1,5,817.9,612.3,1385,290,145
P17,Encoding,enc_10,1,6,857.6,302.0,1740,234,117
P17,Encoding,enc_10,1,7,1079.9,746.3,1998,368,184
P17,Encoding,enc_10,1,8,790.1,589.4,2409,312,156
P17,Encoding,enc_10,1,9,816.9,299.9,2788,278,139
P17,Encoding,enc_10,1,10,787.2,508.0,3106,362,181
P17,Encoding,enc_10,1,11,529.2,248.7,3529,254,127
P17,Encoding,enc_10,1,12,787.2,665.5,3810,368,184
P17,Encoding,enc_10,1,13,1197.8,310.6,4235,216,108
P17,Encoding,enc_10,1,14,807.3,537.6,4500,240,120
P17,Encoding,enc_10,1,15,1167.4,285.0,4799,312,156
P17,Encoding,enc_11,1,1,1056.6,613.4,64,328,164
P17,Encoding,enc_11,1,2,603.7,522.3,457,370,185
P17,Encoding,enc_11,1,3,586.3,502.7,896,190,95
P17,Encoding,enc_11,1,4,1276.8,349.3,1142,436,218
P17,Encoding,enc_11,1,5,591.2,527.2,1634,320,160
P17,Encoding,enc_11,1,6,1104.3,572.3,1982,194,97
P17,Encoding,enc_11,1,7,564.2,535.2,2215,200,100
P17,Encoding,enc_11,1,8,616.1,499.7,2459,354,177
P17,Encoding,enc_11,1,9,1243.4,363.0,2873,360,180
P17,Encoding,enc_11,1,10,1288.1,320.8,3288,260,130
P17,Encoding,enc_11,1,11,1283.9,338.6,3578,292,146
P17,Encoding,enc_11,1,12,577.5,518.9,3938,418,209
P17,Encoding,enc_12,1,1,731.9,540.8,72,272,136
P17,Encoding,enc_12,1,2,1245.2,602.8,390,430,215
P17,Encoding,enc_12,1,3,841.2,445.1,882,242,121
P17,Encoding,enc_12,1,4,538.2,299.4,1157,354,177
P17,Encoding,enc_12,1,5,550.5,835.3,1567,404,202
P17,Encoding,enc_12,1,6,703.3,550.6,2013,364,182
P17,Encoding,enc_12,1,7,1217.1,588.1,2446,258,129
P17,Encoding,enc_12,1,8,521.5,887.1,2763,338,169
P17,Encoding,enc_12,1,9,719.1,560.5,3159,112,56
P17,Encoding,enc_12,1,10,702.1,477.5,3326,344,172
P17,Encoding,enc_12,1,11,943.4,429.7,3700,204,102
P17,Encoding,enc_12,1,12,130.4,654.4,3932,310,155
P17,Encoding,enc_13,1,1,552.3,416.5,69,322,161
P17,Encoding,enc_13,1,2,623.4,360.8,445,224,112
P17,Encoding,enc_13,1,3,651.1,353.1,712,382,191
P17,Encoding,enc_13,1,4,879.8,409.2,1141,434,217
P17,Encoding,enc_13,1,5,1166.0,287.7,1625,368,184
P17,Encoding,enc_13,1,6,608.7,393.8,2031,312,156
P17,Encoding,enc_13,1,7,893.0,416.9,2378,176,88
P17,Encoding,enc_13,1,8,887.2,684.8,2611,308,154
P17,Encoding,enc_13,1,9,915.1,423.8,2966,202,101
P17,Encoding,enc_13,1,10,1219.7,254.1,3229,238,119
P17,Encoding,enc_13,1,11,632.2,414.1,3512,266,133
P17,Encoding,enc_13,1,12,1314.4,857.5,3804,248,124
P17,Encoding,enc_14,1,1,837.5,665.2,103,448,224
P17,Encoding,enc_14,1,2,1072.3,342.5,614,300,150
P17,Encoding,enc_14,1,3,769.7,451.5,959,344,172
P17,Encoding,enc_14,1,4,1138.9,745.8,1355,190,95
P17,Encoding,enc_14,1,5,766.1,461.5,1599,310,155
P17,Encoding,enc_14,1,6,807.3,689.8,1952,104,52
P17,Encoding,enc_14,1,7,1178.1,751.7,2103,194,97
P17,Encoding,enc_14,1,8,790.2,428.5,2361,184,92
P17,Encoding,enc_14,1,9,1028.9,355.6,2569,292,146
P17,Encoding,enc_14,1,10,998.7,338.1,2925,306,153
P17,Encoding,enc_14,1,11,761.0,631.3,3277,306,153
P17,Encoding,enc_14,1,12,930.3,487.7,3607,160,80
P17,Encoding,enc_14,1,13,833.0,460.9,3831,392,196
P17,Encoding,enc_14,1,14,1030.7,332.8,4282,222,111
P17,Encoding,enc_14,1,15,779.5,661.8,4556,288,144
P17,Encoding,enc_15,1,1,855.8,636.8,99,260,130
P17,Encoding,enc_15,1,2,992.5,244.3,397,196,98
P17,Encoding,enc_15,1,3,927.0,372.4,625,380,190
P17,Encoding,enc_15,1,4,868.1,739.7,1071,388,194
P17,Encoding,enc_15,1,5,1290.0,489.5,1508,272,136
P17,Encoding,enc_15,1,6,1237.4,512.3,1836,358,179
P17,Encoding,enc_15,1,7,1255.6,243.1,2251,128,64
P17,Encoding,enc_15,1,8,834.1,657.3,2448,242,121
P17,Encoding,enc_15,1,9,901.1,404.1,2728,376,188
P17,Encoding,enc_15,1,10,1278.1,434.8,3151,180,90
P17,Encoding,enc_15,1,11,895.4,664.1,3379,92,46
P17,Encoding,enc_15,1,12,847.2,620.5,3515,288,144
P17,Encoding,enc_15,1,13,112.2,898.3,3838,396,198
P17,Encoding,enc_15,1,14,826.4,596.6,4261,354,177
P17,Encoding,enc_15,1,15,1333.3,475.2,4641,252,126
P17,Encoding,enc_16,1,1,488.9,503.7,53,358,179
P17,Encoding,enc_16,1,2,632.1,636.2,445,298,149
P17,Encoding,enc_16,1,3,618.0,664.8,786,224,112
P17,Encoding,enc_16,1,4,658.0,646.7,1064,330,165
P17,Encoding,enc_16,1,5,995.4,617.6,1443,374,187
P17,Encoding,enc_16,1,6,1046.0,677.6,1853,334,167
P17,Encoding,enc_16,1,7,968.6,377.7,2255,294,147
P17,Encoding,enc_16,1,8,594.4,673.0,2593,454,227
P17,Encoding,enc_16,1,9,952.8,344.1,3075,320,160
P17,Encoding,enc_17,1,1,814.0,525.2,50,206,103
P17,Encoding,enc_17,1,2,995.0,74.2,299,252,126
P17,Encoding,enc_17,1,3,751.1,382.1,591,252,126
P17,Encoding,enc_17,1,4,1281.3,464.8,869,388,194
P17,Encoding,enc_17,1,5,832.9,503.3,1318,224,112
P17,Encoding,enc_17,1,6,744.2,398.0,1573,260,130
P17,Encoding,enc_17,1,7,1034.8,322.3,1874,320,160
P17,Encoding,enc_17,1,8,1070.1,344.3,2229,318,159
P17,Encoding,enc_17,1,9,823.5,381.5,2599,366,183
P17,Encoding,enc_17,1,10,1144.2,299.6,3005,344,172
P17,Encoding,enc_17,1,11,819.0,508.7,3395,194,97
P17,Encoding,enc_17,1,12,1186.5,571.7,3616,80,40
P17,Encoding,enc_17,1,13,1259.2,553.8,3765,338,169
P17,Encoding,enc_17,1,14,1051.5,324.5,4145,328,164
P17,Encoding,enc_17,1,15,1109.8,311.9,4497,206,103
P17,Encoding,enc_17,1,16,1280.1,491.4,4733,482,241
P17,Encoding,enc_18,1,1,805.8,711.7,119,324,162
P17,Encoding,enc_18,1,2,748.8,805.9,502,346,173
P17,Encoding,enc_18,1,3,1182.0,317.6,872,362,181
P17,Encoding,enc_18,1,4,1251.4,357.8,1282,462,231
P17,Encoding,enc_18,1,5,799.0,738.9,1778,146,73
P17,Encoding,enc_18,1,6,868.3,967.5,1954,400,200
P17,Encoding,enc_18,1,7,1217.4,324.1,2400,216,108
P17,Encoding,enc_18,1,8,783.0,794.9,2642,338,169
P17,Encoding,enc_18,1,9,1197.1,801.2,3007,324,162
P17,Encoding,enc_18,1,10,1185.9,382.2,3364,338,169
P17,Encoding,enc_18,1,11,829.6,729.2,3743,244,122
P17,Encoding,enc_18,1,12,1154.8,749.3,4055,248,124
P17,Encoding,enc_19,1,1,1230.6,711.0,57,390,195
P17,Encoding,enc_19,1,2,1757.8,209.3,484,312,156
P17,Encoding,enc_19,1,3,1163.8,791.7,856,242,121
P17,Encoding,enc_19,1,4,1133.0,283.6,1155,276,138
P17,Encoding,enc_19,1,5,1259.9,794.5,1495,228,114
P17,Encoding,enc_19,1,6,1276.8,760.1,1754,330,165
P17,Encoding,enc_19,1,7,1123.2,298.0,2144,208,104
P17,Encoding,enc_19,1,8,874.5,288.6,2390,170,85
P17,Encoding,enc_19,1,9,1242.9,828.3,2627,128,64
P17,Encoding,enc_19,1,10,1163.1,572.4,2818,352,176
P17,Encoding,enc_19,1,11,1257.1,774.7,3203,220,110
P17,Encoding,enc_19,1,12,1179.1,274.7,3467,334,167
P17,Encoding,enc_20,1,1,1270.4,492.0,52,396,198
P17,Encoding,enc_20,1,2,692.4,606.6,507,238,119
P17,Encoding,enc_20,1,3,1216.3,734.3,814,318,159
P17,Encoding,enc_20,1,4,863.1,259.4,1163,516,258
P17,Encoding,enc_20,1,5,1258.7,661.0,1728,358,179
P17,Encoding,enc_20,1,6,1267.7,649.9,2154,194,97
P17,Encoding,enc_20,1,7,1245.9,676.5,2379,212,106
P17,Encoding,enc_20,1,8,1246.1,762.6,2626,292,146
P17,Encoding,enc_20,1,9,1284.1,658.5,2987,252,126
P17,Encoding,enc_20,1,10,1311.1,718.5,3287,252,126
P17,Encoding,enc_20,1,11,1246.4,651.4,3568,204,102
P17,Encoding,enc_20,1,12,1239.9,682.5,3796,138,69
P17,Encoding,enc_20,1,13,1383.7,543.9,3976,270,135
P17,Encoding,enc_20,1,14,1272.6,671.4,4305,440,220
P17,Encoding,enc_20,1,15,717.0,614.4,4805,226,113
P17,Retrieval,ret_01,1,1,822.2,776.2,100,506,253
P17,Retrieval,ret_01,1,2,944.5,521.0,665,202,101
P17,Retrieval,ret_01,1,3,714.2,659.4,911,246,123
P17,Retrieval,ret_01,1,4,915.4,623.9,1223,244,122
P17,Retrieval,ret_01,1,5,1349.3,606.8,1516,298,149
P17,Retrieval,ret_01,1,6,777.3,227.8,1865,226,113
P17,Retrieval,ret_01,1,7,816.9,786.5,2143,132,66
P17,Retrieval,ret_01,1,8,901.7,485.0,2312,212,106
P17,Retrieval,ret_01,1,9,712.7,635.2,2575,216,108
P17,Retrieval,ret_01,1,10,753.7,245.6,2819,184,92
P17,Retrieval,ret_01,1,11,771.0,695.5,3057,332,166
P17,Retrieval,ret_01,1,12,1279.1,558.4,3426,242,121
P17,Retrieval,ret_01,1,13,827.0,780.5,3693,302,151
P17,Retrieval,ret_01,1,14,1312.1,588.9,4026,342,171
P17,Retrieval,ret_01,1,15,1217.9,534.5,4411,304,152
P17,Retrieval,ret_02,1,1,1222.6,640.3,52,134,67
P17,Retrieval,ret_02,1,2,1078.6,722.2,236,236,118
P17,Retrieval,ret_02,1,3,743.7,420.5,532,200,100
P17,Retrieval,ret_02,1,4,1231.9,389.0,764,234,117
P17,Retrieval,ret_02,1,5,584.3,74.5,1029,424,212
P17,Retrieval,ret_02,1,6,1023.0,295.9,1519,322,161
P17,Retrieval,ret_02,1,7,773.0,403.0,1901,184,92
P17,Retrieval,ret_02,1,8,1044.4,648.5,2143,274,137
P17,Retrieval,ret_02,1,9,1055.7,268.7,2477,250,125
P17,Retrieval,ret_02,1,10,1244.5,652.8,2768,368,184
P17,Retrieval,ret_02,1,11,1017.1,242.7,3174,372,186
P17,Retrieval,ret_03,1,1,1242.8,483.0,83,186,93
P17,Retrieval,ret_03,1,2,863.1,373.2,335,342,171
P17,Retrieval,ret_03,1,3,754.0,619.4,746,274,137
P17,Retrieval,ret_03,1,4,949.3,490.1,1088,108,54
P17,Retrieval,ret_03,1,5,846.9,668.5,1252,300,150
P17,Retrieval,ret_03,1,6,955.6,490.3,1614,348,174
P17,Retrieval,ret_03,1,7,1328.2,440.6,2004,224,112
P17,Retrieval,ret_03,1,8,1255.2,289.7,2254,352,176
P17,Retrieval,ret_03,1,9,888.2,393.4,2647,374,187
P17,Retrieval,ret_03,1,10,1192.5,231.8,3085,392,196
P17,Retrieval,ret_03,1,11,1322.7,528.9,3540,188,94
P17,Retrieval,ret_03,1,12,896.5,399.0,3778,288,144
P17,Retrieval,ret_03,1,13,1318.6,493.4,4120,272,136
P17,Retrieval,ret_03,1,14,994.1,547.5,4428,364,182
P17,Retrieval,ret_03,1,15,974.9,187.5,4833,260,130
P17,Retrieval,ret_03,1,16,1270.7,505.0,5130,338,169
P17,Retrieval,ret_04,1,1,1012.1,478.1,96,166,83
P17,Retrieval,ret_04,1,2,943.5,614.4,312,218,109
P17,Retrieval,ret_04,1,3,949.2,644.8,599,344,172
P17,Retrieval,ret_04,1,4,1111.9,777.0,997,226,113
P17,Retrieval,ret_04,1,5,752.6,258.2,1288,302,151
P17,Retrieval,ret_04,1,6,1281.2,480.0,1645,348,174
P17,Retrieval,ret_04,1,7,906.8,540.4,2020,436,218
P17,Retrieval,ret_04,1,8,1027.1,676.2,2520,352,176
P17,Retrieval,ret_04,1,9,946.7,526.7,2916,336,168
P17,Retrieval,ret_04,1,10,1007.0,495.2,3284,256,128
P17,Retrieval,ret_04,1,11,1286.5,235.0,3569,450,225
P17,Retrieval,ret_04,1,12,1297.9,198.0,4081,188,94
P17,Retrieval,ret_04,1,13,960.5,485.6,4324,208,104
P17,Retrieval,ret_05,1,1,1107.4,687.0,100,400,200
P17,Retrieval,ret_05,1,2,1289.9,452.6,562,450,225
P17,Retrieval,ret_05,1,3,938.5,552.3,1044,212,106
P17,Retrieval,ret_05,1,4,1264.9,381.8,1317,280,140
P17,Retrieval,ret_05,1,5,1029.1,570.5,1665,162,81
P17,Retrieval,ret_05,1,6,1393.5,440.7,1888,308,154
P17,Retrieval,ret_05,1,7,600.0,509.8,2246,136,68
P17,Retrieval,ret_05,1,8,1001.5,504.7,2421,268,134
P17,Retrieval,ret_05,1,9,973.4,479.8,2713,288,144
P17,Retrieval,ret_05,1,10,1188.1,405.9,3029,252,126
P17,Retrieval,ret_05,1,11,977.2,525.2,3305,184,92
P17,Retrieval,ret_05,1,12,1202.9,348.4,3528,186,93
P17,Retrieval,ret_05,1,13,1259.8,385.2,3746,294,147
P17,Retrieval,ret_05,1,14,1275.1,448.5,4098,336,168
P17,Retrieval,ret_06,1,1,1072.0,605.0,51,424,212
P17,Retrieval,ret_06,1,2,1048.7,630.8,535,402,201
P17,Retrieval,ret_06,1,3,452.0,498.9,987,348,174
P17,Retrieval,ret_06,1,4,481.6,528.5,1387,340,170
P17,Retrieval,ret_06,1,5,1048.1,706.9,1753,204,102
P17,Retrieval,ret_06,1,6,939.6,473.2,2012,324,162
P17,Retrieval,ret_06,1,7,1029.9,528.0,2401,464,232
P17,Retrieval,ret_06,1,8,922.3,553.4,2914,112,56
P17,Retrieval,ret_06,1,9,973.2,648.4,3086,208,104
P17,Retrieval,ret_06,1,10,1011.5,521.1,3335,314,157
P17,Retrieval,ret_06,1,11,540.0,473.8,3707,340,170
P17,Retrieval,ret_06,1,12,1048.1,596.3,4094,176,88
P17,Retrieval,ret_06,1,13,645.5,671.0,4301,148,74
P17,Retrieval,ret_06,1,14,548.3,680.2,4516,220,110
P17,Retrieval,ret_07,1,1,936.0,547.9,118,258,129
P17,Retrieval,ret_07,1,2,1197.7,443.8,421,290,145
P17,Retrieval,ret_07,1,3,1271.6,301.4,756,472,236
P17,Retrieval,ret_07,1,4,1279.9,364.7,1273,246,123
P17,Retrieval,ret_07,1,5,1317.4,365.0,1564,244,122
P17,Retrieval,ret_07,1,6,592.3,454.5,1853,424,212
P17,Retrieval,ret_07,1,7,643.2,366.8,2322,354,177
P17,Retrieval,ret_07,1,8,1314.9,378.6,2721,308,154
P17,Retrieval,ret_07,1,9,234.7,252.0,3074,134,67
P17,Retrieval,ret_07,1,10,1268.9,320.1,3253,260,130
P17,Retrieval,ret_07,1,11,756.1,414.9,3558,152,76
P17,Retrieval,ret_07,1,12,1200.5,479.5,3755,206,103
P17,Retrieval,ret_08,1,1,1169.4,309.9,79,276,138
P17,Retrieval,ret_08,1,2,940.4,510.8,390,124,62
P17,Retrieval,ret_08,1,3,1054.0,597.3,551,390,195
P17,Retrieval,ret_08,1,4,1113.0,210.4,1007,212,106
P17,Retrieval,ret_08,1,5,1103.0,800.8,1261,206,103
P17,Retrieval,ret_08,1,6,1186.9,330.8,1516,432,216
P17,Retrieval,ret_08,1,7,497.9,219.9,2009,316,158
P17,Retrieval,ret_08,1,8,752.8,660.3,2349,276,138
P17,Retrieval,ret_08,1,9,1236.1,811.8,2656,414,207
P17,Retrieval,ret_08,1,10,1034.8,631.9,3119,428,214
P17,Retrieval,ret_08,1,11,862.3,523.6,3588,378,189
P17,Retrieval,ret_08,1,12,985.3,560.3,3999,360,180
P17,Retrieval,ret_08,1,13,829.0,311.5,4424,342,171
P17,Retrieval,ret_08,1,14,1173.1,283.2,4828,116,58
P17,Retrieval,ret_08,1,15,1174.7,322.8,5011,310,155
P17,Retrieval,ret_08,1,16,1185.0,329.1,5348,346,173
P17,Retrieval,ret_10,1,1,1037.6,534.2,49,336,168
P17,Retrieval,ret_10,1,2,957.6,510.7,412,378,189
P17,Retrieval,ret_10,1,3,1054.3,662.2,850,182,91
P17,Retrieval,ret_10,1,4,921.2,548.1,1062,462,231
P17,Retrieval,ret_10,1,5,745.4,627.6,1574,192,96
P17,Retrieval,ret_10,1,6,861.8,540.6,1835,236,118
P17,Retrieval,ret_10,1,7,1066.1,247.0,2136,338,169
P17,Retrieval,ret_10,1,8,1027.2,704.2,2518,194,97
P17,Retrieval,ret_10,1,9,969.7,312.5,2764,326,163
P17,Retrieval,ret_10,1,10,933.0,311.3,3120,414,207
P17,Retrieval,ret_10,1,11,1111.6,286.4,3587,172,86
P17,Retrieval,ret_10,1,12,804.5,863.1,3807,362,181
P17,Retrieval,ret_10,1,13,741.8,580.6,4213,256,128
P17,Retrieval,ret_11,1,1,547.8,508.1,71,306,153
P17,Retrieval,ret_11,1,2,1005.0,520.1,425,352,176
P17,Retrieval,ret_11,1,3,921.0,559.6,812,294,147
P17,Retrieval,ret_11,1,4,602.7,495.5,1156,248,124
P17,Retrieval,ret_11,1,5,1017.3,573.5,1443,370,185
P17,Retrieval,ret_11,1,6,617.8,457.3,1874,258,129
P17,Retrieval,ret_11,1,7,988.9,549.0,2160,292,146
P17,Retrieval,ret_11,1,8,1321.8,305.1,2509,262,131
P17,Retrieval,ret_11,1,9,1097.7,539.8,2812,252,126
P17,Retrieval,ret_11,1,10,1229.9,364.5,3099,370,185
P17,Retrieval,ret_11,1,11,1253.5,292.0,3537,498,249
P17,Retrieval,ret_11,1,12,526.5,526.3,4062,216,108
P17,Retrieval,ret_12,1,1,812.3,815.7,57,310,155
P17,Retrieval,ret_12,1,2,1072.9,815.4,421,336,168
P17,Retrieval,ret_12,1,3,750.6,812.0,790,238,119
P17,Retrieval,ret_12,1,4,1227.7,307.8,1055,216,108
P17,Retrieval,ret_12,1,5,1182.8,749.9,1320,134,67
P17,Retrieval,ret_12,1,6,753.4,840.6,1510,382,191
P17,Retrieval,ret_12,1,7,954.2,565.1,1947,410,205
P17,Retrieval,ret_12,1,8,958.1,505.4,2397,298,149
P17,Retrieval,ret_12,1,9,769.8,762.1,2724,394,197
P17,Retrieval,ret_13,1,1,1281.4,626.2,80,384,192
P17,Retrieval,ret_13,1,2,966.7,571.3,525,284,142
P17,Retrieval,ret_13,1,3,931.9,502.7,866,294,147
P17,Retrieval,ret_13,1,4,1043.0,408.2,1218,370,185
P17,Retrieval,ret_13,1,5,1015.5,551.6,1650,296,148
P17,Retrieval,ret_13,1,6,690.0,562.4,1972,300,150
P17,Retrieval,ret_13,1,7,615.6,584.5,2313,286,143
P17,Retrieval,ret_13,1,8,1009.1,236.0,2625,80,40
P17,Retrieval,ret_13,1,9,985.7,502.6,2738,350,175
P17,Retrieval,ret_13,1,10,1293.6,707.3,3132,310,155
P17,Retrieval,ret_13,1,11,1358.8,617.9,3481,280,140
P17,Retrieval,ret_13,1,12,1077.0,788.0,3794,352,176
P17,Retrieval,ret_13,1,13,1093.0,768.9,4172,266,133
P17,Retrieval,ret_13,1,14,1081.9,303.8,4504,246,123
P17,Retrieval,ret_14,1,1,1224.2,569.7,76,232,116
P17,Retrieval,ret_14,1,2,1167.1,589.2,351,420,210
P17,Retrieval,ret_14,1,3,1445.2,448.7,831,236,118
P17,Retrieval,ret_14,1,4,862.0,477.8,1121,214,107
P17,Retrieval,ret_14,1,5,1026.5,505.3,1366,294,147
P17,Retrieval,ret_14,1,6,1241.3,559.1,1705,304,152
P17,Retrieval,ret_14,1,7,1218.7,571.6,2068,302,151
P17,Retrieval,ret_14,1,8,1239.0,607.9,2428,258,129
P17,Retrieval,ret_14,1,9,537.3,920.0,2737,180,90
P17,Retrieval,ret_14,1,10,848.5,450.9,2951,436,218
P17,Retrieval,ret_14,1,11,1197.6,637.2,3448,272,136
P17,Retrieval,ret_14,1,12,762.9,503.1,3758,222,111
P17,Retrieval,ret_15,1,1,984.9,535.5,78,298,149
P17,Retrieval,ret_15,1,2,1287.7,827.0,423,350,175
P17,Retrieval,ret_15,1,3,1037.3,589.8,814,282,141
P17,Retrieval,ret_15,1,4,887.8,215.0,1150,254,127
P17,Retrieval,ret_15,1,5,1256.6,826.1,1472,266,133
P17,Retrieval,ret_15,1,6,1119.7,288.6,1787,338,169
P17,Retrieval,ret_15,1,7,1119.8,514.9,2159,212,106
P17,Retrieval,ret_15,1,8,1683.9,821.9,2432,308,154
P17,Retrieval,ret_15,1,9,1195.5,244.3,2771,216,108
P17,Retrieval,ret_15,1,10,1157.2,300.1,3039,422,211
P17,Retrieval,ret_15,1,11,1214.3,842.8,3487,428,214
P17,Retrieval,ret_15,1,12,1096.9,305.2,3957,422,211
P17,Retrieval,ret_16,1,1,1074.3,897.5,50,288,144
P17,Retrieval,ret_16,1,2,571.5,375.8,363,100,50
P17,Retrieval,ret_16,1,3,937.5,503.7,487,422,211
P17,Retrieval,ret_16,1,4,1004.0,353.3,948,376,188
P17,Retrieval,ret_16,1,5,944.2,594.8,1368,80,40
P17,Retrieval,ret_16,1,6,1142.7,274.6,1489,314,157
P17,Retrieval,ret_16,1,7,942.1,382.3,1866,326,163
P17,Retrieval,ret_16,1,8,681.6,315.9,2229,258,129
P17,Retrieval,ret_16,1,9,904.3,361.6,2520,348,174
P17,Retrieval,ret_16,1,10,948.2,834.1,2897,394,197
P17,Retrieval,ret_16,1,11,900.7,891.8,3356,342,171
P17,Retrieval,ret_16,1,12,645.7,372.1,3733,370,185
P17,Retrieval,ret_17,1,1,1404.8,673.2,55,458,229
P17,Retrieval,ret_17,1,2,1089.3,390.0,551,350,175
P17,Retrieval,ret_17,1,3,604.0,426.1,927,280,140
P17,Retrieval,ret_17,1,4,753.3,745.3,1250,176,88
P17,Retrieval,ret_17,1,5,1227.5,292.3,1458,276,138
P17,Retrieval,ret_17,1,6,1007.4,466.8,1787,252,126
P17,Retrieval,ret_17,1,7,465.4,545.4,2092,348,174
P17,Retrieval,ret_17,1,8,646.6,317.4,2501,228,114
P17,Retrieval,ret_17,1,9,1299.9,711.5,2756,460,230
P17,Retrieval,ret_17,1,10,985.2,584.2,3257,384,192
P17,Retrieval,ret_18,1,1,1225.3,672.8,62,400,200
P17,Retrieval,ret_18,1,2,1376.4,588.0,502,178,89
P17,Retrieval,ret_18,1,3,849.9,286.3,705,246,123
P17,Retrieval,ret_18,1,4,1397.0,693.3,993,342,171
P17,Retrieval,ret_18,1,5,1370.8,526.4,1399,242,121
P17,Retrieval,ret_18,1,6,841.0,294.3,1670,320,160
P17,Retrieval,ret_18,1,7,1270.8,680.9,2038,220,110
P17,Retrieval,ret_18,1,8,1162.2,820.1,2298,370,185
P17,Retrieval,ret_18,1,9,1326.6,703.4,2715,176,88
P17,Retrieval,ret_18,1,10,1738.5,986.1,2960,426,213
P17,Retrieval,ret_18,1,11,675.9,565.5,3452,300,150
P17,Retrieval,ret_18,1,12,924.1,634.6,3786,248,124
P17,Retrieval,ret_18,1,13,1202.1,685.8,4082,200,100
P17,Retrieval,ret_19,1,1,1080.8,477.5,74,228,114
P17,Retrieval,ret_19,1,2,655.3,263.8,342,314,157
P17,Retrieval,ret_19,1,3,1055.5,540.0,706,294,147
P17,Retrieval,ret_19,1,4,677.7,160.0,1029,266,133
P17,Retrieval,ret_19,1,5,939.7,534.3,1331,176,88
P17,Retrieval,ret_19,1,6,486.0,348.3,1555,428,214
P17,Retrieval,ret_19,1,7,562.5,464.2,2023,352,176
P17,Retrieval,ret_19,1,8,906.3,518.3,2415,418,209
P17,Retrieval,ret_19,1,9,1074.0,513.1,2883,402,201
P17,Retrieval,ret_19,1,10,1071.6,509.7,3316,340,170
P17,Retrieval,ret_19,1,11,1060.6,501.5,3713,184,92
P17,Retrieval,ret_19,1,12,633.4,383.7,3950,298,149
P17,Retrieval,ret_20,1,1,885.3,599.0,49,266,133
P17,Retrieval,ret_20,1,2,1042.1,516.3,350,366,183
P17,Retrieval,ret_20,1,3,1047.6,364.1,743,208,104
P17,Retrieval,ret_20,1,4,799.4,646.9,984,236,118
P17,Retrieval,ret_20,1,5,1054.0,310.3,1258,340,170
P17,Retrieval,ret_20,1,6,826.8,436.5,1637,120,60
P17,Retrieval,ret_20,1,7,1102.3,295.1,1788,426,213
P17,Retrieval,ret_20,1,8,35.5,835.0,2272,276,138
P17,Retrieval,ret_20,1,9,987.9,354.1,2615,388,194
P17,Retrieval,ret_20,1,10,846.5,422.3,3049,198,99
P17,Retrieval,ret_20,1,11,969.8,345.1,3272,260,130
P17,Retrieval,ret_20,1,12,989.3,309.4,3575,318,159
P17,Retrieval,ret_20,1,13,748.7,609.3,3928,266,133
P17,Retrieval,ret_20,1,14,736.0,710.4,4246,268,134
P17,Retrieval,ret_20,1,15,959.3,293.2,4566,448,224
P17,Retrieval,ret_20,1,16,1188.6,743.3,5055,328,164
P17,Retrieval,ret_20,1,17,783.0,428.4,5429,256,128
P17,Retrieval,ret_20,1,18,1178.0,756.4,5721,222,111
P18,Encoding,enc_01,1,1,1356.8,740.9,74,390,195
P18,Encoding,enc_01,1,2,605.4,290.8,500,376,188
P18,Encoding,enc_01,1,3,605.3,549.5,926,306,153
P18,Encoding,enc_01,1,4,580.8,257.3,1277,202,101
P18,Encoding,enc_01,1,5,1097.7,692.3,1526,230,115
P18,Encoding,enc_01,1,6,1120.4,357.2,1813,520,260
P18,Encoding,enc_01,1,7,822.4,735.0,2367,442,221
P18,Encoding,enc_01,1,8,631.0,268.6,2836,280,140
P18,Encoding,enc_01,1,9,560.5,273.2,3146,292,146
P18,Encoding,enc_01,1,10,596.1,511.7,3465,196,98
P18,Encoding,enc_01,1,11,585.8,294.4,3708,512,256
P18,Encoding,enc_01,1,12,1108.5,777.4,4260,432,216
P18,Encoding,enc_01,1,13,1088.0,719.7,4724,210,105
P18,Encoding,enc_02,1,1,569.3,784.7,114,314,157
P18,Encoding,enc_02,1,2,835.7,431.5,463,262,131
P18,Encoding,enc_02,1,3,1876.2,727.1,766,376,188
P18,Encoding,enc_02,1,4,1211.9,681.9,1183,390,195
P18,Encoding,enc_02,1,5,1210.1,466.8,1619,374,187
P18,Encoding,enc_02,1,6,923.8,496.7,2025,170,85
P18,Encoding,enc_02,1,7,777.3,799.8,2219,212,106
P18,Encoding,enc_02,1,8,878.1,445.4,2463,292,146
P18,Encoding,enc_02,1,9,1208.7,281.3,2800,318,159
P18,Encoding,enc_02,1,10,1096.3,345.9,3146,312,156
P18,Encoding,enc_02,1,11,919.7,424.0,3492,218,109
P18,Encoding,enc_02,1,12,866.4,390.1,3734,356,178
P18,Encoding,enc_03,1,1,737.1,328.4,113,206,103
P18,Encoding,enc_03,1,2,988.9,503.4,348,392,196
P18,Encoding,enc_03,1,3,893.8,761.4,797,360,180
P18,Encoding,enc_03,1,4,906.1,789.4,1205,318,159
P18,Encoding,enc_03,1,5,593.0,304.8,1584,260,130
P18,Encoding,enc_03,1,6,1121.9,843.0,1910,444,222
P18,Encoding,enc_03,1,7,1096.4,1017.4,2422,310,155
P18,Encoding,enc_03,1,8,582.3,363.5,2757,314,157
P18,Encoding,enc_03,1,9,906.7,765.8,3107,192,96
P18,Encoding,enc_03,1,10,1135.0,837.3,3334,202,101
P18,Encoding,enc_03,1,11,915.0,754.7,3578,332,166
P18,Encoding,enc_03,1,12,1114.5,812.7,3959,210,105
P18,Encoding,enc_04,1,1,864.9,676.9,91,326,163
P18,Encoding,enc_04,1,2,1323.3,734.3,445,302,151
P18,Encoding,enc_04,1,3,754.3,402.0,797,292,146
P18,Encoding,enc_04,1,4,949.9,571.0,1138,212,106
P18,Encoding,enc_04,1,5,1313.5,703.8,1419,288,144
P18,Encoding,enc_04,1,6,692.8,396.9,1748,312,156
P18,Encoding,enc_04,1,7,1291.5,812.4,2094,286,143
P18,Encoding,enc_04,1,8,938.2,562.0,2415,346,173
P18,Encoding,enc_04,1,9,1015.0,264.3,2828,282,141
P18,Encoding,enc_04,1,10,767.0,412.1,3135,320,160
P18,Encoding,enc_04,1,11,1348.7,730.9,3495,236,118
P18,Encoding,enc_04,1,12,981.7,258.5,3766,212,106
P18,Encoding,enc_04,1,13,1729.4,914.5,4027,464,232
P18,Encoding,enc_05,1,1,575.3,691.6,65,336,168
P18,Encoding,enc_05,1,2,1239.2,346.2,462,490,245
P18,Encoding,enc_05,1,3,1230.8,354.0,1016,214,107
P18,Encoding,enc_05,1,4,1240.7,338.9,1297,320,160
P18,Encoding,enc_05,1,5,1182.7,333.3,1651,200,100
P18,Encoding,enc_05,1,6,599.5,661.1,1882,348,174
P18,Encoding,enc_05,1,7,956.5,289.8,2298,444,222
P18,Encoding,enc_05,1,8,1059.9,277.2,2792,344,172
P18,Encoding,enc_05,1,9,570.5,663.2,3199,282,141
P18,Encoding,enc_06,1,1,931.7,424.8,92,256,128
P18,Encoding,enc_06,1,2,541.5,427.6,415,296,148
P18,Encoding,enc_06,1,3,986.2,424.5,739,388,194
P18,Encoding,enc_06,1,4,860.6,397.2,1196,452,226
P18,Encoding,enc_06,1,5,1170.5,775.4,1687,192,96
P18,Encoding,enc_06,1,6,504.8,406.8,1908,320,160
P18,Encoding,enc_06,1,7,963.0,426.4,2283,214,107
P18,Encoding,enc_06,1,8,799.9,507.3,2522,144,72
P18,Encoding,enc_06,1,9,854.2,444.1,2706,258,129
P18,Encoding,enc_06,1,10,911.4,461.8,3018,300,150
P18,Encoding,enc_06,1,11,1358.8,469.5,3369,180,90
P18,Encoding,enc_07,1,1,1130.8,301.7,102,320,160
P18,Encoding,enc_07,1,2,1150.0,270.6,463,318,159
P18,Encoding,enc_07,1,3,1077.5,699.9,831,378,189
P18,Encoding,enc_07,1,4,937.4,628.1,1268,366,183
P18,Encoding,enc_07,1,5,1120.9,244.2,1686,288,144
P18,Encoding,enc_07,1,6,1323.2,467.6,2016,192,96
P18,Encoding,enc_07,1,7,486.8,638.2,2235,306,153
P18,Encoding,enc_07,1,8,687.4,318.5,2609,378,189
P18,Encoding,enc_07,1,9,1311.8,724.7,3036,80,40
P18,Encoding,enc_07,1,10,958.9,598.4,3156,280,140
P18,Encoding,enc_07,1,11,1187.3,300.2,3460,112,56
P18,Encoding,enc_07,1,12,1207.5,265.5,3597,314,157
P18,Encoding,enc_07,1,13,997.8,599.0,3974,308,154
P18,Encoding,enc_07,1,14,1036.6,225.2,4323,366,183
P18,Encoding,enc_07,1,15,1216.7,253.6,4749,242,121
P18,Encoding,enc_08,1,1,941.9,542.9,89,386,193
P18,Encoding,enc_08,1,2,518.1,578.1,514,290,145
P18,Encoding,enc_08,1,3,49.0,556.1,840,388,194
P18,Encoding,enc_08,1,4,1222.9,902.7,1257,336,168
P18,Encoding,enc_08,1,5,782.2,348.6,1652,394,197
P18,Encoding,enc_08,1,6,922.4,518.9,2096,192,96
P18,Encoding,enc_08,1,7,508.6,411.0,2357,136,68
P18,Encoding,enc_08,1,8,949.9,579.7,2542,186,93
P18,Encoding,enc_08,1,9,569.0,555.1,2775,356,178
P18,Encoding,enc_08,1,10,954.6,501.6,3162,118,59
P18,Encoding,enc_08,1,11,580.7,604.3,3305,320,160
P18,Encoding,enc_08,1,12,816.6,374.7,3650,252,126
P18,Encoding,enc_08,1,13,926.4,506.8,3946,356,178
P18,Encoding,enc_08,1,14,1681.7,342.0,4330,258,129
P18,Encoding,enc_08,1,15,932.0,500.1,4638,148,74
P18,Encoding,enc_09,1,1,1449.9,501.5,116,326,163
P18,Encoding,enc_09,1,2,1009.7,358.1,492,178,89
P18,Encoding,enc_09,1,3,806.2,512.7,733,254,127
P18,Encoding,enc_09,1,4,403.0,876.9,1022,126,63
P18,Encoding,enc_09,1,5,1070.7,352.6,1175,352,176
P18,Encoding,enc_09,1,6,964.0,689.0,1554,354,177
P18,Encoding,enc_09,1,7,1074.0,413.5,1958,248,124
P18,Encoding,enc_09,1,8,742.6,705.8,2235,356,178
P18,Encoding,enc_10,1,1,1117.5,469.5,72,92,46
P18,Encoding,enc_10,1,2,695.6,638.7,201,188,94
P18,Encoding,enc_10,1,3,726.4,617.1,448,342,171
P18,Encoding,enc_10,1,4,733.1,622.6,822,330,165
P18,Encoding,enc_10,1,5,1100.7,472.4,1178,338,169
P18,Encoding,enc_10,1,6,542.9,491.9,1562,226,113
P18,Encoding,enc_10,1,7,731.4,629.1,1823,294,147
P18,Encoding,enc_10,1,8,758.0,624.0,2162,280,140
P18,Encoding,enc_10,1,9,672.4,205.8,2483,142,71
P18,Encoding,enc_10,1,10,809.8,317.9,2688,260,130
P18,Encoding,enc_10,1,11,1132.0,418.4,3011,346,173
P18,Encoding,enc_10,1,12,1088.8,636.0,3394,308,154
P18,Encoding,enc_10,1,13,634.5,613.7,3746,170,85
P18,Encoding,enc_10,1,14,550.9,504.0,3955,224,112
P18,Encoding,enc_10,1,15,1114.9,483.7,4214,292,146
P18,Encoding,enc_10,1,16,1168.8,512.8,4555,224,112
P18,Encoding,enc_10,1,17,1377.8,508.9,4804,270,135
P18,Encoding,enc_11,1,1,991.3,579.5,60,176,88
P18,Encoding,enc_11,1,2,836.7,357.2,281,390,195
P18,Encoding,enc_11,1,3,589.2,231.6,708,310,155
P18,Encoding,enc_11,1,4,845.5,267.7,1080,116,58
P18,Encoding,enc_11,1,5,865.0,268.6,1233,330,165
P18,Encoding,enc_11,1,6,874.2,365.7,1594,174,87
P18,Encoding,enc_11,1,7,987.6,572.0,1831,216,108
P18,Encoding,enc_11,1,8,882.6,597.8,2094,246,123
P18,Encoding,enc_11,1,9,1030.4,507.6,2388,286,143
P18,Encoding,enc_11,1,10,838.3,375.1,2741,252,126
P18,Encoding,enc_11,1,11,850.0,345.7,3044,342,171
P18,Encoding,enc_11,1,12,993.4,627.4,3413,284,142
P18,Encoding,enc_13,1,1,945.1,444.1,97,368,184
P18,Encoding,enc_13,1,2,565.2,388.6,513,314,157
P18,Encoding,enc_13,1,3,1248.5,759.5,861,174,87
P18,Encoding,enc_13,1,4,481.3,392.7,1084,428,214
P18,Encoding,enc_13,1,5,852.1,620.2,1550,218,109
P18,Encoding,enc_13,1,6,941.1,455.7,1837,214,107
P18,Encoding,enc_13,1,7,1745.3,110.7,2079,364,182
P18,Encoding,enc_13,1,8,241.3,1046.1,2497,438,219
P18,Encoding,enc_13,1,9,828.0,454.8,2969,188,94
P18,Encoding,enc_13,1,10,956.2,441.7,3221,428,214
P18,Encoding,enc_13,1,11,606.0,390.9,3695,420,210
P18,Encoding,enc_13,1,12,1232.8,481.9,4144,230,115
P18,Encoding,enc_14,1,1,1034.0,365.9,69,240,120
P18,Encoding,enc_14,1,2,1097.0,388.0,335,256,128
P18,Encoding,enc_14,1,3,751.5,812.1,635,234,117
P18,Encoding,enc_14,1,4,1273.0,584.1,927,298,149
P18,Encoding,enc_14,1,5,1110.6,717.2,1284,192,96
P18,Encoding,enc_14,1,6,1239.8,589.5,1525,372,186
P18,Encoding,enc_14,1,7,1327.0,517.0,1964,332,166
P18,Encoding,enc_14,1,8,769.4,327.8,2356,344,172
P18,Encoding,enc_14,1,9,1230.4,572.7,2758,196,98
P18,Encoding,enc_14,1,10,1279.7,557.4,3005,440,220
P18,Encoding,enc_14,1,11,1079.6,354.8,3471,174,87
P18,Encoding,enc_14,1,12,946.2,659.1,3669,312,156
P18,Encoding,enc_14,1,13,910.1,688.9,4021,276,138
P18,Encoding,enc_14,1,14,964.3,672.4,4346,202,101
P18,Encoding,enc_14,1,15,1258.9,576.8,4613,322,161
P18,Encoding,enc_15,1,1,1096.9,245.5,64,370,185
P18,Encoding,enc_15,1,2,725.0,44.4,490,228,114
P18,Encoding,enc_15,1,3,1138.6,252.6,774,360,180
P18,Encoding,enc_15,1,4,746.8,619.9,1178,154,77
P18,Encoding,enc_15,1,5,1198.5,246.6,1370,304,152
P18,Encoding,enc_15,1,6,1116.1,264.7,1715,326,163
P18,Encoding,enc_15,1,7,1183.1,282.0,2069,420,210
P18,Encoding,enc_15,1,8,1181.8,257.3,2521,172,86
P18,Encoding,enc_15,1,9,1121.5,283.8,2760,434,217
P18,Encoding,enc_15,1,10,1151.6,515.2,3220,230,115
P18,Encoding,enc_15,1,11,797.0,458.6,3478,250,125
P18,Encoding,enc_15,1,12,1142.6,296.7,3769,216,108
P18,Encoding,enc_15,1,13,718.2,625.0,4041,254,127
P18,Encoding,enc_15,1,14,1210.8,503.9,4349,378,189
P18,Encoding,enc_15,1,15,1179.6,256.8,4754,366,183
P18,Encoding,enc_15,1,16,1156.7,238.7,5186,336,168
P18,Encoding,enc_16,1,1,586.5,384.7,69,260,130
P18,Encoding,enc_16,1,2,229.8,886.8,355,416,208
P18,Encoding,enc_16,1,3,645.5,385.9,824,134,67
P18,Encoding,enc_16,1,4,1140.5,547.2,1014,228,114
P18,Encoding,enc_16,1,5,1140.6,484.4,1302,206,103
P18,Encoding,enc_16,1,6,1195.2,383.6,1568,340,170
P18,Encoding,enc_16,1,7,609.2,385.6,1967,342,171
P18,Encoding,enc_16,1,8,1132.6,519.6,2367,326,163
P18,Encoding,enc_16,1,9,1166.8,541.0,2717,374,187
P18,Encoding,enc_16,1,10,573.8,379.8,3141,232,116
P18,Encoding,enc_16,1,11,797.3,564.8,3434,234,117
P18,Encoding,enc_16,1,12,566.9,394.2,3702,368,184
P18,Encoding,enc_16,1,13,1153.7,506.7,4130,264,132
P18,Encoding,enc_16,1,14,1102.7,360.3,4420,436,218
P18,Encoding,enc_17,1,1,1181.6,609.2,45,166,83
P18,Encoding,enc_17,1,2,1135.1,363.3,257,202,101
P18,Encoding,enc_17,1,3,796.7,642.8,525,326,163
P18,Encoding,enc_17,1,4,877.9,671.9,888,300,150
P18,Encoding,enc_17,1,5,1128.9,397.8,1218,426,213
P18,Encoding,enc_17,1,6,887.7,650.0,1686,380,190
P18,Encoding,enc_17,1,7,1179.8,372.2,2101,374,187
P18,Encoding,enc_17,1,8,1153.7,363.3,2530,368,184
P18,Encoding,enc_17,1,9,873.0,706.0,2959,216,108
P18,Encoding,enc_17,1,10,776.7,459.8,3214,252,126
P18,Encoding,enc_17,1,11,1200.6,618.0,3507,242,121
P18,Encoding,enc_17,1,12,667.6,554.0,3784,230,115
P18,Encoding,enc_17,1,13,907.2,708.4,4054,334,167
P18,Encoding,enc_17,1,14,1155.0,656.8,4419,252,126
P18,Encoding,enc_18,1,1,625.1,681.8,108,320,160
P18,Encoding,enc_18,1,2,567.6,684.5,477,176,88
P18,Encoding,enc_18,1,3,1366.6,706.1,695,170,85
P18,Encoding,enc_18,1,4,1104.2,303.0,905,286,143
P18,Encoding,enc_18,1,5,1097.5,316.5,1251,236,118
P18,Encoding,enc_18,1,6,1354.3,765.3,1520,396,198
P18,Encoding,enc_18,1,7,621.5,683.9,1946,242,121
P18,Encoding,enc_18,1,8,540.5,840.5,2223,322,161
P18,Encoding,enc_18,1,9,639.8,664.8,2609,338,169
P18,Encoding,enc_18,1,10,1361.5,636.8,3000,368,184
P18,Encoding,enc_18,1,11,1316.2,210.6,3418,442,221
P18,Encoding,enc_18,1,12,1380.8,719.5,3899,162,81
P18,Encoding,enc_18,1,13,1144.3,288.5,4123,188,94
P18,Encoding,enc_19,1,1,1066.6,789.6,61,368,184
P18,Encoding,enc_19,1,2,1059.0,772.5,460,222,111
P18,Encoding,enc_19,1,3,884.1,401.1,743,394,197
P18,Encoding,enc_19,1,4,1092.6,760.5,1199,186,93
P18,Encoding,enc_19,1,5,1057.6,751.4,1409,272,136
P18,Encoding,enc_19,1,6,1385.9,274.0,1718,360,180
P18,Encoding,enc_19,1,7,710.8,765.3,2103,220,110
P18,Encoding,enc_19,1,8,922.2,636.4,2360,312,156
P18,Encoding,enc_19,1,9,655.7,751.9,2714,426,213
P18,Encoding,enc_19,1,10,870.0,374.2,3191,352,176
P18,Encoding,enc_19,1,11,1055.0,779.5,3600,302,151
P18,Encoding,enc_19,1,12,1330.6,264.8,3969,240,120
P18,Encoding,enc_19,1,13,1357.9,276.0,4259,180,90
P18,Encoding,enc_19,1,14,657.2,747.3,4493,356,178
P18,Encoding,enc_19,1,15,888.6,429.5,4890,186,93
P18,Encoding,enc_19,1,16,987.1,786.0,5102,332,166
P18,Encoding,enc_20,1,1,779.3,464.4,61,282,141
P18,Encoding,enc_20,1,2,698.7,829.9,372,148,74
P18,Encoding,enc_20,1,3,796.4,433.5,544,352,176
P18,Encoding,enc_20,1,4,895.0,896.7,935,194,97
P18,Encoding,enc_20,1,5,893.3,780.3,1163,242,121
P18,Encoding,enc_20,1,6,1215.6,319.9,1448,264,132
P18,Encoding,enc_20,1,7,493.2,725.0,1771,210,105
P18,Encoding,enc_20,1,8,801.2,456.8,2011,188,94
P18,Encoding,enc_20,1,9,1272.4,554.8,2223,388,194
P18,Encoding,enc_20,1,10,777.7,430.7,2675,340,170
P18,Encoding,enc_20,1,11,1306.9,603.1,3077,80,40
P18,Encoding,enc_20,1,12,1199.0,273.1,3191,158,79
P18,Encoding,enc_20,1,13,796.9,468.2,3403,238,119
P18,Retrieval,ret_01,1,1,619.4,211.0,116,288,144
P18,Retrieval,ret_01,1,2,607.2,318.8,459,310,155
P18,Retrieval,ret_01,1,3,991.3,583.7,838,238,119
P18,Retrieval,ret_01,1,4,971.7,599.6,1134,178,89
P18,Retrieval,ret_01,1,5,1120.3,745.6,1381,302,151
P18,Retrieval,ret_01,1,6,880.9,562.1,1709,244,122
P18,Retrieval,ret_01,1,7,570.0,277.6,1997,240,120
P18,Retrieval,ret_01,1,8,948.4,576.7,2283,246,123
P18,Retrieval,ret_01,1,9,494.5,548.7,2579,146,73
P18,Retrieval,ret_01,1,10,577.3,237.2,2754,356,178
P18,Retrieval,ret_01,1,11,1044.8,719.2,3168,246,123
P18,Retrieval,ret_01,1,12,597.2,283.4,3448,228,114
P18,Retrieval,ret_01,1,13,591.2,295.2,3728,348,174
P18,Retrieval,ret_01,1,14,605.7,290.7,4138,208,104
P18,Retrieval,ret_02,1,1,912.0,466.5,117,394,197
P18,Retrieval,ret_02,1,2,961.1,609.7,564,332,166
P18,Retrieval,ret_02,1,3,589.4,574.3,922,322,161
P18,Retrieval,ret_02,1,4,529.0,398.0,1293,436,218
P18,Retrieval,ret_02,1,5,946.9,625.5,1753,288,144
P18,Retrieval,ret_02,1,6,842.4,523.9,2110,254,127
P18,Retrieval,ret_02,1,7,534.9,382.0,2395,272,136
P18,Retrieval,ret_02,1,8,782.3,613.9,2723,278,139
P18,Retrieval,ret_02,1,9,483.5,376.9,3057,80,40
P18,Retrieval,ret_02,1,10,957.4,552.0,3206,172,86
P18,Retrieval,ret_02,1,11,1003.8,496.5,3427,200,100
P18,Retrieval,ret_02,1,12,933.3,555.4,3652,272,136
P18,Retrieval,ret_02,1,13,563.4,579.0,3960,278,139
P18,Retrieval,ret_03,1,1,698.1,582.6,55,322,161
P18,Retrieval,ret_03,1,2,1084.7,265.9,421,242,121
P18,Retrieval,ret_03,1,3,741.1,655.8,703,354,177
P18,Retrieval,ret_03,1,4,1284.5,468.7,1123,342,171
P18,Retrieval,ret_03,1,5,1053.8,218.2,1507,186,93
P18,Retrieval,ret_03,1,6,1105.1,263.7,1751,316,158
P18,Retrieval,ret_03,1,7,746.5,413.8,2132,310,155
P18,Retrieval,ret_03,1,8,1111.9,549.3,2472,318,159
P18,Retrieval,ret_03,1,9,1151.7,270.1,2826,318,159
P18,Retrieval,ret_03,1,10,960.3,492.8,3173,272,136
P18,Retrieval,ret_03,1,11,1230.6,295.1,3482,344,172
P18,Retrieval,ret_03,1,12,1162.9,302.4,3863,280,140
P18,Retrieval,ret_03,1,13,803.8,486.1,4175,350,175
P18,Retrieval,ret_03,1,14,1129.2,305.1,4575,206,103
P18,Retrieval,ret_03,1,15,1157.5,471.8,4843,342,171
P18,Retrieval,ret_03,1,16,1097.8,361.6,5247,372,186
P18,Retrieval,ret_04,1,1,983.2,518.3,68,214,107
P18,Retrieval,ret_04,1,2,805.4,730.9,327,102,51
P18,Retrieval,ret_04,1,3,967.5,522.1,497,174,87
P18,Retrieval,ret_04,1,4,820.1,399.9,712,328,164
P18,Retrieval,ret_04,1,5,1206.0,528.3,1077,280,140
P18,Retrieval,ret_04,1,6,1025.2,502.3,1416,204,102
P18,Retrieval,ret_04,1,7,1181.0,264.6,1660,286,143
P18,Retrieval,ret_04,1,8,1203.7,317.1,1995,356,178
P18,Retrieval,ret_04,1,9,973.2,545.4,2376,118,59
P18,Retrieval,ret_04,1,10,859.1,392.1,2539,370,185
P18,Retrieval,ret_04,1,11,1204.3,290.4,2949,182,91
P18,Retrieval,ret_04,1,12,880.4,360.1,3177,182,91
P18,Retrieval,ret_04,1,13,918.7,577.1,3402,374,187
P18,Retrieval,ret_04,1,14,799.5,425.4,3835,230,115
P18,Retrieval,ret_04,1,15,1103.3,349.7,4133,344,172
P18,Retrieval,ret_04,1,16,1224.4,648.3,4529,416,208
P18,Retrieval,ret_05,1,1,869.8,999.1,62,252,126
P18,Retrieval,ret_05,1,2,1074.0,369.3,357,130,65
P18,Retrieval,ret_05,1,3,934.1,534.2,513,200,100
P18,Retrieval,ret_05,1,4,978.7,505.6,771,178,89
P18,Retrieval,ret_05,1,5,788.9,535.6,1003,416,208
P18,Retrieval,ret_05,1,6,799.1,505.7,1485,380,190
P18,Retrieval,ret_05,1,7,940.6,533.8,1889,348,174
P18,Retrieval,ret_05,1,8,1119.8,414.7,2262,360,180
P18,Retrieval,ret_05,1,9,889.3,671.4,2673,222,111
P18,Retrieval,ret_05,1,10,734.5,761.2,2922,276,138
P18,Retrieval,ret_05,1,11,976.4,687.2,3233,276,138
P18,Retrieval,ret_05,1,12,882.8,554.7,3543,484,242
P18,Retrieval,ret_05,1,13,953.8,552.1,4075,308,154
P18,Retrieval,ret_05,1,14,1089.6,384.8,4445,136,68
P18,Retrieval,ret_06,1,1,603.2,351.7,76,292,146
P18,Retrieval,ret_06,1,2,563.3,346.7,434,268,134
P18,Retrieval,ret_06,1,3,609.0,261.9,750,336,168
P18,Retrieval,ret_06,1,4,1188.2,545.7,1141,214,107
P18,Retrieval,ret_06,1,5,594.3,445.8,1399,396,198
P18,Retrieval,ret_06,1,6,1777.9,1050.9,1847,346,173
P18,Retrieval,ret_06,1,7,1182.7,538.9,2228,88,44
P18,Retrieval,ret_06,1,8,616.1,393.0,2382,286,143
P18,Retrieval,ret_06,1,9,601.5,325.5,2707,218,109
P18,Retrieval,ret_06,1,10,1147.7,422.3,2972,250,125
P18,Retrieval,ret_07,1,1,1060.0,451.8,105,314,157
P18,Retrieval,ret_07,1,2,928.7,774.6,480,326,163
P18,Retrieval,ret_07,1,3,580.5,381.6,845,192,96
P18,Retrieval,ret_07,1,4,1096.9,832.7,1088,164,82
P18,Retrieval,ret_07,1,5,557.8,398.3,1284,268,134
P18,Retrieval,ret_07,1,6,601.7,426.4,1587,138,69
P18,Retrieval,ret_07,1,7,1415.4,478.7,1760,214,107
P18,Retrieval,ret_07,1,8,565.5,361.1,2013,214,107
P18,Retrieval,ret_07,1,9,762.2,303.8,2257,274,137
P18,Retrieval,ret_07,1,10,948.7,553.3,2557,314,157
P18,Retrieval,ret_07,1,11,903.0,799.4,2932,376,188
P18,Retrieval,ret_07,1,12,1163.4,788.3,3375,158,79
P18,Retrieval,ret_07,1,13,868.0,825.3,3562,158,79
P18,Retrieval,ret_07,1,14,559.5,301.9,3750,80,40
P18,Retrieval,ret_07,1,15,904.2,753.8,3890,218,109
P18,Retrieval,ret_08,1,1,901.3,502.5,98,268,134
P18,Retrieval,ret_08,1,2,733.9,601.3,400,256,128
P18,Retrieval,ret_08,1,3,954.2,529.6,699,272,136
P18,Retrieval,ret_08,1,4,1106.3,462.0,1028,446,223
P18,Retrieval,ret_08,1,5,481.8,597.9,1506,196,98
P18,Retrieval,ret_08,1,6,1174.5,477.9,1767,306,153
P18,Retrieval,ret_08,1,7,1091.9,496.9,2120,230,115
P18,Retrieval,ret_08,1,8,1258.3,635.9,2386,522,261
P18,Retrieval,ret_08,1,9,666.5,296.1,2970,350,175
P18,Retrieval,ret_08,1,10,655.4,636.0,3384,220,110
P18,Retrieval,ret_08,1,11,1318.7,821.3,3651,288,144
P18,Retrieval,ret_08,1,12,936.0,561.0,3964,204,102
P18,Retrieval,ret_08,1,13,1015.5,573.0,4224,118,59
P18,Retrieval,ret_08,1,14,1015.7,465.0,4379,206,103
P18,Retrieval,ret_09,1,1,871.2,714.2,81,352,176
P18,Retrieval,ret_09,1,2,1178.8,608.9,484,326,163
P18,Retrieval,ret_09,1,3,790.6,614.0,867,288,144
P18,Retrieval,ret_09,1,4,1156.7,651.0,1209,324,162
P18,Retrieval,ret_09,1,5,1082.8,388.9,1587,372,186
P18,Retrieval,ret_09,1,6,1143.5,605.4,2015,80,40
P18,Retrieval,ret_09,1,7,1168.1,593.5,2126,156,78
P18,Retrieval,ret_09,1,8,1191.3,399.9,2321,222,111
P18,Retrieval,ret_09,1,9,973.7,350.0,2568,250,125
P18,Retrieval,ret_09,1,10,960.1,609.1,2876,324,162
P18,Retrieval,ret_09,1,11,1027.6,559.2,3246,210,105
P18,Retrieval,ret_09,1,12,1123.5,383.2,3497,310,155
P18,Retrieval,ret_09,1,13,914.2,633.3,3844,190,95
P18,Retrieval,ret_10,1,1,607.2,908.8,116,236,118
P18,Retrieval,ret_10,1,2,1319.2,720.4,390,228,114
P18,Retrieval,ret_10,1,3,1021.8,462.1,686,382,191
P18,Retrieval,ret_10,1,4,809.5,856.3,1114,330,165
P18,Retrieval,ret_10,1,5,930.5,574.6,1475,94,47
P18,Retrieval,ret_10,1,6,1221.6,512.9,1608,214,107
P18,Retrieval,ret_10,1,7,731.2,710.8,1850,302,151
P18,Retrieval,ret_10,1,8,1280.1,686.1,2180,438,219
P18,Retrieval,ret_10,1,9,1325.2,730.2,2649,332,166
P18,Retrieval,ret_10,1,10,624.9,801.7,3006,400,200
P18,Retrieval,ret_10,1,11,1094.4,463.2,3441,252,126
P18,Retrieval,ret_10,1,12,569.6,577.3,3726,354,177
P18,Retrieval,ret_10,1,13,1254.9,327.7,4131,410,205
P18,Retrieval,ret_10,1,14,496.7,240.6,4581,434,217
P18,Retrieval,ret_11,1,1,1006.6,684.3,77,354,177
P18,Retrieval,ret_11,1,2,871.6,640.7,490,258,129
P18,Retrieval,ret_11,1,3,996.3,552.9,810,152,76
P18,Retrieval,ret_11,1,4,971.6,625.1,994,176,88
P18,Retrieval,ret_11,1,5,902.0,358.1,1237,254,127
P18,Retrieval,ret_11,1,6,936.4,297.6,1528,252,126
P18,Retrieval,ret_11,1,7,1016.2,567.5,1831,298,149
P18,Retrieval,ret_11,1,8,811.4,382.8,2194,248,124
P18,Retrieval,ret_11,1,9,1039.4,588.0,2506,326,163
P18,Retrieval,ret_11,1,10,826.4,339.7,2863,362,181
P18,Retrieval,ret_11,1,11,923.8,532.5,3277,80,40
P18,Retrieval,ret_11,1,12,1022.8,569.5,3416,80,40
P18,Retrieval,ret_11,1,13,1002.7,754.9,3558,210,105
P18,Retrieval,ret_11,1,14,989.1,679.8,3794,326,163
P18,Retrieval,ret_12,1,1,940.6,581.3,44,290,145
P18,Retrieval,ret_12,1,2,629.4,593.9,363,146,73
P18,Retrieval,ret_12,1,3,917.6,574.4,553,278,139
P18,Retrieval,ret_12,1,4,493.4,869.9,900,222,111
P18,Retrieval,ret_12,1,5,1397.6,631.8,1169,244,122
P18,Retrieval,ret_12,1,6,585.7,861.4,1478,202,101
P18,Retrieval,ret_12,1,7,1350.9,788.3,1728,306,153
P18,Retrieval,ret_12,1,8,987.4,503.7,2067,286,143
P18,Retrieval,ret_12,1,9,1114.6,272.8,2391,402,201
P18,Retrieval,ret_12,1,10,1002.1,532.7,2840,340,170
P18,Retrieval,ret_12,1,11,613.3,725.7,3227,316,158
P18,Retrieval,ret_12,1,12,1071.4,305.3,3596,320,160
P18,Retrieval,ret_12,1,13,595.3,696.3,3964,326,163
P18,Retrieval,ret_12,1,14,920.8,507.1,4327,288,144
P18,Retrieval,ret_12,1,15,958.4,626.8,4655,462,231
P18,Retrieval,ret_13,1,1,1224.5,346.9,47,364,182
P18,Retrieval,ret_13,1,2,1234.4,374.6,441,164,82
P18,Retrieval,ret_13,1,3,1073.3,519.1,659,290,145
P18,Retrieval,ret_13,1,4,1296.3,328.8,1017,330,165
P18,Retrieval,ret_13,1,5,997.2,464.6,1411,306,153
P18,Retrieval,ret_13,1,6,1030.8,256.8,1759,226,113
P18,Retrieval,ret_13,1,7,975.4,523.3,2026,358,179
P18,Retrieval,ret_13,1,8,1040.0,222.6,2444,344,172
P18,Retrieval,ret_13,1,9,1179.0,311.6,2827,300,150
P18,Retrieval,ret_13,1,10,1093.8,241.3,3191,338,169
P18,Retrieval,ret_13,1,11,1257.0,337.9,3557,390,195
P18,Retrieval,ret_13,1,12,525.1,671.7,3978,314,157
P18,Retrieval,ret_13,1,13,883.7,265.3,4349,174,87
P18,Retrieval,ret_13,1,14,584.0,693.8,4575,324,162
P18,Retrieval,ret_13,1,15,1208.1,336.7,4964,212,106
P18,Retrieval,ret_13,1,16,1205.3,300.2,5231,348,174
P18,Retrieval,ret_14,1,1,989.4,523.1,40,80,40
P18,Retrieval,ret_14,1,2,899.5,509.1,151,328,164
P18,Retrieval,ret_14,1,3,1009.9,539.7,511,200,100
P18,Retrieval,ret_14,1,4,906.8,532.6,757,196,98
P18,Retrieval,ret_14,1,5,1024.7,564.7,982,288,144
P18,Retrieval,ret_14,1,6,998.4,573.0,1333,356,178
P18,Retrieval,ret_14,1,7,1220.7,1014.3,1750,160,80
P18,Retrieval,ret_14,1,8,1022.3,522.8,1959,364,182
P18,Retrieval,ret_14,1,9,107.6,295.4,2360,340,170
P18,Retrieval,ret_14,1,10,976.5,530.5,2764,242,121
P18,Retrieval,ret_15,1,1,991.5,498.5,71,314,157
P18,Retrieval,ret_15,1,2,1039.8,500.9,419,438,219
P18,Retrieval,ret_15,1,3,1074.5,741.6,885,310,155
P18,Retrieval,ret_15,1,4,911.7,578.0,1255,286,143
P18,Retrieval,ret_15,1,5,1095.7,869.7,1599,252,126
P18,Retrieval,ret_15,1,6,885.0,630.9,1905,282,141
P18,Retrieval,ret_15,1,7,1015.3,798.9,2245,306,153
P18,Retrieval,ret_15,1,8,962.5,590.0,2612,188,94
P18,Retrieval,ret_15,1,9,1005.1,729.7,2859,290,145
P18,Retrieval,ret_15,1,10,890.7,400.0,3187,202,101
P18,Retrieval,ret_15,1,11,878.5,391.9,3451,306,153
P18,Retrieval,ret_15,1,12,969.8,787.4,3802,298,149
P18,Retrieval,ret_16,1,1,519.2,424.5,68,252,126
P18,Retrieval,ret_16,1,2,1359.6,467.6,388,428,214
P18,Retrieval,ret_16,1,3,1008.1,423.6,878,218,109
P18,Retrieval,ret_16,1,4,527.2,417.4,1159,280,140
P18,Retrieval,ret_16,1,5,976.4,397.2,1502,314,157
P18,Retrieval,ret_16,1,6,979.6,413.2,1842,332,166
P18,Retrieval,ret_16,1,7,991.0,458.1,2236,252,126
P18,Retrieval,ret_16,1,8,758.6,509.3,2538,482,241
P18,Retrieval,ret_16,1,9,945.2,556.6,3081,256,128
P18,Retrieval,ret_16,1,10,946.8,370.0,3362,298,149
P18,Retrieval,ret_16,1,11,989.9,454.5,3692,364,182
P18,Retrieval,ret_16,1,12,908.0,570.1,4098,220,110
P18,Retrieval,ret_16,1,13,565.5,398.6,4347,274,137
P18,Retrieval,ret_16,1,14,954.0,438.4,4665,234,117
P18,Retrieval,ret_17,1,1,1211.2,351.3,78,388,194
P18,Retrieval,ret_17,1,2,1287.8,793.6,515,388,194
P18,Retrieval,ret_17,1,3,869.0,690.0,954,400,200
P18,Retrieval,ret_17,1,4,1329.5,799.4,1407,386,193
P18,Retrieval,ret_17,1,5,875.9,428.5,1841,326,163
P18,Retrieval,ret_17,1,6,954.1,460.7,2194,254,127
P18,Retrieval,ret_17,1,7,783.6,443.9,2475,202,101
P18,Retrieval,ret_17,1,8,1218.0,902.6,2711,322,161
P18,Retrieval,ret_17,1,9,612.4,572.6,3082,150,75
P18,Retrieval,ret_17,1,10,785.7,440.6,3266,212,106
P18,Retrieval,ret_17,1,11,1042.0,537.0,3536,194,97
P18,Retrieval,ret_17,1,12,1240.6,789.9,3768,350,175
P18,Retrieval,ret_17,1,13,646.5,810.8,4168,348,174
P18,Retrieval,ret_17,1,14,934.5,203.4,4560,268,134
P18,Retrieval,ret_18,1,1,884.3,785.0,73,234,117
P18,Retrieval,ret_18,1,2,900.6,759.4,368,396,198
P18,Retrieval,ret_18,1,3,797.2,439.2,789,406,203
P18,Retrieval,ret_18,1,4,887.0,818.6,1253,224,112
P18,Retrieval,ret_18,1,5,841.4,402.5,1514,264,132
P18,Retrieval,ret_18,1,6,506.6,727.0,1811,300,150
P18,Retrieval,ret_18,1,7,962.2,603.2,2167,316,158
P18,Retrieval,ret_18,1,8,1285.5,549.7,2540,308,154
P18,Retrieval,ret_18,1,9,750.2,511.9,2876,256,128
P18,Retrieval,ret_18,1,10,1247.7,305.7,3199,80,40
P18,Retrieval,ret_18,1,11,906.6,580.2,3348,426,213
P18,Retrieval,ret_18,1,12,899.8,494.4,3806,438,219
P18,Retrieval,ret_18,1,13,1231.8,516.0,4287,258,129
P18,Retrieval,ret_18,1,14,884.3,812.5,4575,356,178
P18,Retrieval,ret_18,1,15,803.0,402.5,4971,428,214
P18,Retrieval,ret_19,1,1,1206.0,307.6,48,422,211
P18,Retrieval,ret_19,1,2,1339.7,418.3,497,466,233
P18,Retrieval,ret_19,1,3,982.6,530.2,1005,340,170
P18,Retrieval,ret_19,1,4,1289.3,470.0,1398,402,201
P18,Retrieval,ret_19,1,5,1323.4,696.1,1859,182,91
P18,Retrieval,ret_19,1,6,901.9,498.3,2066,110,55
P18,Retrieval,ret_19,1,7,1865.3,735.9,2230,348,174
P18,Retrieval,ret_19,1,8,1069.3,598.0,2612,80,40
P18,Retrieval,ret_19,1,9,990.6,627.2,2760,294,147
P18,Retrieval,ret_19,1,10,1114.4,335.1,3096,324,162
P18,Retrieval,ret_19,1,11,1110.0,160.0,3455,368,184
P18,Retrieval,ret_19,1,12,1181.5,234.4,3856,306,153
P18,Retrieval,ret_19,1,13,1355.5,507.7,4191,128,64
P18,Retrieval,ret_19,1,14,452.6,630.7,4353,180,90
P18,Retrieval,ret_19,1,15,854.3,557.3,4600,424,212
P18,Retrieval,ret_19,1,16,932.4,543.0,5084,164,82
P18,Retrieval,ret_20,1,1,1045.4,404.9,70,328,164
P18,Retrieval,ret_20,1,2,918.4,550.3,463,250,125
P18,Retrieval,ret_20,1,3,1097.4,373.1,753,330,165
P18,Retrieval,ret_20,1,4,1287.2,600.8,1127,420,210
P18,Retrieval,ret_20,1,5,1332.0,566.2,1576,300,150
P18,Retrieval,ret_20,1,6,1378.4,560.9,1928,210,105
P18,Retrieval,ret_20,1,7,1256.2,570.8,2164,424,212
P18,Retrieval,ret_20,1,8,931.3,654.2,2638,218,109
P18,Retrieval,ret_20,1,9,990.4,552.6,2908,172,86
P18,Retrieval,ret_20,1,10,1325.4,572.3,3130,290,145
P18,Retrieval,ret_20,1,11,1290.5,588.9,3483,368,184
P18,Retrieval,ret_20,1,12,1097.5,403.9,3887,428,214
P18,Retrieval,ret_20,1,13,1277.1,526.7,4364,248,124
P18,Retrieval,ret_20,1,14,1301.0,626.0,4661,178,89
P18,Retrieval,ret_20,1,15,737.8,840.8,4884,392,196
P18,Retrieval,ret_20,1,16,944.9,566.0,5330,318,159
P18,Retrieval,ret_20,1,17,1072.5,358.3,5673,206,103
P19,Encoding,enc_01,1,1,1003.2,573.3,45,328,164
P19,Encoding,enc_01,1,2,549.5,271.4,441,470,235
P19,Encoding,enc_01,1,3,840.3,318.1,970,86,43
P19,Encoding,enc_01,1,4,824.4,325.6,1097,140,70
P19,Encoding,enc_01,1,5,569.8,261.3,1289,228,114
P19,Encoding,enc_01,1,6,927.0,627.1,1578,140,70
P19,Encoding,enc_01,1,7,598.9,257.1,1758,186,93
P19,Encoding,enc_01,1,8,836.8,430.1,1982,268,134
P19,Encoding,enc_01,1,9,876.2,303.3,2299,318,159
P19,Encoding,enc_01,1,10,793.6,349.6,2679,314,157
P19,Encoding,enc_01,1,11,965.0,584.6,3048,238,119
P19,Encoding,enc_01,1,12,734.1,660.7,3326,332,166
P19,Encoding,enc_01,1,13,831.5,297.7,3684,382,191
P19,Encoding,enc_01,1,14,861.3,277.4,4123,354,177
P19,Encoding,enc_01,1,15,937.2,579.3,4543,404,202
P19,Encoding,enc_02,1,1,605.9,512.9,43,404,202
P19,Encoding,enc_02,1,2,702.6,512.4,481,174,87
P19,Encoding,enc_02,1,3,1221.0,681.0,706,216,108
P19,Encoding,enc_02,1,4,733.8,462.3,948,266,133
P19,Encoding,enc_02,1,5,486.3,423.0,1277,342,171
P19,Encoding,enc_02,1,6,731.3,413.3,1672,224,112
P19,Encoding,enc_02,1,7,858.5,708.8,1960,410,205
P19,Encoding,enc_02,1,8,721.7,421.6,2394,294,147
P19,Encoding,enc_02,1,9,549.2,483.9,2750,394,197
P19,Encoding,enc_02,1,10,937.2,176.1,3208,330,165
P19,Encoding,enc_02,1,11,601.0,501.2,3581,406,203
P19,Encoding,enc_02,1,12,666.7,210.8,4049,310,155
P19,Encoding,enc_02,1,13,734.0,456.2,4388,544,272
P19,Encoding,enc_02,1,14,587.3,461.8,4973,360,180
P19,Encoding,enc_02,1,15,700.5,433.3,5390,268,134
P19,Encoding,enc_03,1,1,935.2,445.7,66,400,200
P19,Encoding,enc_03,1,2,1799.1,482.4,503,236,118
P19,Encoding,enc_03,1,3,1241.6,466.8,769,244,122
P19,Encoding,enc_03,1,4,206.9,680.3,1058,416,208
P19,Encoding,enc_03,1,5,1193.6,488.5,1539,214,107
P19,Encoding,enc_03,1,6,1228.7,428.8,1812,290,145
P19,Encoding,enc_03,1,7,498.3,259.1,2154,180,90
P19,Encoding,enc_03,1,8,973.6,433.8,2371,170,85
P19,Encoding,enc_03,1,9,578.6,300.3,2578,278,139
P19,Encoding,enc_03,1,10,1222.0,431.6,2887,388,194
P19,Encoding,enc_04,1,1,1290.2,493.5,80,476,238
P19,Encoding,enc_04,1,2,1132.9,749.2,594,358,179
P19,Encoding,enc_04,1,3,756.5,774.7,1016,442,221
P19,Encoding,enc_04,1,4,789.6,516.6,1486,310,155
P19,Encoding,enc_04,1,5,1102.8,767.1,1826,312,156
P19,Encoding,enc_04,1,6,1074.7,353.4,2174,350,175
P19,Encoding,enc_04,1,7,1061.1,354.8,2573,352,176
P19,Encoding,enc_04,1,8,1121.8,726.6,2967,224,112
P19,Encoding,enc_04,1,9,1104.0,329.9,3235,210,105
P19,Encoding,enc_04,1,10,1167.7,278.9,3491,356,178
P19,Encoding,enc_04,1,11,1279.8,569.5,3884,216,108
P19,Encoding,enc_04,1,12,1024.7,371.2,4129,280,140
P19,Encoding,enc_04,1,13,966.0,730.6,4459,268,134
P19,Encoding,enc_05,1,1,732.6,616.2,115,368,184
P19,Encoding,enc_05,1,2,693.4,548.4,516,232,116
P19,Encoding,enc_05,1,3,1007.8,780.7,800,420,210
P19,Encoding,enc_05,1,4,991.3,852.3,1265,302,151
P19,Encoding,enc_05,1,5,995.1,766.1,1615,262,131
P19,Encoding,enc_05,1,6,713.1,546.9,1930,272,136
P19,Encoding,enc_05,1,7,683.5,546.4,2236,448,224
P19,Encoding,enc_05,1,8,685.9,521.9,2741,366,183
P19,Encoding,enc_05,1,9,1051.9,814.8,3164,180,90
P19,Encoding,enc_05,1,10,1148.7,310.1,3402,216,108
P19,Encoding,enc_05,1,11,706.2,519.1,3665,348,174
P19,Encoding,enc_05,1,12,1155.5,316.8,4059,328,164
P19,Encoding,enc_05,1,13,1033.8,828.2,4439,298,149
P19,Encoding,enc_05,1,14,1036.8,786.6,4788,240,120
P19,Encoding,enc_06,1,1,301.7,460.0,56,330,165
P19,Encoding,enc_06,1,2,582.0,623.9,418,284,142
P19,Encoding,enc_06,1,3,872.1,664.8,738,396,198
P19,Encoding,enc_06,1,4,899.3,619.7,1197,404,202
P19,Encoding,enc_06,1,5,136.9,856.0,1660,298,149
P19,Encoding,enc_06,1,6,823.4,630.0,1988,434,217
P19,Encoding,enc_06,1,7,1267.1,489.0,2487,278,139
P19,Encoding,enc_06,1,8,637.8,619.2,2805,312,156
P19,Encoding,enc_06,1,9,658.8,633.7,3148,314,157
P19,Encoding,enc_06,1,10,1326.1,576.9,3525,344,172
P19,Encoding,enc_06,1,11,880.2,420.0,3916,260,130
P19,Encoding,enc_06,1,12,1055.7,793.9,4211,380,190
P19,Encoding,enc_06,1,13,1072.1,822.4,4658,408,204
P19,Encoding,enc_06,1,14,845.2,715.4,5096,400,200
P19,Encoding,enc_07,1,1,728.6,398.3,90,252,126
P19,Encoding,enc_07,1,2,755.0,379.5,379,270,135
P19,Encoding,enc_07,1,3,771.4,390.8,694,402,201
P19,Encoding,enc_07,1,4,748.1,715.4,1163,272,136
P19,Encoding,enc_07,1,5,999.1,656.1,1477,452,226
P19,Encoding,enc_07,1,6,736.1,710.7,1960,216,108
P19,Encoding,enc_07,1,7,764.4,726.2,2225,190,95
P19,Encoding,enc_07,1,8,561.6,673.9,2481,290,145
P19,Encoding,enc_07,1,9,721.4,716.9,2815,408,204
P19,Encoding,enc_07,1,10,932.6,603.9,3290,212,106
P19,Encoding,enc_07,1,11,600.8,646.1,3539,256,128
P19,Encoding,enc_08,1,1,547.7,47.1,56,262,131
P19,Encoding,enc_08,1,2,582.4,685.9,365,342,171
P19,Encoding,enc_08,1,3,1351.2,723.8,747,264,132
P19,Encoding,enc_08,1,4,1359.9,799.2,1066,330,165
P19,Encoding,enc_08,1,5,585.1,644.5,1420,210,105
P19,Encoding,enc_08,1,6,781.1,440.0,1665,394,197
P19,Encoding,enc_08,1,7,1096.1,314.7,2098,370,185
P19,Encoding,enc_08,1,8,601.5,688.1,2530,244,122
P19,Encoding,enc_08,1,9,1359.9,698.5,2820,356,178
P19,Encoding,enc_08,1,10,1367.5,808.6,3232,316,158
P19,Encoding,enc_08,1,11,1369.8,750.9,3612,194,97
P19,Encoding,enc_08,1,12,1367.6,732.8,3864,418,209
P19,Encoding,enc_09,1,1,683.8,733.6,53,192,96
P19,Encoding,enc_09,1,2,670.3,750.8,288,180,90
P19,Encoding,enc_09,1,3,1325.2,257.8,534,274,137
P19,Encoding,enc_09,1,4,1056.9,745.5,840,288,144
P19,Encoding,enc_09,1,5,872.3,367.4,1173,484,242
P19,Encoding,enc_09,1,6,687.8,721.7,1725,132,66
P19,Encoding,enc_09,1,7,527.8,385.7,1900,262,131
P19,Encoding,enc_09,1,8,657.9,797.1,2202,472,236
P19,Encoding,enc_09,1,9,916.3,396.1,2735,348,174
P19,Encoding,enc_09,1,10,658.6,762.5,3148,292,146
P19,Encoding,enc_09,1,11,1038.6,774.1,3478,280,140
P19,Encoding,enc_09,1,12,1087.8,783.3,3786,254,127
P19,Encoding,enc_09,1,13,917.8,407.3,4086,102,51
P19,Encoding,enc_09,1,14,883.5,346.5,4234,328,164
P19,Encoding,enc_09,1,15,1021.1,785.8,4618,176,88
P19,Encoding,enc_10,1,1,774.8,433.2,64,124,62
P19,Encoding,enc_10,1,2,809.9,437.3,217,310,155
P19,Encoding,enc_10,1,3,1211.3,291.8,579,308,154
P19,Encoding,enc_10,1,4,1198.6,312.5,936,344,172
P19,Encoding,enc_10,1,5,807.1,453.5,1320,340,170
P19,Encoding,enc_10,1,6,851.7,664.1,1713,176,88
P19,Encoding,enc_10,1,7,844.1,430.1,1950,218,109
P19,Encoding,enc_10,1,8,879.3,720.8,2229,356,178
P19,Encoding,enc_10,1,9,893.0,792.8,2647,184,92
P19,Encoding,enc_10,1,10,849.6,451.3,2880,394,197
P19,Encoding,enc_11,1,1,1320.4,756.5,47,232,116
P19,Encoding,enc_11,1,2,1311.4,723.6,346,310,155
P19,Encoding,enc_11,1,3,199.7,151.7,725,338,169
P19,Encoding,enc_11,1,4,849.4,303.8,1126,292,146
P19,Encoding,enc_11,1,5,273.2,95.6,1474,344,172
P19,Encoding,enc_11,1,6,1038.0,731.9,1876,420,210
P19,Encoding,enc_11,1,7,1321.8,708.4,2334,224,112
P19,Encoding,enc_11,1,8,926.0,299.1,2596,280,140
P19,Encoding,enc_11,1,9,1301.5,766.4,2936,330,165
P19,Encoding,enc_11,1,10,812.7,278.2,3290,314,157
P19,Encoding,enc_11,1,11,982.0,630.2,3649,274,137
P19,Encoding,enc_11,1,12,1281.9,759.0,3950,358,179
P19,Encoding,enc_11,1,13,1314.0,667.3,4354,244,122
P19,Encoding,enc_12,1,1,736.4,323.8,65,350,175
P19,Encoding,enc_12,1,2,734.6,359.7,483,80,40
P19,Encoding,enc_12,1,3,1139.5,465.2,624,264,132
P19,Encoding,enc_12,1,4,733.8,361.9,928,194,97
P19,Encoding,enc_12,1,5,688.1,169.4,1159,346,173
P19,Encoding,enc_12,1,6,1079.8,470.0,1541,394,197
P19,Encoding,enc_12,1,7,756.7,333.8,1998,474,237
P19,Encoding,enc_12,1,8,1117.1,522.8,2525,280,140
P19,Encoding,enc_12,1,9,992.2,372.6,2848,384,192
P19,Encoding,enc_12,1,10,596.2,228.3,3269,358,179
P19,Encoding,enc_12,1,11,1134.8,506.3,3670,274,137
P19,Encoding,enc_12,1,12,1135.1,465.8,3969,294,147
P19,Encoding,enc_13,1,1,594.6,621.8,63,202,101
P19,Encoding,enc_13,1,2,793.8,269.8,329,406,203
P19,Encoding,enc_13,1,3,1158.8,737.3,798,184,92
P19,Encoding,enc_13,1,4,669.4,639.5,1007,264,132
P19,Encoding,enc_13,1,5,777.1,251.3,1300,246,123
P19,Encoding,enc_13,1,6,854.8,287.5,1612,258,129
P19,Encoding,enc_13,1,7,853.9,257.6,1904,300,150
P19,Encoding,enc_13,1,8,656.9,632.7,2259,236,118
P19,Encoding,enc_13,1,9,769.2,294.7,2532,380,190
P19,Encoding,enc_13,1,10,1821.3,556.4,2958,242,121
P19,Encoding,enc_13,1,11,1164.3,756.9,3249,218,109
P19,Encoding,enc_13,1,12,815.2,765.4,3510,424,212
P19,Encoding,enc_13,1,13,687.0,623.4,3971,244,122
P19,Encoding,enc_14,1,1,1170.7,392.5,113,198,99
P19,Encoding,enc_14,1,2,982.7,470.8,377,280,140
P19,Encoding,enc_14,1,3,1202.2,329.0,693,282,141
P19,Encoding,enc_14,1,4,1179.9,350.1,1013,196,98
P19,Encoding,enc_14,1,5,800.0,730.5,1234,282,141
P19,Encoding,enc_14,1,6,776.3,731.3,1545,230,115
P19,Encoding,enc_14,1,7,530.1,689.9,1819,344,172
P19,Encoding,enc_14,1,8,1194.9,373.2,2187,430,215
P19,Encoding,enc_14,1,9,1171.1,369.7,2667,330,165
P19,Encoding,enc_14,1,10,1353.7,411.8,3046,358,179
P19,Encoding,enc_14,1,11,1344.4,707.1,3454,248,124
P19,Encoding,enc_15,1,1,1211.4,363.9,100,394,197
P19,Encoding,enc_15,1,2,317.7,51.7,545,296,148
P19,Encoding,enc_15,1,3,925.3,341.5,890,244,122
P19,Encoding,enc_15,1,4,1203.6,360.7,1192,250,125
P19,Encoding,enc_15,1,5,964.3,305.3,1508,308,154
P19,Encoding,enc_15,1,6,956.9,324.1,1860,176,88
P19,Encoding,enc_15,1,7,1259.8,365.1,2075,256,128
P19,Encoding,enc_15,1,8,1173.1,528.0,2382,374,187
P19,Encoding,enc_15,1,9,947.4,272.9,2781,174,87
P19,Encoding,enc_15,1,10,585.3,725.3,3006,236,118
P19,Encoding,enc_16,1,1,958.4,29.8,105,444,222
P19,Encoding,enc_16,1,2,939.7,430.7,609,534,267
P19,Encoding,enc_16,1,3,1149.0,720.2,1177,132,66
P19,Encoding,enc_16,1,4,545.5,395.7,1336,286,143
P19,Encoding,enc_16,1,5,1211.4,905.3,1653,268,134
P19,Encoding,enc_16,1,6,917.2,481.0,1985,214,107
P19,Encoding,enc_16,1,7,958.3,473.7,2223,218,109
P19,Encoding,enc_16,1,8,902.3,479.9,2503,80,40
P19,Encoding,enc_16,1,9,1358.9,479.6,2637,380,190
P19,Encoding,enc_16,1,10,933.7,426.2,3072,290,145
P19,Encoding,enc_16,1,11,1257.2,257.3,3414,354,177
P19,Encoding,enc_16,1,12,1870.4,87.4,3795,408,204
P19,Encoding,enc_16,1,13,1130.2,712.8,4232,100,50
P19,Encoding,enc_16,1,14,1107.1,809.0,4390,428,214
P19,Encoding,enc_17,1,1,1329.5,484.9,85,316,158
P19,Encoding,enc_17,1,2,1004.3,585.3,433,234,117
P19,Encoding,enc_17,1,3,1108.2,269.9,692,402,201
P19,Encoding,enc_17,1,4,983.3,580.8,1157,478,239
P19,Encoding,enc_17,1,5,1005.9,584.5,1680,252,126
P19,Encoding,enc_17,1,6,1112.7,284.5,1979,212,106
P19,Encoding,enc_17,1,7,1004.2,548.9,2256,238,119
P19,Encoding,enc_17,1,8,969.7,593.3,2547,358,179
P19,Encoding,enc_17,1,9,1077.4,309.3,2959,236,118
P19,Encoding,enc_17,1,10,1150.0,249.6,3236,324,162
P19,Encoding,enc_18,1,1,928.1,682.4,59,220,110
P19,Encoding,enc_18,1,2,733.2,323.1,319,232,116
P19,Encoding,enc_18,1,3,533.0,612.0,617,308,154
P19,Encoding,enc_18,1,4,928.9,704.0,964,340,170
P19,Encoding,enc_18,1,5,684.2,295.6,1339,226,113
P19,Encoding,enc_18,1,6,735.2,492.7,1608,282,141
P19,Encoding,enc_18,1,7,882.5,682.4,1942,254,127
P19,Encoding,enc_18,1,8,693.0,292.4,2252,372,186
P19,Encoding,enc_18,1,9,878.5,705.7,2675,158,79
P19,Encoding,enc_18,1,10,744.4,485.7,2865,378,189
P19,Encoding,enc_18,1,11,730.8,306.7,3287,394,197
P19,Encoding,enc_18,1,12,770.5,517.3,3706,292,146
P19,Encoding,enc_19,1,1,828.1,486.3,114,372,186
P19,Encoding,enc_19,1,2,864.9,468.7,531,116,58
P19,Encoding,enc_19,1,3,1225.0,371.9,689,232,116
P19,Encoding,enc_19,1,4,1236.6,378.5,971,236,118
P19,Encoding,enc_19,1,5,1268.1,402.5,1237,328,164
P19,Encoding,enc_19,1,6,559.8,432.7,1600,158,79
P19,Encoding,enc_19,1,7,546.8,424.8,1782,334,167
P19,Encoding,enc_19,1,8,541.9,443.0,2170,152,76
P19,Encoding,enc_19,1,9,786.2,493.8,2375,378,189
P19,Encoding,enc_19,1,10,814.3,493.3,2798,324,162
P19,Encoding,enc_19,1,11,1213.8,382.3,3167,212,106
P19,Encoding,enc_19,1,12,549.9,449.6,3411,376,188
P19,Encoding,enc_19,1,13,847.9,491.9,3816,274,137
P19,Encoding,enc_19,1,14,650.1,714.0,4159,238,119
P19,Encoding,enc_20,1,1,745.5,398.7,49,296,148
P19,Encoding,enc_20,1,2,625.1,293.9,382,148,74
P19,Encoding,enc_20,1,3,1281.4,559.0,579,280,140
P19,Encoding,enc_20,1,4,1359.8,570.4,906,242,121
P19,Encoding,enc_20,1,5,1315.3,563.5,1177,436,218
P19,Encoding,enc_20,1,6,995.0,538.9,1641,198,99
P19,Encoding,enc_20,1,7,1261.3,557.1,1898,210,105
P19,Encoding,enc_20,1,8,1041.9,478.0,2150,302,151
P19,Encoding,enc_20,1,9,1247.8,576.5,2492,402,201
P19,Encoding,enc_20,1,10,1003.1,535.4,2939,402,201
P19,Encoding,enc_20,1,11,760.3,437.8,3402,350,175
P19,Encoding,enc_20,1,12,979.9,542.7,3801,438,219
P19,Encoding,enc_20,1,13,1279.7,566.2,4304,216,108
P19,Retrieval,ret_01,1,1,883.0,307.1,43,342,171
P19,Retrieval,ret_01,1,2,944.3,624.1,409,366,183
P19,Retrieval,ret_01,1,3,935.5,601.4,818,248,124
P19,Retrieval,ret_01,1,4,948.2,563.2,1090,242,121
P19,Retrieval,ret_01,1,5,821.2,229.0,1387,282,141
P19,Retrieval,ret_01,1,6,915.0,582.0,1704,336,168
P19,Retrieval,ret_01,1,7,854.7,405.0,2087,168,84
P19,Retrieval,ret_01,1,8,669.7,285.3,2312,284,142
P19,Retrieval,ret_01,1,9,959.6,513.9,2642,154,77
P19,Retrieval,ret_01,1,10,799.5,353.8,2834,306,153
P19,Retrieval,ret_01,1,11,916.5,380.7,3164,346,173
P19,Retrieval,ret_02,1,1,531.6,199.8,46,280,140
P19,Retrieval,ret_02,1,2,1006.5,585.6,356,384,192
P19,Retrieval,ret_02,1,3,1313.9,650.8,808,164,82
P19,Retrieval,ret_02,1,4,950.6,566.6,1009,308,154
P19,Retrieval,ret_02,1,5,1136.2,299.4,1343,274,137
P19,Retrieval,ret_02,1,6,602.5,661.8,1648,344,172
P19,Retrieval,ret_02,1,7,514.3,657.3,2037,270,135
P19,Retrieval,ret_02,1,8,250.7,1008.3,2351,226,113
P19,Retrieval,ret_02,1,9,1304.3,878.0,2612,240,120
P19,Retrieval,ret_03,1,1,968.9,382.6,101,140,70
P19,Retrieval,ret_03,1,2,1288.8,308.4,308,146,73
P19,Retrieval,ret_03,1,3,939.5,546.3,487,236,118
P19,Retrieval,ret_03,1,4,1276.2,392.9,770,134,67
P19,Retrieval,ret_03,1,5,938.3,332.5,943,228,114
P19,Retrieval,ret_03,1,6,1172.1,479.1,1213,314,157
P19,Retrieval,ret_03,1,7,1239.0,403.5,1594,392,196
P19,Retrieval,ret_03,1,8,1207.6,378.6,2018,200,100
P19,Retrieval,ret_03,1,9,1179.7,286.2,2249,344,172
P19,Retrieval,ret_03,1,10,902.0,270.8,2625,368,184
P19,Retrieval,ret_03,1,11,291.7,1005.7,3056,540,270
P19,Retrieval,ret_03,1,12,932.2,206.2,3661,166,83
P19,Retrieval,ret_04,1,1,641.6,425.3,76,296,148
P19,Retrieval,ret_04,1,2,894.2,665.8,396,198,99
P19,Retrieval,ret_04,1,3,640.6,237.4,659,438,219
P19,Retrieval,ret_04,1,4,966.7,669.0,1146,320,160
P19,Retrieval,ret_04,1,5,653.8,562.5,1505,354,177
P19,Retrieval,ret_04,1,6,1811.5,858.1,1893,422,211
P19,Retrieval,ret_04,1,7,674.0,206.2,2340,358,179
P19,Retrieval,ret_04,1,8,593.9,516.1,2745,294,147
P19,Retrieval,ret_04,1,9,711.0,434.8,3063,422,211
P19,Retrieval,ret_04,1,10,662.1,171.6,3533,350,175
P19,Retrieval,ret_04,1,11,1529.1,88.9,3936,276,138
P19,Retrieval,ret_05,1,1,1063.3,780.5,105,322,161
P19,Retrieval,ret_05,1,2,906.7,567.7,471,206,103
P19,Retrieval,ret_05,1,3,1335.4,240.0,741,202,101
P19,Retrieval,ret_05,1,4,1371.7,847.8,993,364,182
P19,Retrieval,ret_05,1,5,464.7,761.0,1421,422,211
P19,Retrieval,ret_05,1,6,1107.1,765.8,1872,142,71
P19,Retrieval,ret_05,1,7,1039.9,733.0,2056,346,173
P19,Retrieval,ret_05,1,8,791.5,357.4,2438,314,157
P19,Retrieval,ret_05,1,9,457.9,496.3,2809,206,103
P19,Retrieval,ret_05,1,10,915.7,593.7,3044,328,164
P19,Retrieval,ret_05,1,11,996.7,426.6,3428,190,95
P19,Retrieval,ret_05,1,12,1032.6,778.1,3659,178,89
P19,Retrieval,ret_05,1,13,947.5,550.3,3895,368,184
P19,Retrieval,ret_05,1,14,636.1,554.9,4287,148,74
P19,Retrieval,ret_06,1,1,1188.3,909.0,64,286,143
P19,Retrieval,ret_06,1,2,958.4,548.5,403,232,116
P19,Retrieval,ret_06,1,3,975.4,470.2,693,428,214
P19,Retrieval,ret_06,1,4,1041.5,843.2,1184,356,178
P19,Retrieval,ret_06,1,5,1729.7,662.1,1603,216,108
P19,Retrieval,ret_06,1,6,1202.9,676.1,1885,344,172
P19,Retrieval,ret_06,1,7,1133.1,782.5,2290,330,165
P19,Retrieval,ret_06,1,8,1005.2,459.1,2662,304,152
P19,Retrieval,ret_06,1,9,1087.4,686.7,3028,348,174
P19,Retrieval,ret_06,1,10,945.9,527.4,3419,272,136
P19,Retrieval,ret_06,1,11,997.0,475.4,3749,518,259
P19,Retrieval,ret_06,1,12,1392.0,520.4,4297,262,131
P19,Retrieval,ret_06,1,13,987.1,537.8,4622,198,99
P19,Retrieval,ret_07,1,1,1189.9,466.2,93,384,192
P19,Retrieval,ret_07,1,2,1259.9,386.2,515,282,141
P19,Retrieval,ret_07,1,3,601.0,355.1,837,446,223
P19,Retrieval,ret_07,1,4,1013.5,400.2,1341,248,124
P19,Retrieval,ret_07,1,5,1254.5,473.5,1629,362,181
P19,Retrieval,ret_07,1,6,516.8,307.5,2050,262,131
P19,Retrieval,ret_07,1,7,1167.4,492.4,2350,92,46
P19,Retrieval,ret_07,1,8,952.5,561.2,2502,374,187
P19,Retrieval,ret_07,1,9,1163.5,536.7,2943,378,189
P19,Retrieval,ret_07,1,10,1226.9,487.1,3355,338,169
P19,Retrieval,ret_07,1,11,1238.5,458.9,3725,230,115
P19,Retrieval,ret_07,1,12,898.5,815.7,4022,182,91
P19,Retrieval,ret_07,1,13,1206.8,514.0,4228,378,189
P19,Retrieval,ret_08,1,1,806.7,655.7,81,214,107
P19,Retrieval,ret_08,1,2,798.3,650.2,356,276,138
P19,Retrieval,ret_08,1,3,965.2,531.0,673,272,136
P19,Retrieval,ret_08,1,4,1218.5,282.7,1008,168,84
P19,Retrieval,ret_08,1,5,790.0,441.7,1223,288,144
P19,Retrieval,ret_08,1,6,904.7,403.6,1538,302,151
P19,Retrieval,ret_08,1,7,841.8,480.6,1864,138,69
P19,Retrieval,ret_08,1,8,936.0,518.1,2043,330,165
P19,Retrieval,ret_08,1,9,1000.4,593.8,2408,284,142
P19,Retrieval,ret_08,1,10,1175.2,295.2,2728,192,96
P19,Retrieval,ret_08,1,11,778.4,326.8,2959,338,169
P19,Retrieval,ret_08,1,12,871.9,606.0,3365,410,205
P19,Retrieval,ret_09,1,1,1126.1,288.7,48,304,152
P19,Retrieval,ret_09,1,2,976.6,612.2,409,368,184
P19,Retrieval,ret_09,1,3,950.0,582.3,801,200,100
P19,Retrieval,ret_09,1,4,981.8,567.8,1052,352,176
P19,Retrieval,ret_09,1,5,1007.7,583.0,1471,368,184
P19,Retrieval,ret_09,1,6,936.0,490.7,1893,436,218
P19,Retrieval,ret_09,1,7,1192.3,323.4,2377,268,134
P19,Retrieval,ret_09,1,8,942.4,577.1,2681,254,127
P19,Retrieval,ret_09,1,9,972.2,610.9,2990,244,122
P19,Retrieval,ret_09,1,10,891.9,552.6,3287,280,140
P19,Retrieval,ret_09,1,11,1057.5,614.2,3632,278,139
P19,Retrieval,ret_10,1,1,1082.8,335.8,53,352,176
P19,Retrieval,ret_10,1,2,859.4,497.1,365,232,116
P19,Retrieval,ret_10,1,3,782.9,470.2,634,256,128
P19,Retrieval,ret_10,1,4,1000.3,770.7,922,288,144
P19,Retrieval,ret_10,1,5,1039.1,347.7,1269,352,176
P19,Retrieval,ret_10,1,6,985.7,546.9,1662,370,185
P19,Retrieval,ret_10,1,7,1003.8,498.9,2093,172,86
P19,Retrieval,ret_10,1,8,1343.4,776.9,2291,274,137
P19,Retrieval,ret_10,1,9,774.8,735.5,2619,260,130
P19,Retrieval,ret_10,1,10,756.6,735.1,2939,280,140
P19,Retrieval,ret_10,1,11,1105.8,719.4,3276,306,153
P19,Retrieval,ret_10,1,12,1144.9,274.4,3635,344,172
P19,Retrieval,ret_10,1,13,1096.0,771.1,4007,328,164
P19,Retrieval,ret_10,1,14,1092.1,410.4,4373,338,169
P19,Retrieval,ret_11,1,1,803.7,291.7,117,90,45
P19,Retrieval,ret_11,1,2,1377.7,728.2,246,80,40
P19,Retrieval,ret_11,1,3,1028.9,638.7,362,342,171
P19,Retrieval,ret_11,1,4,820.2,291.2,754,310,155
P19,Retrieval,ret_11,1,5,961.8,355.8,1101,266,133
P19,Retrieval,ret_11,1,6,1323.7,709.8,1430,366,183
P19,Retrieval,ret_11,1,7,1005.4,506.7,1826,86,43
P19,Retrieval,ret_11,1,8,931.8,481.9,1951,298,149
P19,Retrieval,ret_11,1,9,1026.7,720.0,2275,332,166
P19,Retrieval,ret_11,1,10,950.5,655.1,2669,106,53
P19,Retrieval,ret_11,1,11,1300.9,722.4,2823,178,89
P19,Retrieval,ret_12,1,1,1355.7,618.8,68,190,95
P19,Retrieval,ret_12,1,2,753.2,901.6,291,304,152
P19,Retrieval,ret_12,1,3,687.9,294.7,656,254,127
P19,Retrieval,ret_12,1,4,912.7,690.8,958,380,190
P19,Retrieval,ret_12,1,5,1358.1,497.7,1389,376,188
P19,Retrieval,ret_12,1,6,962.1,687.8,1833,298,149
P19,Retrieval,ret_12,1,7,713.6,269.4,2164,252,126
P19,Retrieval,ret_12,1,8,556.6,624.0,2472,334,167
P19,Retrieval,ret_12,1,9,737.9,305.1,2831,358,179
P19,Retrieval,ret_12,1,10,1191.9,474.9,3236,320,160
P19,Retrieval,ret_12,1,11,1122.9,327.8,3606,152,76
P19,Retrieval,ret_12,1,12,1036.5,355.9,3794,492,246
P19,Retrieval,ret_12,1,13,789.3,289.9,4314,266,133
P19,Retrieval,ret_12,1,14,1032.8,506.3,4620,346,173
P19,Retrieval,ret_13,1,1,690.8,552.0,82,232,116
P19,Retrieval,ret_13,1,2,673.8,502.6,338,248,124
P19,Retrieval,ret_13,1,3,936.7,477.8,615,422,211
P19,Retrieval,ret_13,1,4,971.8,521.6,1105,232,116
P19,Retrieval,ret_13,1,5,1015.0,518.1,1361,286,143
P19,Retrieval,ret_13,1,6,977.2,517.5,1707,396,198
P19,Retrieval,ret_13,1,7,926.3,569.0,2134,342,171
P19,Retrieval,ret_13,1,8,1068.7,832.7,2509,156,78
P19,Retrieval,ret_13,1,9,1007.2,892.5,2720,200,100
P19,Retrieval,ret_13,1,10,913.1,546.1,2947,174,87
P19,Retrieval,ret_13,1,11,1029.0,763.1,3152,80,40
P19,Retrieval,ret_13,1,12,1133.2,253.6,3262,448,224
P19,Retrieval,ret_13,1,13,1192.6,302.6,3766,336,168
P19,Retrieval,ret_13,1,14,1044.3,838.4,4161,222,111
P19,Retrieval,ret_14,1,1,1179.9,432.1,86,362,181
P19,Retrieval,ret_14,1,2,498.1,620.7,511,226,113
P19,Retrieval,ret_14,1,3,926.8,538.4,787,190,95
P19,Retrieval,ret_14,1,4,1150.1,418.2,1004,418,209
P19,Retrieval,ret_14,1,5,755.4,349.3,1452,236,118
P19,Retrieval,ret_14,1,6,669.0,177.5,1721,290,145
P19,Retrieval,ret_14,1,7,970.3,442.3,2073,374,187
P19,Retrieval,ret_14,1,8,666.7,168.3,2510,270,135
P19,Retrieval,ret_14,1,9,1146.5,571.5,2840,224,112
P19,Retrieval,ret_14,1,10,952.7,548.8,3115,268,134
P19,Retrieval,ret_15,1,1,946.7,593.7,61,386,193
P19,Retrieval,ret_15,1,2,962.4,445.9,475,236,118
P19,Retrieval,ret_15,1,3,1225.6,404.1,756,320,160
P19,Retrieval,ret_15,1,4,676.9,778.0,1119,388,194
P19,Retrieval,ret_15,1,5,1224.4,372.6,1559,348,174
P19,Retrieval,ret_15,1,6,961.8,527.9,1956,380,190
P19,Retrieval,ret_15,1,7,592.0,418.1,2405,234,117
P19,Retrieval,ret_15,1,8,838.5,489.8,2685,288,144
P19,Retrieval,ret_15,1,9,878.2,454.2,3017,388,194
P19,Retrieval,ret_15,1,10,945.8,571.4,3460,392,196
P19,Retrieval,ret_15,1,11,624.2,738.4,3887,438,219
P19,Retrieval,ret_15,1,12,1315.9,793.5,4366,332,166
P19,Retrieval,ret_16,1,1,939.5,502.0,70,332,166
P19,Retrieval,ret_16,1,2,255.5,602.8,443,346,173
P19,Retrieval,ret_16,1,3,1293.8,460.5,824,254,127
P19,Retrieval,ret_16,1,4,649.3,647.1,1131,148,74
P19,Retrieval,ret_16,1,5,966.4,644.5,1332,404,202
P19,Retrieval,ret_16,1,6,654.3,653.8,1788,328,164
P19,Retrieval,ret_16,1,7,682.0,605.8,2146,400,200
P19,Retrieval,ret_16,1,8,892.2,646.8,2594,284,142
P19,Retrieval,ret_16,1,9,578.3,583.5,2908,80,40
P19,Retrieval,ret_16,1,10,967.1,522.7,3034,172,86
P19,Retrieval,ret_16,1,11,871.6,544.2,3231,294,147
P19,Retrieval,ret_16,1,12,1033.5,820.5,3575,282,141
P19,Retrieval,ret_16,1,13,1089.6,851.4,3920,306,153
P19,Retrieval,ret_16,1,14,790.2,677.7,4274,370,185
P19,Retrieval,ret_17,1,1,999.3,570.6,103,404,202
P19,Retrieval,ret_17,1,2,656.8,609.6,554,166,83
P19,Retrieval,ret_17,1,3,1145.9,776.3,747,290,145
P19,Retrieval,ret_17,1,4,1204.0,730.6,1076,172,86
P19,Retrieval,ret_17,1,5,719.2,668.9,1298,260,130
P19,Retrieval,ret_17,1,6,981.5,531.8,1591,370,185
P19,Retrieval,ret_17,1,7,580.8,620.7,1996,138,69
P19,Retrieval,ret_17,1,8,784.4,222.6,2173,212,106
P19,Retrieval,ret_17,1,9,813.5,187.4,2410,258,129
P19,Retrieval,ret_17,1,10,961.0,536.7,2709,428,214
P19,Retrieval,ret_17,1,11,637.9,666.0,3201,412,206
P19,Retrieval,ret_17,1,12,768.7,259.0,3664,360,180
P19,Retrieval,ret_17,1,13,920.7,598.8,4075,162,81
P19,Retrieval,ret_17,1,14,670.5,652.0,4271,384,192
P19,Retrieval,ret_17,1,15,892.6,573.7,4715,320,160
P19,Retrieval,ret_18,1,1,238.6,654.5,113,314,157
P19,Retrieval,ret_18,1,2,1025.5,492.5,490,284,142
P19,Retrieval,ret_18,1,3,791.0,366.7,812,212,106
P19,Retrieval,ret_18,1,4,1044.8,494.8,1051,296,148
P19,Retrieval,ret_18,1,5,1170.4,1020.4,1401,230,115
P19,Retrieval,ret_18,1,6,1329.1,577.3,1678,368,184
P19,Retrieval,ret_18,1,7,953.7,341.3,2085,206,103
P19,Retrieval,ret_18,1,8,924.7,216.0,2352,234,117
P19,Retrieval,ret_18,1,9,1326.0,572.4,2643,410,205
P19,Retrieval,ret_18,1,10,964.1,732.7,3114,378,189
P19,Retrieval,ret_18,1,11,940.3,805.1,3518,228,114
P19,Retrieval,ret_19,1,1,972.8,662.8,54,228,114
P19,Retrieval,ret_19,1,2,976.1,520.0,335,90,45
P19,Retrieval,ret_19,1,3,960.4,583.8,472,394,197
P19,Retrieval,ret_19,1,4,1040.8,597.2,902,202,101
P19,Retrieval,ret_19,1,5,790.5,428.4,1134,386,193
P19,Retrieval,ret_19,1,6,761.6,685.8,1565,362,181
P19,Retrieval,ret_19,1,7,994.8,583.7,1984,254,127
P19,Retrieval,ret_19,1,8,576.4,622.3,2307,428,214
P19,Retrieval,ret_19,1,9,934.8,558.4,2800,238,119
P19,Retrieval,ret_19,1,10,567.1,721.4,3065,266,133
P19,Retrieval,ret_19,1,11,807.3,688.2,3379,462,231
P19,Retrieval,ret_19,1,12,792.0,733.1,3891,256,128
P19,Retrieval,ret_19,1,13,775.0,750.6,4194,276,138
P19,Retrieval,ret_20,1,1,927.7,682.5,79,128,64
P19,Retrieval,ret_20,1,2,948.4,612.9,244,208,104
P19,Retrieval,ret_20,1,3,890.2,491.8,521,308,154
P19,Retrieval,ret_20,1,4,1363.4,421.8,862,312,156
P19,Retrieval,ret_20,1,5,1247.7,623.0,1199,242,121
P19,Retrieval,ret_20,1,6,1219.2,339.8,1500,154,77
P19,Retrieval,ret_20,1,7,962.1,569.0,1707,258,129
P19,Retrieval,ret_20,1,8,1322.7,567.2,2019,262,131
P19,Retrieval,ret_20,1,9,960.8,511.2,2338,356,178
P19,Retrieval,ret_20,1,10,945.1,529.8,2759,304,152
P19,Retrieval,ret_20,1,11,885.2,165.0,3091,346,173
P19,Retrieval,ret_20,1,12,892.4,268.1,3495,204,102
P19,Retrieval,ret_20,1,13,911.3,521.2,3754,378,189
P19,Retrieval,ret_20,1,14,1161.4,335.0,4174,436,218
P20,Encoding,enc_01,1,1,1305.7,707.6,79,276,138
P20,Encoding,enc_01,1,2,970.9,741.2,399,380,190
P20,Encoding,enc_01,1,3,1262.6,692.7,836,320,160
P20,Encoding,enc_01,1,4,1035.0,637.7,1191,306,153
P20,Encoding,enc_01,1,5,860.4,293.7,1558,338,169
P20,Encoding,enc_01,1,6,730.3,440.8,1937,254,127
P20,Encoding,enc_01,1,7,727.9,691.8,2256,284,142
P20,Encoding,enc_01,1,8,855.2,96.8,2572,228,114
P20,Encoding,enc_01,1,9,958.5,304.1,2849,190,95
P20,Encoding,enc_01,1,10,1134.6,444.6,3102,186,93
P20,Encoding,enc_01,1,11,1008.8,647.5,3348,262,131
P20,Encoding,enc_01,1,12,1264.9,783.2,3668,368,184
P20,Encoding,enc_02,1,1,759.3,370.2,48,336,168
P20,Encoding,enc_02,1,2,1371.4,760.1,441,268,134
P20,Encoding,enc_02,1,3,739.1,358.6,752,242,121
P20,Encoding,enc_02,1,4,723.0,372.8,1027,238,119
P20,Encoding,enc_02,1,5,786.8,345.3,1309,282,141
P20,Encoding,enc_02,1,6,1099.9,551.8,1621,388,194
P20,Encoding,enc_02,1,7,737.2,301.7,2042,330,165
P20,Encoding,enc_02,1,8,1337.6,722.7,2428,470,235
P20,Encoding,enc_02,1,9,1097.4,516.2,2967,248,124
P20,Encoding,enc_02,1,10,1329.3,778.8,3257,406,203
P20,Encoding,enc_02,1,11,1344.0,812.7,3697,388,194
P20,Encoding,enc_02,1,12,552.7,776.6,4130,270,135
P20,Encoding,enc_02,1,13,756.2,367.0,4455,264,132
P20,Encoding,enc_02,1,14,735.5,309.9,4781,580,290
P20,Encoding,enc_02,1,15,1078.3,545.8,5409,236,118
P20,Encoding,enc_03,1,1,628.1,680.2,99,306,153
P20,Encoding,enc_03,1,2,1372.9,328.0,450,196,98
P20,Encoding,enc_03,1,3,1199.9,757.5,674,268,134
P20,Encoding,enc_03,1,4,677.1,656.4,989,322,161
P20,Encoding,enc_03,1,5,784.1,280.2,1335,302,151
P20,Encoding,enc_03,1,6,1163.3,772.5,1675,374,187
P20,Encoding,enc_03,1,7,789.8,224.3,2107,438,219
P20,Encoding,enc_03,1,8,618.9,675.9,2583,406,203
P20,Encoding,enc_03,1,9,629.1,664.7,3025,224,112
P20,Encoding,enc_03,1,10,785.2,286.8,3301,356,178
P20,Encoding,enc_03,1,11,662.3,616.4,3689,324,162
P20,Encoding,enc_03,1,12,828.0,301.5,4081,414,207
P20,Encoding,enc_03,1,13,832.9,270.1,4549,414,207
P20,Encoding,enc_03,1,14,725.5,244.3,5001,400,200
P20,Encoding,enc_03,1,15,1079.2,707.9,5449,312,156
P20,Encoding,enc_03,1,16,684.2,653.7,5810,366,183
P20,Encoding,enc_03,1,17,795.3,257.3,6213,358,179
P20,Encoding,enc_04,1,1,762.7,742.5,61,476,238
P20,Encoding,enc_04,1,2,933.7,480.4,606,112,56
P20,Encoding,enc_04,1,3,1259.1,580.6,747,332,166
P20,Encoding,enc_04,1,4,964.1,448.1,1146,272,136
P20,Encoding,enc_04,1,5,1365.3,741.8,1472,358,179
P20,Encoding,enc_04,1,6,1380.4,710.4,1862,306,153
P20,Encoding,enc_04,1,7,591.2,688.0,2197,358,179
P20,Encoding,enc_04,1,8,983.8,443.8,2589,322,161
P20,Encoding,enc_04,1,9,1014.9,444.9,2953,398,199
P20,Encoding,enc_04,1,10,1215.3,368.4,3411,456,228
P20,Encoding,enc_04,1,11,1102.0,412.5,3906,310,155
P20,Encoding,enc_04,1,12,1209.1,321.0,4240,80,40
P20,Encoding,enc_04,1,13,543.2,719.2,4354,290,145
P20,Encoding,enc_04,1,14,797.0,733.1,4708,248,124
P20,Encoding,enc_05,1,1,841.7,653.5,45,326,163
P20,Encoding,enc_05,1,2,857.2,184.8,418,350,175
P20,Encoding,enc_05,1,3,845.7,361.7,815,368,184
P20,Encoding,enc_05,1,4,781.1,421.1,1215,306,153
P20,Encoding,enc_05,1,5,795.5,707.0,1578,308,154
P20,Encoding,enc_05,1,6,1073.5,395.8,1927,274,137
P20,Encoding,enc_05,1,7,1433.9,25.1,2236,188,94
P20,Encoding,enc_05,1,8,1073.4,647.8,2471,338,169
P20,Encoding,enc_05,1,9,1044.0,726.6,2857,340,170
P20,Encoding,enc_05,1,10,1239.2,322.6,3246,342,171
P20,Encoding,enc_05,1,11,739.5,670.5,3629,442,221
P20,Encoding,enc_05,1,12,1259.5,308.6,4133,296,148
P20,Encoding,enc_05,1,13,1239.8,274.7,4487,316,158
P20,Encoding,enc_06,1,1,784.0,423.0,43,242,121
P20,Encoding,enc_06,1,2,803.7,784.7,337,322,161
P20,Encoding,enc_06,1,3,1265.6,380.8,714,244,122
P20,Encoding,enc_06,1,4,795.0,736.0,1026,322,161
P20,Encoding,enc_06,1,5,1002.3,679.7,1384,328,164
P20,Encoding,enc_06,1,6,762.5,704.2,1759,190,95
P20,Encoding,enc_06,1,7,756.0,308.8,2004,248,124
P20,Encoding,enc_06,1,8,1175.5,469.1,2313,362,181
P20,Encoding,enc_06,1,9,1160.6,380.9,2700,290,145
P20,Encoding,enc_06,1,10,1002.2,642.9,3034,306,153
P20,Encoding,enc_06,1,11,999.8,654.4,3364,234,117
P20,Encoding,enc_06,1,12,85.3,883.1,3634,346,173
P20,Encoding,enc_06,1,13,984.3,641.4,4020,214,107
P20,Encoding,enc_06,1,14,186.1,439.0,4259,302,151
P20,Encoding,enc_07,1,1,706.7,556.6,88,342,171
P20,Encoding,enc_07,1,2,810.3,577.5,465,468,234
P20,Encoding,enc_07,1,3,1402.7,444.9,991,314,157
P20,Encoding,enc_07,1,4,775.9,525.1,1364,204,102
P20,Encoding,enc_07,1,5,711.1,513.1,1621,204,102
P20,Encoding,enc_07,1,6,1106.7,401.7,1856,462,231
P20,Encoding,enc_07,1,7,1087.4,353.0,2387,224,112
P20,Encoding,enc_07,1,8,676.0,879.8,2679,286,143
P20,Encoding,enc_07,1,9,795.9,535.5,3002,140,70
P20,Encoding,enc_07,1,10,1371.1,432.8,3166,282,141
P20,Encoding,enc_07,1,11,1093.5,429.6,3477,230,115
P20,Encoding,enc_07,1,12,750.9,554.3,3771,368,184
P20,Encoding,enc_07,1,13,715.3,574.2,4177,254,127
P20,Encoding,enc_07,1,14,640.8,318.4,4494,278,139
P20,Encoding,enc_07,1,15,1368.0,478.2,4823,300,150
P20,Encoding,enc_07,1,16,729.9,573.1,5151,266,133
P20,Encoding,enc_07,1,17,748.6,548.1,5480,80,40
P20,Encoding,enc_07,1,18,770.4,582.5,5602,266,133
P20,Encoding,enc_08,1,1,881.0,666.8,83,392,196
P20,Encoding,enc_08,1,2,954.6,689.8,521,274,137
P20,Encoding,enc_08,1,3,1378.0,615.9,819,290,145
P20,Encoding,enc_08,1,4,1325.7,597.4,1177,414,207
P20,Encoding,enc_08,1,5,727.3,517.1,1639,106,53
P20,Encoding,enc_08,1,6,1374.6,554.7,1777,286,143
P20,Encoding,enc_08,1,7,941.0,686.4,2120,420,210
P20,Encoding,enc_08,1,8,1342.4,631.6,2585,318,159
P20,Encoding,enc_08,1,9,945.6,671.4,2943,332,166
P20,Encoding,enc_08,1,10,1306.0,620.3,3329,284,142
P20,Encoding,enc_08,1,11,990.7,723.2,3671,288,144
P20,Encoding,enc_08,1,12,911.4,677.7,4002,498,249
P20,Encoding,enc_09,1,1,1255.3,388.2,63,354,177
P20,Encoding,enc_09,1,2,565.5,448.4,468,352,176
P20,Encoding,enc_09,1,3,1254.1,387.7,887,398,199
P20,Encoding,enc_09,1,4,1244.7,360.3,1337,268,134
P20,Encoding,enc_09,1,5,530.0,448.0,1664,376,188
P20,Encoding,enc_09,1,6,576.8,446.8,2069,188,94
P20,Encoding,enc_09,1,7,823.4,492.3,2300,266,133
P20,Encoding,enc_09,1,8,1833.2,55.0,2626,292,146
P20,Encoding,enc_09,1,9,540.9,451.4,2980,360,180
P20,Encoding,enc_09,1,10,858.4,494.8,3404,342,171
P20,Encoding,enc_09,1,11,789.5,478.2,3810,500,250
P20,Encoding,enc_09,1,12,1254.3,369.4,4350,428,214
P20,Encoding,enc_09,1,13,565.2,799.0,4835,80,40
P20,Encoding,enc_10,1,1,1289.0,597.3,72,184,92
P20,Encoding,enc_10,1,2,418.9,155.8,301,452,226
P20,Encoding,enc_10,1,3,1259.5,589.9,818,356,178
P20,Encoding,enc_10,1,4,1326.2,574.8,1228,276,138
P20,Encoding,enc_10,1,5,1257.9,555.7,1531,262,131
P20,Encoding,enc_10,1,6,1356.4,541.4,1820,282,141
P20,Encoding,enc_10,1,7,737.3,347.3,2150,368,184
P20,Encoding,enc_10,1,8,1020.5,518.8,2544,180,90
P20,Encoding,enc_10,1,9,1002.9,510.2,2763,266,133
P20,Encoding,enc_10,1,10,748.1,354.5,3058,266,133
P20,Encoding,enc_10,1,11,763.1,440.8,3354,326,163
P20,Encoding,enc_10,1,12,1462.3,883.1,3730,214,107
P20,Encoding,enc_10,1,13,1059.8,511.4,3996,284,142
P20,Encoding,enc_10,1,14,1319.3,574.4,4324,256,128
P20,Encoding,enc_10,1,15,1020.9,534.6,4641,280,140
P20,Encoding,enc_10,1,16,763.6,436.3,4967,366,183
P20,Encoding,enc_11,1,1,912.4,271.0,41,256,128
P20,Encoding,enc_11,1,2,1065.8,843.6,363,416,208
P20,Encoding,enc_11,1,3,859.3,273.5,815,394,197
P20,Encoding,enc_11,1,4,815.4,575.7,1238,340,170
P20,Encoding,enc_11,1,5,891.9,294.8,1639,326,163
P20,Encoding,enc_11,1,6,813.3,770.0,2012,306,153
P20,Encoding,enc_11,1,7,1318.7,541.6,2349,300,150
P20,Encoding,enc_11,1,8,1346.3,620.7,2692,316,158
P20,Encoding,enc_11,1,9,1390.0,616.3,3071,220,110
P20,Encoding,enc_11,1,10,1368.7,588.1,3336,442,221
P20,Encoding,enc_11,1,11,794.4,500.2,3835,376,188
P20,Encoding,enc_11,1,12,792.5,821.5,4256,294,147
P20,Encoding,enc_11,1,13,889.8,284.2,4602,158,79
P20,Encoding,enc_12,1,1,701.4,731.7,108,260,130
P20,Encoding,enc_12,1,2,1127.4,281.2,423,390,195
P20,Encoding,enc_12,1,3,1087.9,289.0,851,274,137
P20,Encoding,enc_12,1,4,866.7,684.1,1190,318,159
P20,Encoding,enc_12,1,5,695.1,755.1,1543,80,40
P20,Encoding,enc_12,1,6,876.0,766.9,1649,220,110
P20,Encoding,enc_12,1,7,1084.0,244.2,1908,214,107
P20,Encoding,enc_12,1,8,333.1,503.5,2175,460,230
P20,Encoding,enc_12,1,9,1056.2,271.5,2688,332,166
P20,Encoding,enc_12,1,10,699.0,734.2,3087,344,172
P20,Encoding,enc_12,1,11,886.7,665.0,3465,398,199
P20,Encoding,enc_12,1,12,851.1,708.4,3900,254,127
P20,Encoding,enc_12,1,13,669.6,728.4,4185,278,139
P20,Encoding,enc_13,1,1,1190.2,320.0,60,206,103
P20,Encoding,enc_13,1,2,1236.1,298.5,296,340,170
P20,Encoding,enc_13,1,3,880.4,712.6,696,382,191
P20,Encoding,enc_13,1,4,1554.8,170.4,1119,424,212
P20,Encoding,enc_13,1,5,1236.0,613.0,1604,378,189
P20,Encoding,enc_13,1,6,1170.7,699.9,2023,226,113
P20,Encoding,enc_13,1,7,1192.5,627.3,2297,154,77
P20,Encoding,enc_13,1,8,798.0,477.9,2502,356,178
P20,Encoding,enc_13,1,9,725.1,485.5,2915,164,82
P20,Encoding,enc_13,1,10,752.4,484.4,3117,278,139
P20,Encoding,enc_14,1,1,1117.2,795.4,78,342,171
P20,Encoding,enc_14,1,2,1280.2,772.6,445,178,89
P20,Encoding,enc_14,1,3,1292.8,569.3,657,374,187
P20,Encoding,enc_14,1,4,1258.9,691.8,1093,262,131
P20,Encoding,enc_14,1,5,985.8,681.0,1386,240,120
P20,Encoding,enc_14,1,6,1062.5,661.1,1652,286,143
P20,Encoding,enc_14,1,7,1353.5,806.5,1996,284,142
P20,Encoding,enc_14,1,8,531.4,612.0,2340,388,194
P20,Encoding,enc_14,1,9,1259.1,719.3,2780,268,134
P20,Encoding,enc_14,1,10,1375.0,808.7,3093,398,199
P20,Encoding,enc_14,1,11,1108.4,693.0,3560,332,166
P20,Encoding,enc_14,1,12,794.7,487.2,3954,310,155
P20,Encoding,enc_14,1,13,1275.8,808.3,4301,342,171
P20,Encoding,enc_14,1,14,1341.5,787.8,4698,394,197
P20,Encoding,enc_14,1,15,1282.1,711.9,5133,200,100
P20,Encoding,enc_14,1,16,1295.4,700.1,5376,368,184
P20,Encoding,enc_14,1,17,727.7,476.4,5801,264,132
P20,Encoding,enc_15,1,1,872.6,881.9,65,210,105
P20,Encoding,enc_15,1,2,1023.9,805.5,317,252,126
P20,Encoding,enc_15,1,3,1010.9,340.1,604,342,171
P20,Encoding,enc_15,1,4,1084.0,857.1,1013,210,105
P20,Encoding,enc_15,1,5,1130.3,335.6,1250,212,106
P20,Encoding,enc_15,1,6,1511.7,96.7,1517,298,149
P20,Encoding,enc_15,1,7,1805.3,553.0,1881,244,122
P20,Encoding,enc_15,1,8,1111.4,711.2,2170,494,247
P20,Encoding,enc_15,1,9,706.7,517.6,2731,352,176
P20,Encoding,enc_15,1,10,1085.7,810.1,3145,282,141
P20,Encoding,enc_15,1,11,1148.1,322.4,3463,312,156
P20,Encoding,enc_15,1,12,1389.7,575.3,3831,246,123
P20,Encoding,enc_15,1,13,672.0,546.5,4142,116,58
P20,Encoding,enc_15,1,14,1168.5,349.7,4318,148,74
P20,Encoding,enc_15,1,15,1122.1,328.8,4510,288,144
P20,Encoding,enc_16,1,1,1111.7,831.8,81,224,112
P20,Encoding,enc_16,1,2,1265.5,528.4,332,330,165
P20,Encoding,enc_16,1,3,1261.3,482.0,726,284,142
P20,Encoding,enc_16,1,4,552.8,640.7,1047,272,136
P20,Encoding,enc_16,1,5,817.1,645.6,1376,358,179
P20,Encoding,enc_16,1,6,768.9,698.9,1782,196,98
P20,Encoding,enc_16,1,7,862.5,618.1,2044,292,146
P20,Encoding,enc_16,1,8,1062.5,849.6,2401,318,159
P20,Encoding,enc_16,1,9,569.9,628.3,2758,226,113
P20,Encoding,enc_16,1,10,1231.6,467.0,3044,226,113
P20,Encoding,enc_16,1,11,822.4,635.6,3316,258,129
P20,Encoding,enc_16,1,12,1271.2,423.9,3621,288,144
P20,Encoding,enc_16,1,13,1237.8,446.1,3959,406,203
P20,Encoding,enc_16,1,14,901.2,423.4,4410,374,187
P20,Encoding,enc_16,1,15,1261.5,534.9,4824,100,50
P20,Encoding,enc_17,1,1,967.6,642.8,109,330,165
P20,Encoding,enc_17,1,2,557.8,676.6,482,412,206
P20,Encoding,enc_17,1,3,723.7,751.5,926,326,163
P20,Encoding,enc_17,1,4,791.9,428.9,1320,296,148
P20,Encoding,enc_17,1,5,863.3,271.1,1683,340,170
P20,Encoding,enc_17,1,6,969.6,678.2,2059,334,167
P20,Encoding,enc_17,1,7,602.5,636.7,2461,176,88
P20,Encoding,enc_17,1,8,772.9,488.9,2691,272,136
P20,Encoding,enc_17,1,9,763.6,371.4,2992,496,248
P20,Encoding,enc_17,1,10,695.4,739.5,3515,266,133
P20,Encoding,enc_17,1,11,998.3,662.3,3819,452,226
P20,Encoding,enc_17,1,12,953.2,639.7,4321,190,95
P20,Encoding,enc_17,1,13,931.2,646.3,4570,260,130
P20,Encoding,enc_17,1,14,765.7,338.6,4857,316,158
P20,Encoding,enc_17,1,15,812.1,675.2,5233,196,98
P20,Encoding,enc_18,1,1,1060.7,311.1,75,80,40
P20,Encoding,enc_18,1,2,1188.4,565.2,202,274,137
P20,Encoding,enc_18,1,3,1024.8,757.8,532,228,114
P20,Encoding,enc_18,1,4,794.9,646.4,810,232,116
P20,Encoding,enc_18,1,5,740.1,483.6,1101,216,108
P20,Encoding,enc_18,1,6,906.0,372.0,1384,364,182
P20,Encoding,enc_18,1,7,1030.7,405.6,1776,166,83
P20,Encoding,enc_18,1,8,898.6,334.4,1975,348,174
P20,Encoding,enc_18,1,9,1069.3,688.2,2367,246,123
P20,Encoding,enc_18,1,10,1358.7,841.4,2645,388,194
P20,Encoding,enc_18,1,11,1040.4,710.3,3080,310,155
P20,Encoding,enc_18,1,12,751.9,627.5,3451,330,165
P20,Encoding,enc_18,1,13,1797.9,1005.5,3816,114,57
P20,Encoding,enc_18,1,14,711.3,597.7,3993,234,117
P20,Encoding,enc_18,1,15,1343.1,814.0,4278,244,122
P20,Encoding,enc_19,1,1,1034.9,367.5,82,462,231
P20,Encoding,enc_19,1,2,736.6,355.4,585,106,53
P20,Encoding,enc_19,1,3,991.2,388.9,743,146,73
P20,Encoding,enc_19,1,4,566.0,417.1,920,412,206
P20,Encoding,enc_19,1,5,656.5,368.5,1377,90,45
P20,Encoding,enc_19,1,6,654.1,353.5,1504,266,133
P20,Encoding,enc_19,1,7,986.5,338.5,1812,326,163
P20,Encoding,enc_19,1,8,975.0,565.1,2172,218,109
P20,Encoding,enc_19,1,9,673.2,405.8,2447,332,166
P20,Encoding,enc_19,1,10,560.4,878.6,2817,190,95
P20,Encoding,enc_19,1,11,610.7,342.9,3046,280,140
P20,Encoding,enc_19,1,12,700.6,347.5,3381,272,136
P20,Encoding,enc_19,1,13,644.9,365.5,3685,314,157
P20,Encoding,enc_19,1,14,968.8,561.5,4033,144,72
P20,Encoding,enc_20,1,1,1036.3,631.2,89,256,128
P20,Encoding,enc_20,1,2,699.7,518.3,396,260,130
P20,Encoding,enc_20,1,3,1068.3,645.2,698,214,107
P20,Encoding,enc_20,1,4,1160.2,575.2,936,198,99
P20,Encoding,enc_20,1,5,1159.2,535.1,1192,150,75
P20,Encoding,enc_20,1,6,600.7,502.3,1385,410,205
P20,Encoding,enc_20,1,7,920.1,302.4,1840,416,208
P20,Encoding,enc_20,1,8,1030.7,393.7,2298,258,129
P20,Encoding,enc_20,1,9,973.0,505.6,2604,296,148
P20,Encoding,enc_20,1,10,542.1,190.6,2968,218,109
P20,Encoding,enc_20,1,11,1202.2,575.9,3234,316,158
P20,Encoding,enc_20,1,12,640.2,532.1,3613,214,107
P20,Encoding,enc_20,1,13,932.7,353.0,3896,292,146
P20,Retrieval,ret_01,1,1,1089.7,468.9,89,248,124
P20,Retrieval,ret_01,1,2,953.4,522.0,383,328,164
P20,Retrieval,ret_01,1,3,984.1,612.1,759,284,142
P20,Retrieval,ret_01,1,4,854.6,279.2,1094,412,206
P20,Retrieval,ret_01,1,5,1245.3,735.4,1564,230,115
P20,Retrieval,ret_01,1,6,1050.6,649.9,1825,180,90
P20,Retrieval,ret_01,1,7,1239.3,664.0,2034,292,146
P20,Retrieval,ret_01,1,8,1032.7,647.1,2367,428,214
P20,Retrieval,ret_01,1,9,875.1,524.5,2835,274,137
P20,Retrieval,ret_01,1,10,1800.9,278.5,3166,138,69
P20,Retrieval,ret_01,1,11,32.0,977.3,3343,378,189
P20,Retrieval,ret_01,1,12,938.4,470.9,3763,352,176
P20,Retrieval,ret_01,1,13,504.7,540.9,4139,432,216
P20,Retrieval,ret_01,1,14,971.9,683.7,4626,156,78
P20,Retrieval,ret_02,1,1,257.5,63.7,87,236,118
P20,Retrieval,ret_02,1,2,946.1,698.4,384,238,119
P20,Retrieval,ret_02,1,3,960.0,678.7,668,362,181
P20,Retrieval,ret_02,1,4,914.9,674.7,1055,390,195
P20,Retrieval,ret_02,1,5,1344.8,594.1,1508,462,231
P20,Retrieval,ret_02,1,6,817.1,698.8,2008,344,172
P20,Retrieval,ret_02,1,7,275.8,633.8,2382,130,65
P20,Retrieval,ret_02,1,8,950.0,539.3,2547,206,103
P20,Retrieval,ret_02,1,9,1344.3,651.4,2792,402,201
P20,Retrieval,ret_02,1,10,1258.2,586.1,3247,268,134
P20,Retrieval,ret_02,1,11,907.9,726.5,3552,350,175
P20,Retrieval,ret_02,1,12,947.6,519.0,3963,302,151
P20,Retrieval,ret_02,1,13,834.6,628.4,4311,416,208
P20,Retrieval,ret_02,1,14,1327.7,361.5,4767,266,133
P20,Retrieval,ret_03,1,1,782.2,462.3,88,188,94
P20,Retrieval,ret_03,1,2,1052.2,335.4,338,208,104
P20,Retrieval,ret_03,1,3,1193.0,351.2,594,268,134
P20,Retrieval,ret_03,1,4,1119.3,126.1,887,326,163
P20,Retrieval,ret_03,1,5,814.9,920.0,1260,234,117
P20,Retrieval,ret_03,1,6,1076.6,792.1,1550,288,144
P20,Retrieval,ret_03,1,7,1123.9,327.3,1870,168,84
P20,Retrieval,ret_03,1,8,1115.9,315.9,2103,182,91
P20,Retrieval,ret_03,1,9,1085.5,860.4,2352,386,193
P20,Retrieval,ret_03,1,10,1199.7,334.2,2770,382,191
P20,Retrieval,ret_03,1,11,991.4,568.9,3212,314,157
P20,Retrieval,ret_03,1,12,976.8,773.8,3572,410,205
P20,Retrieval,ret_03,1,13,878.9,524.8,4020,292,146
P20,Retrieval,ret_03,1,14,1165.7,322.4,4346,406,203
P20,Retrieval,ret_04,1,1,1065.3,559.8,71,378,189
P20,Retrieval,ret_04,1,2,960.6,483.7,500,298,149
P20,Retrieval,ret_04,1,3,1316.1,786.1,837,280,140
P20,Retrieval,ret_04,1,4,1382.8,751.9,1185,252,126
P20,Retrieval,ret_04,1,5,718.8,317.9,1502,256,128
P20,Retrieval,ret_04,1,6,740.0,381.6,1825,370,185
P20,Retrieval,ret_04,1,7,946.4,330.5,2245,248,124
P20,Retrieval,ret_04,1,8,756.2,307.5,2553,232,116
P20,Retrieval,ret_04,1,9,765.8,337.4,2843,320,160
P20,Retrieval,ret_04,1,10,1119.1,598.4,3223,314,157
P20,Retrieval,ret_04,1,11,771.1,361.6,3581,274,137
P20,Retrieval,ret_04,1,12,842.6,618.0,3888,198,99
P20,Retrieval,ret_04,1,13,978.2,500.4,4147,184,92
P20,Retrieval,ret_04,1,14,1312.2,688.3,4362,234,117
P20,Retrieval,ret_04,1,15,875.6,841.0,4657,146,73
P20,Retrieval,ret_04,1,16,665.8,230.5,4864,118,59
P20,Retrieval,ret_04,1,17,1462.9,317.3,5013,304,152
P20,Retrieval,ret_05,1,1,1201.2,356.4,43,286,143
P20,Retrieval,ret_05,1,2,971.4,506.5,372,226,113
P20,Retrieval,ret_05,1,3,1260.5,346.9,667,480,240
P20,Retrieval,ret_05,1,4,1284.5,583.3,1181,182,91
P20,Retrieval,ret_05,1,5,839.1,531.6,1409,258,129
P20,Retrieval,ret_05,1,6,528.4,429.1,1694,394,197
P20,Retrieval,ret_05,1,7,504.8,843.2,2145,358,179
P20,Retrieval,ret_05,1,8,917.6,468.1,2556,254,127
P20,Retrieval,ret_05,1,9,561.1,447.3,2844,406,203
P20,Retrieval,ret_05,1,10,954.0,547.0,3303,420,210
P20,Retrieval,ret_05,1,11,568.0,436.8,3788,340,170
P20,Retrieval,ret_05,1,12,788.6,476.5,4188,410,205
P20,Retrieval,ret_05,1,13,587.2,379.7,4659,278,139
P20,Retrieval,ret_05,1,14,932.7,447.4,4995,272,136
P20,Retrieval,ret_05,1,15,607.0,474.0,5295,186,93
P20,Retrieval,ret_05,1,16,1020.6,539.1,5509,248,124
P20,Retrieval,ret_06,1,1,1057.6,832.1,78,278,0
P20,Retrieval,ret_06,1,2,1349.3,326.2,405,328,0
P20,Retrieval,ret_06,1,3,991.0,613.3,757,178,0
P20,Retrieval,ret_06,1,4,1295.5,521.3,989,340,0
P20,Retrieval,ret_06,1,5,963.1,225.8,1370,312,0
P20,Retrieval,ret_06,1,6,567.6,274.2,1743,246,0
P20,Retrieval,ret_06,1,7,1426.8,161.2,2051,112,0
P20,Retrieval,ret_06,1,8,1004.0,526.7,2226,80,0
P20,Retrieval,ret_06,1,9,1256.5,552.2,2336,140,0
P20,Retrieval,ret_06,1,10,541.7,589.3,2511,246,0
P20,Retrieval,ret_06,1,11,636.7,601.7,2809,354,0
P20,Retrieval,ret_06,1,12,779.4,678.4,3199,198,0
P20,Retrieval,ret_06,1,13,903.4,181.0,3458,216,0
P20,Retrieval,ret_06,1,14,835.4,659.7,3710,508,0
P20,Retrieval,ret_07,1,1,652.7,665.3,101,194,97
P20,Retrieval,ret_07,1,2,813.3,286.6,360,344,172
P20,Retrieval,ret_07,1,3,1014.8,577.1,728,262,131
P20,Retrieval,ret_07,1,4,1193.7,765.3,1022,154,77
P20,Retrieval,ret_07,1,5,791.5,267.1,1227,416,208
P20,Retrieval,ret_07,1,6,579.8,702.5,1700,356,178
P20,Retrieval,ret_07,1,7,889.9,286.9,2080,262,131
P20,Retrieval,ret_07,1,8,802.5,310.7,2399,248,124
P20,Retrieval,ret_07,1,9,999.3,536.9,2683,298,149
P20,Retrieval,ret_07,1,10,803.5,253.3,3008,410,205
P20,Retrieval,ret_07,1,11,1080.8,744.4,3478,264,132
P20,Retrieval,ret_07,1,12,943.1,590.6,3792,180,90
P20,Retrieval,ret_07,1,13,758.2,463.3,4026,268,134
P20,Retrieval,ret_07,1,14,740.2,261.2,4360,350,175
P20,Retrieval,ret_07,1,15,999.2,535.8,4738,346,173
P20,Retrieval,ret_08,1,1,1255.2,535.6,83,432,216
P20,Retrieval,ret_08,1,2,1309.6,550.4,546,302,151
P20,Retrieval,ret_08,1,3,1284.5,631.8,892,380,190
P20,Retrieval,ret_08,1,4,1677.0,611.1,1339,262,131
P20,Retrieval,ret_08,1,5,1007.6,526.6,1644,132,66
P20,Retrieval,ret_08,1,6,317.0,972.7,1815,446,223
P20,Retrieval,ret_08,1,7,974.9,518.9,2305,210,105
P20,Retrieval,ret_08,1,8,1298.8,539.4,2563,168,84
P20,Retrieval,ret_08,1,9,1041.1,540.2,2756,224,112
P20,Retrieval,ret_08,1,10,1285.4,557.0,3029,318,159
P20,Retrieval,ret_08,1,11,1405.8,911.2,3383,360,180
P20,Retrieval,ret_08,1,12,953.1,520.9,3795,338,169
P20,Retrieval,ret_08,1,13,1110.1,473.8,4163,410,205
P20,Retrieval,ret_09,1,1,1015.4,594.6,67,412,206
P20,Retrieval,ret_09,1,2,846.3,348.2,519,80,40
P20,Retrieval,ret_09,1,3,991.4,644.1,623,326,163
P20,Retrieval,ret_09,1,4,957.2,478.0,992,246,123
P20,Retrieval,ret_09,1,5,950.5,596.6,1263,162,81
P20,Retrieval,ret_09,1,6,982.5,547.8,1480,278,139
P20,Retrieval,ret_09,1,7,983.4,487.3,1796,270,135
P20,Retrieval,ret_09,1,8,779.8,278.9,2106,324,162
P20,Retrieval,ret_09,1,9,969.9,719.6,2497,298,149
P20,Retrieval,ret_09,1,10,963.3,513.8,2861,156,78
P20,Retrieval,ret_09,1,11,1015.5,625.6,3064,318,159
P20,Retrieval,ret_09,1,12,1018.9,697.4,3435,350,175
P20,Retrieval,ret_09,1,13,988.3,652.5,3832,204,102
P20,Retrieval,ret_09,1,14,963.3,635.8,4103,594,297
P20,Retrieval,ret_10,1,1,590.7,781.9,94,80,40
P20,Retrieval,ret_10,1,2,1230.0,369.3,225,312,156
P20,Retrieval,ret_10,1,3,1151.5,377.7,599,254,127
P20,Retrieval,ret_10,1,4,1055.7,571.8,882,428,214
P20,Retrieval,ret_10,1,5,1402.8,780.7,1339,278,139
P20,Retrieval,ret_10,1,6,1034.3,463.5,1665,444,222
P20,Retrieval,ret_10,1,7,407.6,766.0,2149,214,107
P20,Retrieval,ret_10,1,8,996.3,528.2,2419,188,94
P20,Retrieval,ret_10,1,9,1197.6,307.7,2634,288,144
P20,Retrieval,ret_10,1,10,810.6,796.1,2984,274,137
P20,Retrieval,ret_10,1,11,618.2,709.4,3283,308,154
P20,Retrieval,ret_10,1,12,1011.6,576.7,3619,290,145
P20,Retrieval,ret_10,1,13,1346.6,704.5,3973,154,77
P20,Retrieval,ret_10,1,14,958.1,473.3,4171,298,149
P20,Retrieval,ret_10,1,15,573.5,637.1,4538,222,111
P20,Retrieval,ret_11,1,1,1308.5,566.2,74,392,196
P20,Retrieval,ret_11,1,2,1023.8,635.1,529,362,181
P20,Retrieval,ret_11,1,3,936.6,480.1,935,334,167
P20,Retrieval,ret_11,1,4,1400.8,642.8,1316,204,102
P20,Retrieval,ret_11,1,5,1353.6,619.0,1584,200,100
P20,Retrieval,ret_11,1,6,1354.4,578.6,1813,320,160
P20,Retrieval,ret_11,1,7,1232.5,67.3,2195,228,114
P20,Retrieval,ret_11,1,8,854.7,581.3,2463,282,141
P20,Retrieval,ret_11,1,9,799.5,471.8,2804,192,96
P20,Retrieval,ret_11,1,10,834.7,304.1,3043,404,202
P20,Retrieval,ret_11,1,11,1362.4,600.4,3500,298,149
P20,Retrieval,ret_11,1,12,993.2,505.7,3840,376,188
P20,Retrieval,ret_11,1,13,276.8,1040.0,4263,212,106
P20,Retrieval,ret_12,1,1,833.0,321.9,114,380,190
P20,Retrieval,ret_12,1,2,912.6,475.0,562,252,126
P20,Retrieval,ret_12,1,3,1011.6,750.5,866,198,99
P20,Retrieval,ret_12,1,4,1018.9,718.0,1091,220,110
P20,Retrieval,ret_12,1,5,1134.8,740.0,1356,304,152
P20,Retrieval,ret_12,1,6,1879.4,526.8,1717,378,189
P20,Retrieval,ret_12,1,7,969.8,352.4,2144,324,162
P20,Retrieval,ret_12,1,8,618.5,237.3,2536,440,220
P20,Retrieval,ret_12,1,9,978.1,519.6,3003,298,149
P20,Retrieval,ret_12,1,10,969.4,263.1,3353,338,169
P20,Retrieval,ret_12,1,11,992.0,571.8,3728,462,231
P20,Retrieval,ret_12,1,12,1342.5,587.7,4231,180,90
P20,Retrieval,ret_12,1,13,1027.4,752.9,4463,276,138
P20,Retrieval,ret_12,1,14,1281.1,680.0,4787,318,159
P20,Retrieval,ret_12,1,15,539.4,1053.4,5146,498,249
P20,Retrieval,ret_12,1,16,1056.1,301.3,5713,276,138
P20,Retrieval,ret_13,1,1,780.8,438.6,70,242,121
P20,Retrieval,ret_13,1,2,1074.5,346.0,380,360,180
P20,Retrieval,ret_13,1,3,857.1,377.6,792,350,175
P20,Retrieval,ret_13,1,4,883.5,312.5,1192,378,189
P20,Retrieval,ret_13,1,5,817.1,194.3,1594,236,118
P20,Retrieval,ret_13,1,6,1074.1,459.2,1875,246,123
P20,Retrieval,ret_13,1,7,759.6,437.5,2153,284,142
P20,Retrieval,ret_13,1,8,1657.9,243.5,2504,204,102
P20,Retrieval,ret_13,1,9,839.7,312.1,2761,120,60
P20,Retrieval,ret_13,1,10,1258.8,254.6,2934,80,40
P20,Retrieval,ret_14,1,1,860.2,669.3,108,388,194
P20,Retrieval,ret_14,1,2,660.0,794.4,562,304,152
P20,Retrieval,ret_14,1,3,743.5,726.6,934,204,102
P20,Retrieval,ret_14,1,4,744.7,704.8,1194,444,222
P20,Retrieval,ret_14,1,5,1109.3,260.9,1662,340,170
P20,Retrieval,ret_14,1,6,858.0,624.2,2039,350,175
P20,Retrieval,ret_14,1,7,1120.4,269.2,2439,344,172
P20,Retrieval,ret_14,1,8,999.0,484.7,2808,214,107
P20,Retrieval,ret_14,1,9,885.4,692.6,3085,242,121
P20,Retrieval,ret_14,1,10,97.9,578.7,3384,260,130
P20,Retrieval,ret_14,1,11,669.1,723.6,3690,246,123
P20,Retrieval,ret_14,1,12,667.5,691.4,3963,196,98
P20,Retrieval,ret_14,1,13,863.7,685.3,4203,380,190
P20,Retrieval,ret_14,1,14,912.8,790.5,4628,274,137
P20,Retrieval,ret_14,1,15,1135.8,283.3,4955,326,163
P20,Retrieval,ret_14,1,16,789.5,769.4,5340,80,40
P20,Retrieval,ret_15,1,1,996.4,527.3,47,230,115
P20,Retrieval,ret_15,1,2,683.3,359.9,346,212,106
P20,Retrieval,ret_15,1,3,652.4,359.2,590,294,147
P20,Retrieval,ret_15,1,4,1065.3,400.5,936,218,109
P20,Retrieval,ret_15,1,5,647.1,377.7,1192,234,117
P20,Retrieval,ret_15,1,6,913.0,532.3,1466,244,122
P20,Retrieval,ret_15,1,7,652.1,320.0,1742,334,167
P20,Retrieval,ret_15,1,8,626.8,329.8,2139,358,179
P20,Retrieval,ret_15,1,9,722.5,361.6,2548,316,158
P20,Retrieval,ret_15,1,10,971.6,384.6,2926,162,81
P20,Retrieval,ret_15,1,11,1022.8,411.9,3155,296,148
P20,Retrieval,ret_15,1,12,966.2,345.2,3501,506,253
P20,Retrieval,ret_15,1,13,735.7,359.9,4071,298,149
P20,Retrieval,ret_16,1,1,1271.7,417.4,47,282,141
P20,Retrieval,ret_16,1,2,719.1,369.2,353,290,145
P20,Retrieval,ret_16,1,3,804.3,451.8,684,264,132
P20,Retrieval,ret_16,1,4,1190.0,427.3,1014,274,137
P20,Retrieval,ret_16,1,5,1125.5,412.3,1322,418,209
P20,Retrieval,ret_16,1,6,934.6,547.0,1765,398,199
P20,Retrieval,ret_16,1,7,723.0,268.2,2230,338,169
P20,Retrieval,ret_16,1,8,750.8,301.7,2610,414,207
P20,Retrieval,ret_16,1,9,1023.0,609.7,3061,266,133
P20,Retrieval,ret_16,1,10,1032.2,691.3,3372,254,127
P20,Retrieval,ret_16,1,11,1121.4,488.7,3652,264,132
P20,Retrieval,ret_16,1,12,1039.8,671.7,3950,422,211
P20,Retrieval,ret_16,1,13,975.7,560.6,4407,292,146
P20,Retrieval,ret_17,1,1,1191.6,640.9,116,314,157
P20,Retrieval,ret_17,1,2,1213.5,584.9,481,408,204
P20,Retrieval,ret_17,1,3,1260.4,592.9,930,258,129
P20,Retrieval,ret_17,1,4,762.2,442.3,1229,168,84
P20,Retrieval,ret_17,1,5,1197.5,551.8,1459,228,114
P20,Retrieval,ret_17,1,6,1198.4,273.8,1748,284,142
P20,Retrieval,ret_17,1,7,891.9,723.9,2068,346,173
P20,Retrieval,ret_17,1,8,730.3,535.7,2465,190,95
P20,Retrieval,ret_17,1,9,1349.6,275.3,2724,302,151
P20,Retrieval,ret_17,1,10,866.0,666.7,3068,342,171
P20,Retrieval,ret_17,1,11,830.6,481.2,3448,262,131
P20,Retrieval,ret_17,1,12,1144.2,774.6,3764,158,79
P20,Retrieval,ret_17,1,13,1249.1,363.4,3965,208,104
P20,Retrieval,ret_18,1,1,1180.4,724.3,107,310,155
P20,Retrieval,ret_18,1,2,1048.7,635.9,474,320,160
P20,Retrieval,ret_18,1,3,695.0,536.3,836,228,114
P20,Retrieval,ret_18,1,4,596.0,584.4,1107,374,187
P20,Retrieval,ret_18,1,5,1311.0,368.1,1525,462,231
P20,Retrieval,ret_18,1,6,593.6,35.3,2031,276,138
P20,Retrieval,ret_18,1,7,999.4,575.0,2356,318,159
P20,Retrieval,ret_18,1,8,801.9,658.6,2735,320,160
P20,Retrieval,ret_18,1,9,1466.2,817.3,3094,392,196
P20,Retrieval,ret_18,1,10,973.2,548.1,3516,162,81
P20,Retrieval,ret_18,1,11,1162.7,625.9,3730,288,144
P20,Retrieval,ret_18,1,12,902.7,586.5,4061,322,161
P20,Retrieval,ret_18,1,13,908.3,536.8,4420,80,40
P20,Retrieval,ret_18,1,14,1394.3,913.9,4532,292,146
P20,Retrieval,ret_18,1,15,993.0,402.7,4886,296,148
P20,Retrieval,ret_18,1,16,615.3,630.0,5220,418,209
P20,Retrieval,ret_19,1,1,1396.0,428.4,118,162,81
P20,Retrieval,ret_19,1,2,779.1,581.1,329,200,100
P20,Retrieval,ret_19,1,3,997.1,529.4,590,434,217
P20,Retrieval,ret_19,1,4,950.6,442.5,1069,376,188
P20,Retrieval,ret_19,1,5,1176.5,392.2,1486,304,152
P20,Retrieval,ret_19,1,6,958.1,539.5,1853,322,161
P20,Retrieval,ret_19,1,7,1325.7,331.9,2201,196,98
P20,Retrieval,ret_19,1,8,1132.7,602.1,2430,214,107
P20,Retrieval,ret_19,1,9,1433.9,525.3,2713,346,173
P20,Retrieval,ret_19,1,10,1356.6,447.1,3116,302,151
P20,Retrieval,ret_19,1,11,675.7,897.3,3474,348,174
P20,Retrieval,ret_20,1,1,1298.2,482.7,105,268,134
P20,Retrieval,ret_20,1,2,962.4,567.5,433,260,130
P20,Retrieval,ret_20,1,3,1375.2,812.7,722,80,40
P20,Retrieval,ret_20,1,4,985.7,623.5,857,294,147
P20,Retrieval,ret_20,1,5,912.4,605.7,1188,168,84
P20,Retrieval,ret_20,1,6,1022.7,514.8,1382,218,109
P20,Retrieval,ret_20,1,7,740.5,487.4,1647,286,143
P20,Retrieval,ret_20,1,8,1050.1,496.5,1959,344,172
P20,Retrieval,ret_20,1,9,1335.3,814.2,2331,256,128
P20,Retrieval,ret_20,1,10,537.2,848.8,2635,360,180
P20,Retrieval,ret_20,1,11,857.9,582.3,3039,178,89
P20,Retrieval,ret_20,1,12,801.5,496.3,3260,242,121
P20,Retrieval,ret_20,1,13,904.0,361.4,3562,256,128
P20,Retrieval,ret_20,1,14,873.9,472.8,3876,288,144
P20,Retrieval,ret_20,1,15,958.5,612.9,4220,166,83
P20,Retrieval,ret_20,1,16,1159.0,800.6,4428,210,105
P20,Retrieval,ret_20,1,17,868.7,582.0,4698,320,160
P20,Retrieval,ret_20,1,18,1790.9,183.6,5064,286,143
P21,Encoding,enc_01,1,1,1370.1,650.9,68,254,127
P21,Encoding,enc_01,1,2,1363.0,547.8,385,216,108
P21,Encoding,enc_01,1,3,1092.2,694.2,642,248,124
P21,Encoding,enc_01,1,4,1111.5,809.9,953,306,153
P21,Encoding,enc_01,1,5,880.8,298.2,1315,332,166
P21,Encoding,enc_01,1,6,822.3,298.4,1702,344,172
P21,Encoding,enc_01,1,7,1328.3,597.1,2097,198,99
P21,Encoding,enc_01,1,8,812.9,752.3,2329,406,203
P21,Encoding,enc_01,1,9,827.2,455.9,2770,146,73
P21,Encoding,enc_01,1,10,811.2,509.4,2981,292,146
P21,Encoding,enc_01,1,11,1160.1,295.4,3313,490,245
P21,Encoding,enc_02,1,1,867.9,723.5,100,412,206
P21,Encoding,enc_02,1,2,464.8,199.3,547,370,185
P21,Encoding,enc_02,1,3,680.7,729.3,942,346,173
P21,Encoding,enc_02,1,4,758.4,414.5,1325,254,127
P21,Encoding,enc_02,1,5,696.1,727.0,1631,310,155
P21,Encoding,enc_02,1,6,868.4,45.7,2008,298,149
P21,Encoding,enc_02,1,7,1068.6,248.9,2371,238,119
P21,Encoding,enc_02,1,8,1038.6,291.7,2648,290,145
P21,Encoding,enc_02,1,9,1348.9,736.1,3000,346,173
P21,Encoding,enc_02,1,10,634.0,515.8,3390,324,162
P21,Encoding,enc_02,1,11,1091.7,290.7,3747,220,110
P21,Encoding,enc_02,1,12,1053.7,297.7,4036,348,174
P21,Encoding,enc_02,1,13,1074.7,274.1,4425,196,98
P21,Encoding,enc_02,1,14,1537.4,437.4,4690,380,190
P21,Encoding,enc_02,1,15,484.3,332.9,5117,316,158
P21,Encoding,enc_03,1,1,671.2,364.7,78,224,112
P21,Encoding,enc_03,1,2,758.1,481.3,345,310,155
P21,Encoding,enc_03,1,3,859.0,724.9,688,360,180
P21,Encoding,enc_03,1,4,1451.5,786.5,1116,338,169
P21,Encoding,enc_03,1,5,490.4,374.9,1498,378,189
P21,Encoding,enc_03,1,6,1212.4,306.5,1903,438,219
P21,Encoding,enc_03,1,7,874.0,712.4,2374,224,112
P21,Encoding,enc_03,1,8,1164.1,639.0,2645,206,103
P21,Encoding,enc_03,1,9,827.5,495.2,2897,366,183
P21,Encoding,enc_03,1,10,656.0,225.7,3302,244,122
P21,Encoding,enc_03,1,11,1181.5,623.6,3594,342,171
P21,Encoding,enc_03,1,12,1176.0,651.8,3986,326,163
P21,Encoding,enc_03,1,13,1223.3,753.1,4376,342,171
P21,Encoding,enc_04,1,1,1413.6,843.0,58,470,235
P21,Encoding,enc_04,1,2,1221.9,484.1,571,190,95
P21,Encoding,enc_04,1,3,1065.4,772.9,826,190,95
P21,Encoding,enc_04,1,4,1293.8,718.6,1053,284,142
P21,Encoding,enc_04,1,5,1335.1,826.8,1400,356,178
P21,Encoding,enc_04,1,6,1314.9,800.0,1806,450,225
P21,Encoding,enc_04,1,7,1325.1,721.4,2316,412,206
P21,Encoding,enc_04,1,8,1012.0,655.9,2770,342,171
P21,Encoding,enc_04,1,9,1292.1,506.9,3157,316,158
P21,Encoding,enc_04,1,10,1397.9,841.6,3508,166,83
P21,Encoding,enc_04,1,11,582.8,796.0,3702,302,151
P21,Encoding,enc_04,1,12,1264.8,694.0,4041,342,171
P21,Encoding,enc_04,1,13,1072.6,708.9,4408,332,166
P21,Encoding,enc_05,1,1,1163.9,650.4,66,314,157
P21,Encoding,enc_05,1,2,1159.7,816.7,436,366,183
P21,Encoding,enc_05,1,3,1163.8,625.2,859,320,160
P21,Encoding,enc_05,1,4,1166.5,668.9,1203,246,123
P21,Encoding,enc_05,1,5,1135.7,829.5,1486,154,77
P21,Encoding,enc_05,1,6,1100.8,808.5,1707,450,225
P21,Encoding,enc_05,1,7,1137.5,638.2,2193,162,81
P21,Encoding,enc_05,1,8,719.5,727.6,2404,244,122
P21,Encoding,enc_05,1,9,754.9,468.8,2689,438,219
P21,Encoding,enc_05,1,10,1367.5,318.1,3164,234,117
P21,Encoding,enc_05,1,11,1159.2,791.8,3449,412,206
P21,Encoding,enc_05,1,12,1855.5,1015.4,3925,442,221
P21,Encoding,enc_05,1,13,1130.2,808.1,4422,254,127
P21,Encoding,enc_05,1,14,717.2,746.7,4729,302,151
P21,Encoding,enc_05,1,15,644.1,739.3,5097,336,168
P21,Encoding,enc_05,1,16,1150.6,807.9,5463,174,87
P21,Encoding,enc_06,1,1,1316.8,475.7,106,274,137
P21,Encoding,enc_06,1,2,665.7,450.5,406,264,132
P21,Encoding,enc_06,1,3,1145.1,388.6,718,438,219
P21,Encoding,enc_06,1,4,655.5,732.6,1212,158,79
P21,Encoding,enc_06,1,5,1304.4,465.7,1424,328,164
P21,Encoding,enc_06,1,6,1367.5,484.7,1813,152,76
P21,Encoding,enc_06,1,7,834.0,445.6,1997,80,40
P21,Encoding,enc_06,1,8,336.7,313.4,2134,348,174
P21,Encoding,enc_06,1,9,1344.8,509.0,2542,384,192
P21,Encoding,enc_06,1,10,1323.0,487.0,2987,316,158
P21,Encoding,enc_06,1,11,1116.3,568.7,3349,226,113
P21,Encoding,enc_06,1,12,679.8,450.1,3616,262,131
P21,Encoding,enc_06,1,13,817.3,49.8,3907,90,45
P21,Encoding,enc_06,1,14,679.4,396.1,4035,156,78
P21,Encoding,enc_07,1,1,1662.2,998.6,103,356,178
P21,Encoding,enc_07,1,2,259.4,695.0,528,324,162
P21,Encoding,enc_07,1,3,1157.0,753.0,877,320,160
P21,Encoding,enc_07,1,4,949.2,425.8,1256,236,118
P21,Encoding,enc_07,1,5,1105.7,258.8,1527,262,131
P21,Encoding,enc_07,1,6,1118.6,266.9,1841,108,54
P21,Encoding,enc_07,1,7,1134.3,743.0,1979,304,152
P21,Encoding,enc_07,1,8,1139.3,744.2,2312,328,164
P21,Encoding,enc_07,1,9,1107.0,276.2,2694,382,191
P21,Encoding,enc_07,1,10,1031.8,259.6,3101,88,44
P21,Encoding,enc_08,1,1,925.7,515.4,117,386,193
P21,Encoding,enc_08,1,2,1053.7,711.2,572,288,144
P21,Encoding,enc_08,1,3,1105.9,698.3,923,320,160
P21,Encoding,enc_08,1,4,1349.5,827.6,1301,324,162
P21,Encoding,enc_08,1,5,1328.0,819.4,1668,508,254
P21,Encoding,enc_08,1,6,1077.3,754.2,2207,164,82
P21,Encoding,enc_08,1,7,748.5,590.8,2399,426,213
P21,Encoding,enc_08,1,8,1089.4,768.8,2883,130,65
P21,Encoding,enc_08,1,9,1200.7,393.6,3041,280,140
P21,Encoding,enc_08,1,10,1065.4,417.6,3358,372,186
P21,Encoding,enc_08,1,11,1343.3,824.9,3790,268,134
P21,Encoding,enc_08,1,12,752.5,616.7,4113,504,252
P21,Encoding,enc_08,1,13,998.6,708.0,4641,204,102
P21,Encoding,enc_08,1,14,1071.8,384.3,4893,148,74
P21,Encoding,enc_08,1,15,820.3,847.4,5105,290,145
P21,Encoding,enc_09,1,1,696.1,385.7,95,352,176
P21,Encoding,enc_09,1,2,690.2,426.2,492,242,121
P21,Encoding,enc_09,1,3,926.2,399.5,788,432,216
P21,Encoding,enc_09,1,4,630.3,367.2,1265,308,154
P21,Encoding,enc_09,1,5,968.3,358.2,1620,340,170
P21,Encoding,enc_09,1,6,976.0,582.7,1994,296,148
P21,Encoding,enc_09,1,7,651.2,388.9,2345,218,109
P21,Encoding,enc_09,1,8,493.5,314.4,2609,246,123
P21,Encoding,enc_09,1,9,1007.7,539.8,2897,252,126
P21,Encoding,enc_09,1,10,1223.2,801.8,3195,246,123
P21,Encoding,enc_09,1,11,986.2,359.4,3502,236,118
P21,Encoding,enc_09,1,12,758.8,392.4,3763,322,161
P21,Encoding,enc_09,1,13,982.8,606.4,4045,280,140
P21,Encoding,enc_10,1,1,956.0,318.1,41,400,200
P21,Encoding,enc_10,1,2,944.4,419.0,480,218,109
P21,Encoding,enc_10,1,3,990.3,970.0,731,352,176
P21,Encoding,enc_10,1,4,953.7,391.9,1131,174,87
P21,Encoding,enc_10,1,5,1147.2,525.6,1330,252,126
P21,Encoding,enc_10,1,6,1181.9,638.2,1638,204,102
P21,Encoding,enc_10,1,7,1143.8,574.9,1872,202,101
P21,Encoding,enc_10,1,8,913.8,363.7,2108,92,46
P21,Encoding,enc_10,1,9,1154.6,615.6,2261,410,205
P21,Encoding,enc_10,1,10,1139.0,238.2,2712,344,172
P21,Encoding,enc_10,1,11,906.8,419.2,3125,298,149
P21,Encoding,enc_10,1,12,1003.8,411.1,3448,266,133
P21,Encoding,enc_11,1,1,1122.6,408.4,73,398,199
P21,Encoding,enc_11,1,2,1303.4,537.1,520,286,143
P21,Encoding,enc_11,1,3,1070.7,370.6,844,244,122
P21,Encoding,enc_11,1,4,1082.6,417.3,1125,238,119
P21,Encoding,enc_11,1,5,1377.7,363.6,1430,350,175
P21,Encoding,enc_11,1,6,1059.6,660.8,1839,296,148
P21,Encoding,enc_11,1,7,455.9,480.3,2176,188,94
P21,Encoding,enc_11,1,8,1260.0,567.4,2394,392,196
P21,Encoding,enc_11,1,9,934.5,801.1,2854,292,146
P21,Encoding,enc_11,1,10,1326.8,375.1,3208,222,111
P21,Encoding,enc_11,1,11,1353.2,373.2,3461,296,148
P21,Encoding,enc_11,1,12,1368.3,378.4,3792,298,149
P21,Encoding,enc_11,1,13,1068.9,403.4,4142,278,139
P21,Encoding,enc_11,1,14,1878.3,608.8,4476,426,213
P21,Encoding,enc_12,1,1,1676.1,216.7,63,148,74
P21,Encoding,enc_12,1,2,821.9,695.1,273,118,59
P21,Encoding,enc_12,1,3,1308.5,603.6,430,324,162
P21,Encoding,enc_12,1,4,599.7,713.8,804,130,65
P21,Encoding,enc_12,1,5,854.4,797.4,971,318,159
P21,Encoding,enc_12,1,6,867.1,732.4,1329,454,227
P21,Encoding,enc_12,1,7,811.5,730.6,1823,412,206
P21,Encoding,enc_12,1,8,1018.1,538.6,2271,306,153
P21,Encoding,enc_12,1,9,1260.1,597.4,2640,436,218
P21,Encoding,enc_12,1,10,868.3,380.8,3114,290,145
P21,Encoding,enc_12,1,11,1017.0,456.2,3460,354,177
P21,Encoding,enc_12,1,12,1405.2,601.2,3864,196,98
P21,Encoding,enc_12,1,13,803.0,789.3,4097,484,242
P21,Encoding,enc_12,1,14,807.9,733.0,4625,258,129
P21,Encoding,enc_12,1,15,867.0,383.9,4932,426,213
P21,Encoding,enc_13,1,1,860.2,476.9,86,408,204
P21,Encoding,enc_13,1,2,575.0,519.4,519,390,195
P21,Encoding,enc_13,1,3,579.6,524.3,965,284,142
P21,Encoding,enc_13,1,4,801.7,457.7,1302,362,181
P21,Encoding,enc_13,1,5,892.0,433.5,1720,356,178
P21,Encoding,enc_13,1,6,1316.6,259.4,2137,364,182
P21,Encoding,enc_13,1,7,908.1,691.3,2532,80,40
P21,Encoding,enc_13,1,8,1344.0,446.9,2655,566,283
P21,Encoding,enc_13,1,9,969.2,389.3,3263,282,141
P21,Encoding,enc_13,1,10,836.8,437.1,3605,222,111
P21,Encoding,enc_13,1,11,1343.6,418.6,3872,290,145
P21,Encoding,enc_14,1,1,1297.0,471.6,53,272,136
P21,Encoding,enc_14,1,2,1321.6,476.8,379,290,145
P21,Encoding,enc_14,1,3,1201.3,459.0,703,146,73
P21,Encoding,enc_14,1,4,635.1,745.8,878,134,67
P21,Encoding,enc_14,1,5,768.6,378.9,1061,224,112
P21,Encoding,enc_14,1,6,1337.8,468.8,1325,406,203
P21,Encoding,enc_14,1,7,589.1,766.6,1798,408,204
P21,Encoding,enc_14,1,8,1181.0,715.9,2242,320,160
P21,Encoding,enc_14,1,9,1148.3,734.2,2588,132,66
P21,Encoding,enc_14,1,10,606.0,747.2,2757,236,118
P21,Encoding,enc_14,1,11,772.0,202.9,3049,362,181
P21,Encoding,enc_14,1,12,961.4,743.0,3475,300,150
P21,Encoding,enc_14,1,13,983.3,260.8,3843,288,144
P21,Encoding,enc_14,1,14,757.4,424.9,4157,420,210
P21,Encoding,enc_15,1,1,822.0,390.7,51,254,127
P21,Encoding,enc_15,1,2,951.2,317.7,329,182,91
P21,Encoding,enc_15,1,3,1295.5,331.0,541,508,254
P21,Encoding,enc_15,1,4,745.1,716.6,1090,300,150
P21,Encoding,enc_15,1,5,1294.7,283.7,1440,208,104
P21,Encoding,enc_15,1,6,845.6,242.2,1690,426,213
P21,Encoding,enc_15,1,7,1499.0,1033.9,2177,294,147
P21,Encoding,enc_15,1,8,863.9,409.1,2513,286,143
P21,Encoding,enc_15,1,9,732.6,678.2,2864,178,89
P21,Encoding,enc_15,1,10,1274.0,283.1,3075,180,90
P21,Encoding,enc_15,1,11,1053.7,706.7,3279,316,158
P21,Encoding,enc_15,1,12,1552.9,633.4,3638,178,89
P21,Encoding,enc_15,1,13,1037.7,379.3,3867,316,158
P21,Encoding,enc_15,1,14,803.4,423.6,4222,206,103
P21,Encoding,enc_16,1,1,1242.1,679.3,64,250,125
P21,Encoding,enc_16,1,2,1592.8,1031.8,383,408,204
P21,Encoding,enc_16,1,3,816.8,724.2,855,348,174
P21,Encoding,enc_16,1,4,998.5,657.3,1258,128,64
P21,Encoding,enc_16,1,5,1154.8,824.1,1433,404,202
P21,Encoding,enc_16,1,6,1050.1,667.1,1869,366,183
P21,Encoding,enc_16,1,7,609.6,276.9,2298,244,122
P21,Encoding,enc_16,1,8,774.3,707.9,2589,354,177
P21,Encoding,enc_16,1,9,765.5,720.0,2996,362,181
P21,Encoding,enc_16,1,10,988.1,636.7,3414,414,207
P21,Encoding,enc_16,1,11,1434.8,580.1,3882,238,119
P21,Encoding,enc_16,1,12,770.8,719.3,4145,326,163
P21,Encoding,enc_16,1,13,1000.8,634.6,4509,558,279
P21,Encoding,enc_16,1,14,1272.9,429.1,5124,220,110
P21,Encoding,enc_16,1,15,767.8,722.8,5378,406,203
P21,Encoding,enc_16,1,16,1215.0,596.1,5828,80,40
P21,Encoding,enc_16,1,17,1140.3,811.3,5973,98,49
P21,Encoding,enc_16,1,18,1151.8,784.9,6100,212,106
P21,Encoding,enc_17,1,1,766.5,500.6,107,322,161
P21,Encoding,enc_17,1,2,1394.5,457.5,472,350,175
P21,Encoding,enc_17,1,3,1125.9,374.7,876,212,106
P21,Encoding,enc_17,1,4,728.1,525.6,1140,214,107
P21,Encoding,enc_17,1,5,1106.2,342.7,1401,258,129
P21,Encoding,enc_17,1,6,795.9,556.8,1703,218,109
P21,Encoding,enc_17,1,7,506.5,322.8,1983,444,222
P21,Encoding,enc_17,1,8,1113.0,746.6,2465,306,153
P21,Encoding,enc_17,1,9,754.2,563.3,2839,86,43
P21,Encoding,enc_17,1,10,1401.1,433.3,2982,292,146
P21,Encoding,enc_17,1,11,780.0,502.8,3309,392,196
P21,Encoding,enc_17,1,12,738.2,602.6,3756,208,104
P21,Encoding,enc_18,1,1,664.8,290.1,96,236,118
P21,Encoding,enc_18,1,2,941.8,496.9,361,340,170
P21,Encoding,enc_18,1,3,415.6,945.1,735,336,168
P21,Encoding,enc_18,1,4,619.0,643.3,1124,182,91
P21,Encoding,enc_18,1,5,643.5,767.7,1356,398,199
P21,Encoding,enc_18,1,6,1307.8,829.2,1792,248,124
P21,Encoding,enc_18,1,7,1356.4,849.3,2105,372,186
P21,Encoding,enc_18,1,8,1401.0,241.9,2540,392,196
P21,Encoding,enc_18,1,9,992.1,461.0,2971,206,103
P21,Encoding,enc_18,1,10,959.6,507.6,3224,474,237
P21,Encoding,enc_18,1,11,1231.1,604.3,3742,348,174
P21,Encoding,enc_18,1,12,921.1,478.2,4118,192,96
P21,Encoding,enc_18,1,13,711.8,301.8,4376,508,254
P21,Encoding,enc_18,1,14,679.3,287.9,4928,148,74
P21,Encoding,enc_19,1,1,1114.3,630.6,52,384,192
P21,Encoding,enc_19,1,2,1220.4,472.1,465,326,163
P21,Encoding,enc_19,1,3,1347.5,698.1,839,302,151
P21,Encoding,enc_19,1,4,1291.9,568.9,1187,274,137
P21,Encoding,enc_19,1,5,1147.2,300.3,1493,214,107
P21,Encoding,enc_19,1,6,1327.4,534.2,1753,328,164
P21,Encoding,enc_19,1,7,1107.2,319.6,2129,242,121
P21,Encoding,enc_19,1,8,1110.5,277.9,2417,246,123
P21,Encoding,enc_19,1,9,1310.0,475.7,2715,284,142
P21,Encoding,enc_19,1,10,849.5,576.9,3059,140,70
P21,Encoding,enc_19,1,11,881.2,581.2,3246,148,74
P21,Encoding,enc_19,1,12,711.3,266.1,3450,290,145
P21,Encoding,enc_19,1,13,876.9,579.8,3764,388,194
P21,Encoding,enc_19,1,14,953.1,597.4,4211,410,205
P21,Encoding,enc_19,1,15,1161.9,524.2,4663,328,164
P21,Encoding,enc_19,1,16,1224.9,537.9,5029,396,198
P21,Encoding,enc_19,1,17,701.9,283.9,5456,384,192
P21,Encoding,enc_20,1,1,1266.1,586.6,77,296,148
P21,Encoding,enc_20,1,2,1217.0,270.5,427,92,46
P21,Encoding,enc_20,1,3,1197.2,583.7,568,372,186
P21,Encoding,enc_20,1,4,1216.0,265.5,964,330,165
P21,Encoding,enc_20,1,5,1216.1,285.2,1333,306,153
P21,Encoding,enc_20,1,6,1224.3,607.6,1688,336,168
P21,Encoding,enc_20,1,7,1065.2,460.9,2093,232,116
P21,Encoding,enc_20,1,8,716.5,346.4,2379,312,156
P21,Encoding,enc_20,1,9,1052.9,857.2,2745,278,139
P21,Encoding,enc_20,1,10,744.7,533.5,3083,300,150
P21,Encoding,enc_20,1,11,783.6,530.8,3416,302,151
P21,Encoding,enc_20,1,12,1258.3,595.5,3759,240,120
P21,Encoding,enc_20,1,13,1316.6,597.5,4054,190,95
P21,Encoding,enc_20,1,14,939.7,651.7,4296,262,131
P21,Encoding,enc_20,1,15,733.0,528.1,4616,290,145
P21,Encoding,enc_20,1,16,1102.0,488.3,4947,366,183
P21,Encoding,enc_20,1,17,704.7,542.8,5345,404,202
P21,Retrieval,ret_01,1,1,1402.9,572.6,68,126,63
P21,Retrieval,ret_01,1,2,1106.1,655.0,253,136,68
P21,Retrieval,ret_01,1,3,952.1,558.2,434,160,80
P21,Retrieval,ret_01,1,4,765.8,516.6,632,244,122
P21,Retrieval,ret_01,1,5,808.3,553.8,901,366,183
P21,Retrieval,ret_01,1,6,993.0,605.6,1332,302,151
P21,Retrieval,ret_01,1,7,1062.0,691.7,1669,190,95
P21,Retrieval,ret_01,1,8,1154.3,307.9,1924,196,98
P21,Retrieval,ret_01,1,9,1016.8,744.9,2180,302,151
P21,Retrieval,ret_01,1,10,1094.5,712.0,2538,340,170
P21,Retrieval,ret_01,1,11,1317.0,521.4,2929,136,68
P21,Retrieval,ret_01,1,12,943.1,578.0,3130,338,169
P21,Retrieval,ret_01,1,13,1391.4,862.0,3507,436,218
P21,Retrieval,ret_02,1,1,1410.4,210.2,58,486,243
P21,Retrieval,ret_02,1,2,906.8,362.4,593,274,137
P21,Retrieval,ret_02,1,3,875.8,713.2,914,370,185
P21,Retrieval,ret_02,1,4,1316.2,200.8,1329,146,73
P21,Retrieval,ret_02,1,5,1118.4,724.7,1542,398,199
P21,Retrieval,ret_02,1,6,1112.7,689.0,1994,330,165
P21,Retrieval,ret_02,1,7,1096.7,757.2,2353,422,211
P21,Retrieval,ret_02,1,8,1042.3,716.3,2818,270,135
P21,Retrieval,ret_02,1,9,1098.4,426.1,3114,308,154
P21,Retrieval,ret_02,1,10,766.4,771.8,3490,174,87
P21,Retrieval,ret_02,1,11,882.7,571.1,3724,352,176
P21,Retrieval,ret_02,1,12,934.6,780.2,4107,406,203
P21,Retrieval,ret_02,1,13,1118.2,431.6,4543,356,178
P21,Retrieval,ret_02,1,14,1065.1,712.9,4945,200,100
P21,Retrieval,ret_02,1,15,1065.5,728.4,5178,240,120
P21,Retrieval,ret_02,1,16,1054.2,695.7,5467,220,110
P21,Retrieval,ret_02,1,17,1079.3,749.3,5711,466,233
P21,Retrieval,ret_02,1,18,667.5,759.1,6212,368,184
P21,Retrieval,ret_03,1,1,859.2,557.5,73,306,153
P21,Retrieval,ret_03,1,2,833.8,401.9,445,268,134
P21,Retrieval,ret_03,1,3,864.2,430.8,770,320,160
P21,Retrieval,ret_03,1,4,699.9,625.1,1144,198,99
P21,Retrieval,ret_03,1,5,1087.2,447.4,1372,228,114
P21,Retrieval,ret_03,1,6,1068.6,745.4,1647,374,187
P21,Retrieval,ret_03,1,7,846.4,412.4,2061,352,176
P21,Retrieval,ret_03,1,8,719.4,673.8,2465,222,111
P21,Retrieval,ret_03,1,9,850.1,399.8,2755,200,100
P21,Retrieval,ret_03,1,10,914.9,250.0,2996,278,139
P21,Retrieval,ret_03,1,11,884.6,393.0,3325,350,175
P21,Retrieval,ret_03,1,12,1289.3,268.3,3736,272,136
P21,Retrieval,ret_03,1,13,809.5,409.6,4064,280,140
P21,Retrieval,ret_03,1,14,1047.4,638.0,4375,336,168
P21,Retrieval,ret_04,1,1,1003.0,565.2,105,110,55
P21,Retrieval,ret_04,1,2,683.8,692.1,255,302,151
P21,Retrieval,ret_04,1,3,1375.9,710.4,594,238,119
P21,Retrieval,ret_04,1,4,903.6,526.2,891,340,170
P21,Retrieval,ret_04,1,5,1080.8,221.9,1278,444,222
P21,Retrieval,ret_04,1,6,1323.0,774.1,1768,286,143
P21,Retrieval,ret_04,1,7,1095.7,256.7,2099,298,149
P21,Retrieval,ret_04,1,8,694.1,753.8,2462,280,140
P21,Retrieval,ret_04,1,9,1401.3,758.0,2775,80,40
P21,Retrieval,ret_04,1,10,997.0,522.7,2912,264,132
P21,Retrieval,ret_05,1,1,484.9,484.2,58,142,71
P21,Retrieval,ret_05,1,2,1155.2,743.3,266,290,145
P21,Retrieval,ret_05,1,3,596.4,620.2,593,108,54
P21,Retrieval,ret_05,1,4,764.3,630.8,760,408,204
P21,Retrieval,ret_05,1,5,914.7,767.1,1205,290,145
P21,Retrieval,ret_05,1,6,1397.8,445.9,1547,334,167
P21,Retrieval,ret_05,1,7,781.0,811.5,1909,256,128
P21,Retrieval,ret_05,1,8,694.9,360.2,2215,244,122
P21,Retrieval,ret_05,1,9,987.1,638.3,2487,308,154
P21,Retrieval,ret_05,1,10,1009.3,328.0,2855,394,197
P21,Retrieval,ret_05,1,11,661.9,454.6,3306,350,175
P21,Retrieval,ret_05,1,12,669.0,381.3,3683,264,132
P21,Retrieval,ret_05,1,13,479.1,455.9,4006,330,165
P21,Retrieval,ret_06,1,1,1245.6,596.8,74,336,168
P21,Retrieval,ret_06,1,2,1206.0,393.0,471,226,113
P21,Retrieval,ret_06,1,3,1271.0,727.9,748,286,143
P21,Retrieval,ret_06,1,4,1242.4,627.6,1086,326,163
P21,Retrieval,ret_06,1,5,877.2,793.2,1458,206,103
P21,Retrieval,ret_06,1,6,820.1,736.9,1712,306,153
P21,Retrieval,ret_06,1,7,930.7,678.1,2066,338,169
P21,Retrieval,ret_06,1,8,525.3,258.1,2443,322,161
P21,Retrieval,ret_06,1,9,977.6,645.1,2823,214,107
P21,Retrieval,ret_06,1,10,1200.0,830.4,3074,354,177
P21,Retrieval,ret_06,1,11,1091.5,914.3,3497,336,168
P21,Retrieval,ret_06,1,12,476.3,859.3,3867,282,141
P21,Retrieval,ret_06,1,13,1019.5,484.1,4207,204,102
P21,Retrieval,ret_06,1,14,728.7,507.7,4471,274,137
P21,Retrieval,ret_06,1,15,1262.8,411.1,4794,402,201
P21,Retrieval,ret_07,1,1,1468.0,733.4,41,338,169
P21,Retrieval,ret_07,1,2,894.0,760.5,425,318,159
P21,Retrieval,ret_07,1,3,835.6,768.0,786,188,94
P21,Retrieval,ret_07,1,4,739.6,282.7,1022,314,157
P21,Retrieval,ret_07,1,5,497.4,402.5,1392,266,133
P21,Retrieval,ret_07,1,6,1197.9,275.1,1716,368,184
P21,Retrieval,ret_07,1,7,686.7,429.3,2140,294,147
P21,Retrieval,ret_07,1,8,1160.7,313.3,2465,410,205
P21,Retrieval,ret_07,1,9,980.0,579.7,2907,376,188
P21,Retrieval,ret_07,1,10,1155.2,632.2,3348,294,147
P21,Retrieval,ret_07,1,11,839.7,442.6,3695,260,130
P21,Retrieval,ret_07,1,12,815.4,511.9,3997,252,126
P21,Retrieval,ret_07,1,13,1203.0,657.6,4305,310,155
P21,Retrieval,ret_07,1,14,993.7,497.4,4661,292,146
P21,Retrieval,ret_08,1,1,971.0,423.5,52,338,169
P21,Retrieval,ret_08,1,2,1029.7,444.7,444,218,109
P21,Retrieval,ret_08,1,3,934.1,360.7,728,312,156
P21,Retrieval,ret_08,1,4,913.7,524.7,1081,240,120
P21,Retrieval,ret_08,1,5,1130.9,575.1,1374,432,216
P21,Retrieval,ret_08,1,6,1051.8,572.2,1831,368,184
P21,Retrieval,ret_08,1,7,923.8,292.0,2233,264,132
P21,Retrieval,ret_08,1,8,969.9,580.4,2548,268,134
P21,Retrieval,ret_08,1,9,884.4,538.5,2865,394,197
P21,Retrieval,ret_08,1,10,1184.9,622.7,3308,248,124
P21,Retrieval,ret_08,1,11,873.9,530.0,3591,234,117
P21,Retrieval,ret_08,1,12,985.8,545.6,3881,360,180
P21,Retrieval,ret_08,1,13,700.9,952.7,4304,306,153
P21,Retrieval,ret_08,1,14,1146.6,534.6,4665,368,184
P21,Retrieval,ret_08,1,15,980.7,333.7,5075,276,138
P21,Retrieval,ret_09,1,1,1119.5,359.1,41,178,89
P21,Retrieval,ret_09,1,2,1360.3,411.8,259,260,130
P21,Retrieval,ret_09,1,3,1180.3,745.5,567,310,155
P21,Retrieval,ret_09,1,4,970.0,524.2,925,254,127
P21,Retrieval,ret_09,1,5,1109.8,390.8,1220,250,125
P21,Retrieval,ret_09,1,6,831.4,467.8,1496,226,113
P21,Retrieval,ret_09,1,7,1002.2,564.1,1771,240,120
P21,Retrieval,ret_09,1,8,919.7,479.3,2074,218,109
P21,Retrieval,ret_09,1,9,795.8,606.2,2329,354,177
P21,Retrieval,ret_09,1,10,1400.8,864.0,2744,250,125
P21,Retrieval,ret_09,1,11,950.6,545.0,3054,396,198
P21,Retrieval,ret_09,1,12,874.2,575.8,3505,368,184
P21,Retrieval,ret_09,1,13,452.0,338.8,3901,424,212
P21,Retrieval,ret_10,1,1,973.2,538.7,115,164,82
P21,Retrieval,ret_10,1,2,1371.1,753.0,347,452,226
P21,Retrieval,ret_10,1,3,1270.3,727.8,837,378,189
P21,Retrieval,ret_10,1,4,1327.2,701.1,1266,212,106
P21,Retrieval,ret_10,1,5,1191.6,443.8,1543,158,79
P21,Retrieval,ret_10,1,6,958.5,577.1,1728,240,120
P21,Retrieval,ret_10,1,7,88.4,524.5,2024,288,144
P21,Retrieval,ret_10,1,8,1431.0,871.0,2377,128,64
P21,Retrieval,ret_10,1,9,1275.4,786.8,2545,330,165
P21,Retrieval,ret_10,1,10,1317.0,664.4,2901,336,168
P21,Retrieval,ret_10,1,11,1297.7,689.9,3265,342,171
P21,Retrieval,ret_10,1,12,1301.2,799.7,3664,198,99
P21,Retrieval,ret_10,1,13,1020.2,662.3,3922,250,125
P21,Retrieval,ret_10,1,14,1184.8,728.8,4225,422,211
P21,Retrieval,ret_11,1,1,951.1,819.6,75,480,240
P21,Retrieval,ret_11,1,2,1034.6,574.7,596,224,112
P21,Retrieval,ret_11,1,3,1096.4,402.0,848,246,123
P21,Retrieval,ret_11,1,4,506.8,406.9,1158,334,167
P21,Retrieval,ret_11,1,5,973.7,485.4,1553,248,124
P21,Retrieval,ret_11,1,6,1335.9,361.5,1848,326,163
P21,Retrieval,ret_11,1,7,1347.8,445.5,2205,332,166
P21,Retrieval,ret_11,1,8,587.1,958.9,2606,228,114
P21,Retrieval,ret_11,1,9,962.1,526.8,2895,362,181
P21,Retrieval,ret_11,1,10,1297.3,390.1,3298,290,145
P21,Retrieval,ret_11,1,11,1175.5,426.0,3628,176,88
P21,Retrieval,ret_12,1,1,1009.0,507.7,64,102,51
P21,Retrieval,ret_12,1,2,660.8,816.3,225,278,139
P21,Retrieval,ret_12,1,3,1359.2,799.7,536,440,220
P21,Retrieval,ret_12,1,4,894.0,563.1,1033,292,146
P21,Retrieval,ret_12,1,5,982.3,545.3,1392,314,157
P21,Retrieval,ret_12,1,6,724.3,799.2,1732,374,187
P21,Retrieval,ret_12,1,7,1210.9,547.7,2158,296,148
P21,Retrieval,ret_12,1,8,998.0,465.6,2502,248,124
P21,Retrieval,ret_12,1,9,935.3,417.5,2797,80,40
P21,Retrieval,ret_12,1,10,761.1,312.8,2944,292,146
P21,Retrieval,ret_12,1,11,942.8,459.4,3274,448,224
P21,Retrieval,ret_12,1,12,951.1,469.4,3746,140,70
P21,Retrieval,ret_12,1,13,1154.4,630.8,3929,408,204
P21,Retrieval,ret_13,1,1,1119.5,796.2,88,352,176
P21,Retrieval,ret_13,1,2,1363.4,274.4,504,292,146
P21,Retrieval,ret_13,1,3,1528.5,852.0,836,324,162
P21,Retrieval,ret_13,1,4,668.8,725.6,1201,260,130
P21,Retrieval,ret_13,1,5,1163.6,819.1,1513,182,91
P21,Retrieval,ret_13,1,6,922.8,538.3,1763,288,144
P21,Retrieval,ret_13,1,7,1089.1,776.5,2113,424,212
P21,Retrieval,ret_13,1,8,1109.9,953.9,2579,378,189
P21,Retrieval,ret_13,1,9,1111.7,842.3,3023,332,166
P21,Retrieval,ret_13,1,10,1132.0,809.3,3401,158,79
P21,Retrieval,ret_13,1,11,713.4,713.0,3613,344,172
P21,Retrieval,ret_13,1,12,1127.4,829.6,3981,166,83
P21,Retrieval,ret_14,1,1,870.1,347.2,110,116,58
P21,Retrieval,ret_14,1,2,1035.2,787.2,262,282,141
P21,Retrieval,ret_14,1,3,1398.0,651.8,602,296,148
P21,Retrieval,ret_14,1,4,744.1,352.5,958,318,159
P21,Retrieval,ret_14,1,5,828.6,820.5,1301,280,140
P21,Retrieval,ret_14,1,6,792.3,425.9,1628,224,112
P21,Retrieval,ret_14,1,7,1384.5,606.0,1884,294,147
P21,Retrieval,ret_14,1,8,985.4,479.3,2205,258,129
P21,Retrieval,ret_14,1,9,989.5,459.9,2500,132,66
P21,Retrieval,ret_14,1,10,780.1,795.9,2684,288,144
P21,Retrieval,ret_14,1,11,846.9,801.0,3028,312,156
P21,Retrieval,ret_15,1,1,1311.1,619.4,90,334,167
P21,Retrieval,ret_15,1,2,1309.9,482.5,474,290,145
P21,Retrieval,ret_15,1,3,950.8,623.8,799,472,236
P21,Retrieval,ret_15,1,4,763.3,302.7,1304,388,194
P21,Retrieval,ret_15,1,5,705.2,307.3,1757,338,169
P21,Retrieval,ret_15,1,6,867.0,515.0,2141,280,140
P21,Retrieval,ret_15,1,7,1215.0,340.0,2463,508,254
P21,Retrieval,ret_15,1,8,1248.7,572.4,3030,120,60
P21,Retrieval,ret_15,1,9,1370.0,731.1,3192,228,114
P21,Retrieval,ret_15,1,10,930.0,527.1,3452,242,121
P21,Retrieval,ret_15,1,11,1389.0,509.6,3737,262,131
P21,Retrieval,ret_15,1,12,1146.5,511.3,4064,86,43
P21,Retrieval,ret_15,1,13,1073.0,321.7,4219,326,163
P21,Retrieval,ret_15,1,14,1217.1,445.0,4585,296,148
P21,Retrieval,ret_16,1,1,1382.9,521.7,69,266,133
P21,Retrieval,ret_16,1,2,756.5,587.8,397,286,143
P21,Retrieval,ret_16,1,3,812.2,418.3,749,470,235
P21,Retrieval,ret_16,1,4,1404.2,465.5,1271,282,141
P21,Retrieval,ret_16,1,5,936.0,498.0,1582,376,188
P21,Retrieval,ret_16,1,6,756.4,465.7,1992,290,145
P21,Retrieval,ret_16,1,7,695.8,378.6,2331,248,124
P21,Retrieval,ret_16,1,8,1002.1,602.8,2618,200,100
P21,Retrieval,ret_16,1,9,927.6,550.5,2871,426,213
P21,Retrieval,ret_16,1,10,1294.7,478.5,3332,288,144
P21,Retrieval,ret_17,1,1,879.9,473.3,95,156,78
P21,Retrieval,ret_17,1,2,1350.2,120.4,301,362,181
P21,Retrieval,ret_17,1,3,930.9,481.3,698,330,165
P21,Retrieval,ret_17,1,4,1775.1,499.9,1095,278,139
P21,Retrieval,ret_17,1,5,991.8,372.4,1440,328,164
P21,Retrieval,ret_17,1,6,1330.7,273.1,1837,332,166
P21,Retrieval,ret_17,1,7,1349.9,276.9,2199,228,114
P21,Retrieval,ret_17,1,8,1310.5,381.1,2452,440,220
P21,Retrieval,ret_17,1,9,1348.9,294.6,2950,428,214
P21,Retrieval,ret_17,1,10,1324.6,429.0,3442,314,157
P21,Retrieval,ret_17,1,11,555.8,518.3,3800,274,137
P21,Retrieval,ret_17,1,12,807.8,508.7,4126,314,157
P21,Retrieval,ret_17,1,13,975.7,674.5,4498,250,125
P21,Retrieval,ret_18,1,1,1185.4,205.8,114,132,66
P21,Retrieval,ret_18,1,2,1179.4,339.9,274,484,242
P21,Retrieval,ret_18,1,3,972.4,556.5,796,318,159
P21,Retrieval,ret_18,1,4,1238.0,317.3,1141,266,133
P21,Retrieval,ret_18,1,5,929.7,510.7,1445,114,57
P21,Retrieval,ret_18,1,6,749.2,596.5,1595,320,160
P21,Retrieval,ret_18,1,7,1140.8,101.9,1980,428,214
P21,Retrieval,ret_18,1,8,719.1,510.2,2458,224,112
P21,Retrieval,ret_18,1,9,907.9,524.0,2751,336,168
P21,Retrieval,ret_18,1,10,1267.2,619.4,3120,218,109
P21,Retrieval,ret_18,1,11,701.0,286.8,3397,224,112
P21,Retrieval,ret_18,1,12,1276.3,584.8,3659,278,139
P21,Retrieval,ret_18,1,13,772.7,485.1,4004,386,193
P21,Retrieval,ret_18,1,14,1129.0,546.5,4433,246,123
P21,Retrieval,ret_18,1,15,977.5,555.0,4714,246,123
P21,Retrieval,ret_18,1,16,1010.8,478.1,5002,322,161
P21,Retrieval,ret_19,1,1,1144.0,243.1,61,268,134
P21,Retrieval,ret_19,1,2,1087.6,749.2,357,232,116
P21,Retrieval,ret_19,1,3,1129.9,696.2,650,328,164
P21,Retrieval,ret_19,1,4,1071.0,313.0,1045,358,179
P21,Retrieval,ret_19,1,5,1166.7,684.3,1465,386,193
P21,Retrieval,ret_19,1,6,1048.6,252.9,1882,274,137
P21,Retrieval,ret_19,1,7,1085.8,277.5,2209,360,180
P21,Retrieval,ret_19,1,8,1062.1,252.2,2607,280,140
P21,Retrieval,ret_19,1,9,1165.0,262.0,2928,288,144
P21,Retrieval,ret_19,1,10,1131.3,284.8,3266,268,134
P21,Retrieval,ret_19,1,11,851.6,555.2,3584,186,93
P21,Retrieval,ret_19,1,12,882.0,468.1,3837,374,187
P21,Retrieval,ret_19,1,13,1160.1,773.7,4255,340,170
P21,Retrieval,ret_19,1,14,1096.2,770.1,4663,334,167
P21,Retrieval,ret_19,1,15,1183.5,281.3,5025,270,135
P21,Retrieval,ret_20,1,1,1104.1,691.4,66,334,167
P21,Retrieval,ret_20,1,2,799.3,160.0,466,256,128
P21,Retrieval,ret_20,1,3,982.6,501.4,770,442,221
P21,Retrieval,ret_20,1,4,1238.3,436.8,1241,222,111
P21,Retrieval,ret_20,1,5,760.6,434.4,1508,292,146
P21,Retrieval,ret_20,1,6,772.1,402.5,1842,330,165
P21,Retrieval,ret_20,1,7,555.2,747.9,2197,146,73
P21,Retrieval,ret_20,1,8,947.1,782.4,2410,240,120
P21,Retrieval,ret_20,1,9,614.2,756.1,2712,396,198
P21,Retrieval,ret_20,1,10,665.5,787.8,3153,340,170
P21,Retrieval,ret_20,1,11,1197.3,486.8,3524,534,267
P21,Retrieval,ret_20,1,12,615.4,761.8,4083,260,130
P21,Retrieval,ret_20,1,13,945.4,491.5,4389,80,40
P21,Retrieval,ret_20,1,14,1233.8,729.9,4496,324,162
P22,Encoding,enc_01,1,1,1330.3,376.4,56,248,124
P22,Encoding,enc_01,1,2,1114.7,365.7,370,280,140
P22,Encoding,enc_01,1,3,1118.7,470.3,699,280,140
P22,Encoding,enc_01,1,4,1354.9,376.7,1009,282,141
P22,Encoding,enc_01,1,5,1054.7,351.9,1346,360,180
P22,Encoding,enc_01,1,6,1115.9,399.3,1747,240,120
P22,Encoding,enc_01,1,7,674.7,718.6,2039,308,154
P22,Encoding,enc_01,1,8,833.1,674.7,2398,340,170
P22,Encoding,enc_01,1,9,971.5,582.9,2795,338,169
P22,Encoding,enc_01,1,10,794.5,679.7,3197,262,131
P22,Encoding,enc_01,1,11,847.6,679.2,3509,248,124
P22,Encoding,enc_01,1,12,1361.8,369.7,3792,258,129
P22,Encoding,enc_01,1,13,1332.9,384.2,4091,458,229
P22,Encoding,enc_02,1,1,1185.4,358.0,74,374,187
P22,Encoding,enc_02,1,2,1784.8,52.7,493,328,164
P22,Encoding,enc_02,1,3,1291.4,651.7,865,178,89
P22,Encoding,enc_02,1,4,1006.3,406.0,1087,210,105
P22,Encoding,enc_02,1,5,826.5,400.5,1323,338,169
P22,Encoding,enc_02,1,6,809.6,731.6,1688,218,109
P22,Encoding,enc_02,1,7,1302.1,602.1,1953,376,188
P22,Encoding,enc_02,1,8,1230.2,376.7,2379,136,68
P22,Encoding,enc_02,1,9,1823.1,989.4,2568,144,72
P22,Encoding,enc_02,1,10,1206.0,332.9,2744,226,113
P22,Encoding,enc_02,1,11,802.4,335.9,3034,372,186
P22,Encoding,enc_03,1,1,960.3,553.9,84,326,163
P22,Encoding,enc_03,1,2,838.9,435.3,460,288,144
P22,Encoding,enc_03,1,3,587.0,491.6,806,300,150
P22,Encoding,enc_03,1,4,654.8,772.0,1142,388,194
P22,Encoding,enc_03,1,5,580.7,531.9,1580,310,155
P22,Encoding,enc_03,1,6,1349.3,472.3,1957,204,102
P22,Encoding,enc_03,1,7,774.2,721.7,2207,312,156
P22,Encoding,enc_03,1,8,1117.5,478.0,2585,258,129
P22,Encoding,enc_03,1,9,827.1,434.0,2897,206,103
P22,Encoding,enc_03,1,10,570.5,501.0,3168,368,184
P22,Encoding,enc_03,1,11,1354.3,441.3,3575,334,167
P22,Encoding,enc_03,1,12,794.7,753.1,3954,374,187
P22,Encoding,enc_03,1,13,1339.0,518.2,4382,304,152
P22,Encoding,enc_03,1,14,1198.9,824.4,4746,458,229
P22,Encoding,enc_04,1,1,976.8,713.8,85,200,100
P22,Encoding,enc_04,1,2,1262.7,478.0,354,234,117
P22,Encoding,enc_04,1,3,808.5,348.3,620,362,181
P22,Encoding,enc_04,1,4,752.7,435.6,1025,320,160
P22,Encoding,enc_04,1,5,702.2,388.1,1380,200,100
P22,Encoding,enc_04,1,6,831.7,348.6,1605,288,144
P22,Encoding,enc_04,1,7,1162.2,730.5,1935,296,148
P22,Encoding,enc_04,1,8,716.7,404.2,2266,218,109
P22,Encoding,enc_04,1,9,690.2,385.1,2529,370,185
P22,Encoding,enc_04,1,10,1785.4,924.7,2926,274,137
P22,Encoding,enc_04,1,11,740.6,395.7,3236,298,149
P22,Encoding,enc_04,1,12,700.7,397.2,3591,308,154
P22,Encoding,enc_05,1,1,1263.0,692.6,54,362,181
P22,Encoding,enc_05,1,2,572.3,264.3,472,360,180
P22,Encoding,enc_05,1,3,936.1,854.4,872,386,193
P22,Encoding,enc_05,1,4,573.0,248.8,1286,454,227
P22,Encoding,enc_05,1,5,618.8,311.5,1785,334,167
P22,Encoding,enc_05,1,6,1262.9,703.9,2159,132,66
P22,Encoding,enc_05,1,7,649.2,333.0,2348,304,152
P22,Encoding,enc_05,1,8,609.9,327.5,2720,198,99
P22,Encoding,enc_05,1,9,1276.3,736.0,2944,324,162
P22,Encoding,enc_05,1,10,1284.7,678.2,3332,306,153
P22,Encoding,enc_05,1,11,1372.4,415.8,3703,374,187
P22,Encoding,enc_05,1,12,1244.0,650.1,4112,320,160
P22,Encoding,enc_05,1,13,548.4,177.9,4463,418,209
P22,Encoding,enc_05,1,14,867.7,182.5,4913,218,109
P22,Encoding,enc_05,1,15,1257.7,691.4,5168,112,56
P22,Encoding,enc_05,1,16,1268.3,673.5,5328,296,148
P22,Encoding,enc_05,1,17,608.2,324.0,5686,390,195
P22,Encoding,enc_05,1,18,1281.6,605.9,6106,254,127
P22,Encoding,enc_06,1,1,701.8,741.8,96,264,132
P22,Encoding,enc_06,1,2,742.7,469.7,424,540,270
P22,Encoding,enc_06,1,3,731.7,444.5,997,378,189
P22,Encoding,enc_06,1,4,1193.0,672.2,1406,422,211
P22,Encoding,enc_06,1,5,1170.6,647.5,1896,430,215
P22,Encoding,enc_06,1,6,961.7,798.9,2388,246,123
P22,Encoding,enc_06,1,7,1221.0,641.8,2694,350,175
P22,Encoding,enc_06,1,8,1219.2,620.5,3074,144,72
P22,Encoding,enc_06,1,9,1182.1,604.1,3279,408,204
P22,Encoding,enc_06,1,10,1292.6,364.1,3755,272,136
P22,Encoding,enc_06,1,11,1291.9,371.3,4093,478,239
P22,Encoding,enc_06,1,12,954.7,796.8,4609,256,128
P22,Encoding,enc_06,1,13,636.5,779.8,4927,270,135
P22,Encoding,enc_06,1,14,728.6,598.1,5231,246,123
P22,Encoding,enc_06,1,15,896.9,793.3,5510,190,95
P22,Encoding,enc_06,1,16,847.2,421.5,5727,286,143
P22,Encoding,enc_07,1,1,1130.2,785.0,54,166,83
P22,Encoding,enc_07,1,2,870.9,575.7,257,358,179
P22,Encoding,enc_07,1,3,1199.8,775.5,654,280,140
P22,Encoding,enc_07,1,4,731.6,171.0,991,230,115
P22,Encoding,enc_07,1,5,828.7,311.0,1279,306,153
P22,Encoding,enc_07,1,6,817.9,380.6,1648,266,133
P22,Encoding,enc_07,1,7,858.9,588.5,1980,114,57
P22,Encoding,enc_07,1,8,665.8,650.2,2150,232,116
P22,Encoding,enc_07,1,9,1038.8,293.5,2411,172,86
P22,Encoding,enc_07,1,10,908.2,640.9,2609,260,130
P22,Encoding,enc_07,1,11,1153.6,802.6,2937,342,171
P22,Encoding,enc_07,1,12,659.3,620.0,3327,194,97
P22,Encoding,enc_07,1,13,653.9,627.3,3549,306,153
P22,Encoding,enc_07,1,14,879.5,630.5,3897,362,181
P22,Encoding,enc_08,1,1,616.5,641.2,51,146,73
P22,Encoding,enc_08,1,2,736.7,874.6,234,464,232
P22,Encoding,enc_08,1,3,914.8,492.7,767,456,228
P22,Encoding,enc_08,1,4,1218.9,849.5,1252,162,81
P22,Encoding,enc_08,1,5,936.5,471.6,1469,120,60
P22,Encoding,enc_08,1,6,1238.9,581.6,1640,350,175
P22,Encoding,enc_08,1,7,1221.5,597.1,2046,308,154
P22,Encoding,enc_08,1,8,667.4,327.2,2381,194,97
P22,Encoding,enc_08,1,9,981.4,418.3,2623,332,166
P22,Encoding,enc_08,1,10,1053.8,784.8,2996,298,149
P22,Encoding,enc_08,1,11,655.1,649.6,3347,150,75
P22,Encoding,enc_08,1,12,630.2,73.2,3557,336,168
P22,Encoding,enc_08,1,13,1237.2,606.2,3921,366,183
P22,Encoding,enc_08,1,14,683.6,294.6,4353,286,143
P22,Encoding,enc_09,1,1,1178.5,670.0,91,314,157
P22,Encoding,enc_09,1,2,644.3,912.5,431,248,124
P22,Encoding,enc_09,1,3,1147.8,654.9,727,342,171
P22,Encoding,enc_09,1,4,854.8,558.5,1119,278,139
P22,Encoding,enc_09,1,5,922.1,544.4,1444,254,127
P22,Encoding,enc_09,1,6,1246.3,498.9,1736,178,89
P22,Encoding,enc_09,1,7,1149.4,246.1,1966,158,79
P22,Encoding,enc_09,1,8,1389.3,305.4,2184,312,156
P22,Encoding,enc_09,1,9,57.5,604.8,2522,338,169
P22,Encoding,enc_09,1,10,862.3,581.3,2896,332,166
P22,Encoding,enc_09,1,11,856.9,555.8,3274,202,101
P22,Encoding,enc_09,1,12,1279.5,549.3,3506,272,136
P22,Encoding,enc_09,1,13,1088.6,318.5,3808,214,107
P22,Encoding,enc_09,1,14,1132.3,312.5,4071,160,80
P22,Encoding,enc_10,1,1,846.7,845.4,76,306,153
P22,Encoding,enc_10,1,2,1219.7,547.6,426,356,178
P22,Encoding,enc_10,1,3,1225.8,616.5,835,422,211
P22,Encoding,enc_10,1,4,695.7,543.8,1316,302,151
P22,Encoding,enc_10,1,5,1215.0,571.8,1674,338,169
P22,Encoding,enc_10,1,6,1056.8,450.1,2081,272,136
P22,Encoding,enc_10,1,7,727.3,533.4,2401,204,102
P22,Encoding,enc_10,1,8,1085.9,469.9,2653,264,132
P22,Encoding,enc_10,1,9,1170.4,591.1,2959,192,96
P22,Encoding,enc_10,1,10,1205.8,571.5,3182,262,131
P22,Encoding,enc_10,1,11,753.0,530.8,3478,358,179
P22,Encoding,enc_10,1,12,656.3,550.5,3870,326,163
P22,Encoding,enc_10,1,13,1250.3,272.0,4237,286,143
P22,Encoding,enc_10,1,14,600.7,532.4,4578,348,174
P22,Encoding,enc_10,1,15,1242.0,617.3,4990,280,140
P22,Encoding,enc_11,1,1,532.0,756.1,102,154,77
P22,Encoding,enc_11,1,2,37.7,382.5,283,100,50
P22,Encoding,enc_11,1,3,1055.4,263.9,446,296,148
P22,Encoding,enc_11,1,4,1053.7,298.6,778,362,181
P22,Encoding,enc_11,1,5,918.8,610.5,1170,254,127
P22,Encoding,enc_11,1,6,890.5,590.6,1492,394,197
P22,Encoding,enc_11,1,7,1010.2,298.9,1950,398,199
P22,Encoding,enc_11,1,8,939.7,256.3,2402,340,170
P22,Encoding,enc_11,1,9,907.2,659.2,2776,292,146
P22,Encoding,enc_11,1,10,532.1,645.1,3133,148,74
P22,Encoding,enc_11,1,11,795.3,360.6,3346,354,177
P22,Encoding,enc_11,1,12,1027.4,267.7,3759,286,143
P22,Encoding,enc_11,1,13,1094.6,632.5,4105,80,40
P22,Encoding,enc_11,1,14,544.0,182.4,4225,230,115
P22,Encoding,enc_12,1,1,577.6,579.5,64,438,219
P22,Encoding,enc_12,1,2,1387.3,920.0,526,106,53
P22,Encoding,enc_12,1,3,716.9,411.0,665,332,166
P22,Encoding,enc_12,1,4,1148.8,390.4,1025,372,186
P22,Encoding,enc_12,1,5,574.1,578.1,1439,350,175
P22,Encoding,enc_12,1,6,546.9,443.1,1836,300,150
P22,Encoding,enc_12,1,7,689.0,261.8,2189,296,148
P22,Encoding,enc_12,1,8,576.5,404.0,2529,382,191
P22,Encoding,enc_12,1,9,1162.0,363.7,2980,474,237
P22,Encoding,enc_12,1,10,1005.9,904.1,3519,330,165
P22,Encoding,enc_12,1,11,1147.4,402.9,3892,288,144
P22,Encoding,enc_12,1,12,1167.5,441.9,4235,334,167
P22,Encoding,enc_12,1,13,1134.2,787.7,4617,396,198
P22,Encoding,enc_12,1,14,1139.3,368.3,5062,182,91
P22,Encoding,enc_13,1,1,602.7,75.0,79,382,191
P22,Encoding,enc_13,1,2,676.1,248.4,506,328,164
P22,Encoding,enc_13,1,3,1008.5,442.0,898,256,128
P22,Encoding,enc_13,1,4,722.6,298.7,1220,348,174
P22,Encoding,enc_13,1,5,1217.9,495.7,1633,260,130
P22,Encoding,enc_13,1,6,1188.8,497.7,1926,362,181
P22,Encoding,enc_13,1,7,1014.2,406.7,2313,286,143
P22,Encoding,enc_13,1,8,970.2,476.7,2626,160,80
P22,Encoding,enc_13,1,9,1009.6,480.3,2810,320,160
P22,Encoding,enc_13,1,10,1130.9,794.0,3160,104,52
P22,Encoding,enc_13,1,11,1174.3,380.0,3294,278,139
P22,Encoding,enc_13,1,12,721.6,997.8,3606,204,102
P22,Encoding,enc_13,1,13,1187.5,422.9,3859,304,152
P22,Encoding,enc_13,1,14,1193.0,396.6,4220,292,146
P22,Encoding,enc_14,1,1,773.9,255.0,81,426,213
P22,Encoding,enc_14,1,2,1178.3,753.4,554,158,79
P22,Encoding,enc_14,1,3,1109.0,798.2,776,356,178
P22,Encoding,enc_14,1,4,1183.9,537.4,1193,292,146
P22,Encoding,enc_14,1,5,1166.5,783.8,1509,80,40
P22,Encoding,enc_14,1,6,1178.6,766.3,1619,272,136
P22,Encoding,enc_14,1,7,723.6,204.4,1954,342,171
P22,Encoding,enc_14,1,8,833.6,263.8,2359,350,175
P22,Encoding,enc_14,1,9,1155.0,716.7,2755,298,149
P22,Encoding,enc_14,1,10,1141.8,766.7,3114,212,106
P22,Encoding,enc_14,1,11,800.1,272.8,3354,322,161
P22,Encoding,enc_14,1,12,1172.9,817.6,3701,326,163
P22,Encoding,enc_14,1,13,1222.3,539.1,4073,218,109
P22,Encoding,enc_14,1,14,1202.4,547.9,4357,134,67
P22,Encoding,enc_14,1,15,1188.6,768.9,4553,358,179
P22,Encoding,enc_14,1,16,1220.5,548.1,4948,368,184
P22,Encoding,enc_14,1,17,922.2,545.1,5340,302,151
P22,Encoding,enc_15,1,1,1142.3,667.4,67,310,155
P22,Encoding,enc_15,1,2,1162.7,660.8,430,314,157
P22,Encoding,enc_15,1,3,787.6,904.9,776,322,161
P22,Encoding,enc_15,1,4,706.1,717.9,1167,244,122
P22,Encoding,enc_15,1,5,790.9,877.8,1465,234,117
P22,Encoding,enc_15,1,6,646.1,745.4,1746,366,183
P22,Encoding,enc_15,1,7,683.1,707.3,2164,326,163
P22,Encoding,enc_15,1,8,684.2,723.3,2517,206,103
P22,Encoding,enc_15,1,9,1121.9,805.6,2755,426,213
P22,Encoding,enc_15,1,10,1139.6,684.3,3214,436,218
P22,Encoding,enc_15,1,11,1146.7,782.8,3686,202,101
P22,Encoding,enc_15,1,12,671.1,757.3,3922,310,155
P22,Encoding,enc_15,1,13,1149.7,660.3,4295,136,68
P22,Encoding,enc_15,1,14,682.9,662.7,4477,386,193
P22,Encoding,enc_15,1,15,1053.2,809.4,4928,238,119
P22,Encoding,enc_16,1,1,1100.6,279.9,41,248,124
P22,Encoding,enc_16,1,2,1113.2,286.7,332,266,133
P22,Encoding,enc_16,1,3,1080.0,265.7,649,376,188
P22,Encoding,enc_16,1,4,690.8,411.6,1091,386,193
P22,Encoding,enc_16,1,5,666.0,374.7,1522,194,97
P22,Encoding,enc_16,1,6,1448.6,528.2,1778,378,189
P22,Encoding,enc_16,1,7,1152.3,285.8,2214,192,96
P22,Encoding,enc_16,1,8,483.5,252.8,2456,264,132
P22,Encoding,enc_16,1,9,1042.7,298.8,2749,276,138
P22,Encoding,enc_16,1,10,1099.0,293.2,3052,188,94
P22,Encoding,enc_16,1,11,657.2,426.3,3309,294,147
P22,Encoding,enc_16,1,12,1071.5,248.1,3667,352,176
P22,Encoding,enc_16,1,13,1313.1,499.0,4080,340,170
P22,Encoding,enc_16,1,14,1129.3,299.9,4488,228,114
P22,Encoding,enc_16,1,15,1094.4,262.8,4744,396,198
P22,Encoding,enc_16,1,16,1289.5,501.8,5169,174,87
P22,Encoding,enc_16,1,17,1191.9,258.2,5395,258,129
P22,Encoding,enc_17,1,1,531.6,393.2,89,270,135
P22,Encoding,enc_17,1,2,1176.6,736.5,384,370,185
P22,Encoding,enc_17,1,3,1166.6,763.9,815,326,163
P22,Encoding,enc_17,1,4,1084.2,256.9,1181,326,163
P22,Encoding,enc_17,1,5,1156.5,804.0,1537,158,79
P22,Encoding,enc_17,1,6,1148.7,702.0,1738,424,212
P22,Encoding,enc_17,1,7,1174.7,253.1,2231,298,149
P22,Encoding,enc_17,1,8,650.4,437.3,2583,332,166
P22,Encoding,enc_17,1,9,1030.3,261.0,2955,358,179
P22,Encoding,enc_17,1,10,1098.9,258.2,3343,480,240
P22,Encoding,enc_17,1,11,1153.0,753.1,3858,210,105
P22,Encoding,enc_17,1,12,1005.0,180.3,4120,316,158
P22,Encoding,enc_17,1,13,986.7,282.5,4469,372,186
P22,Encoding,enc_17,1,14,1033.5,275.9,4910,234,117
P22,Encoding,enc_17,1,15,640.9,477.6,5199,270,135
P22,Encoding,enc_17,1,16,1094.1,271.8,5498,148,74
P22,Encoding,enc_18,1,1,1210.0,364.4,72,282,141
P22,Encoding,enc_18,1,2,1185.0,748.5,398,354,177
P22,Encoding,enc_18,1,3,1074.2,705.3,778,198,99
P22,Encoding,enc_18,1,4,171.5,999.9,1035,380,190
P22,Encoding,enc_18,1,5,1246.8,394.4,1484,166,83
P22,Encoding,enc_18,1,6,1102.0,710.7,1698,188,94
P22,Encoding,enc_18,1,7,1193.6,732.4,1947,270,135
P22,Encoding,enc_18,1,8,1052.0,707.6,2286,316,158
P22,Encoding,enc_18,1,9,1210.2,437.6,2629,358,179
P22,Encoding,enc_18,1,10,1216.2,663.9,3017,370,185
P22,Encoding,enc_18,1,11,828.4,425.5,3431,262,131
P22,Encoding,enc_18,1,12,1185.6,790.9,3734,146,73
P22,Encoding,enc_18,1,13,1362.3,814.0,3923,226,113
P22,Encoding,enc_18,1,14,719.3,649.6,4217,346,173
P22,Encoding,enc_19,1,1,616.3,681.5,93,402,201
P22,Encoding,enc_19,1,2,1222.1,443.0,526,264,132
P22,Encoding,enc_19,1,3,646.7,723.2,846,156,78
P22,Encoding,enc_19,1,4,597.6,619.1,1065,210,105
P22,Encoding,enc_19,1,5,636.9,338.2,1327,310,155
P22,Encoding,enc_19,1,6,665.5,654.6,1688,144,72
P22,Encoding,enc_19,1,7,650.9,671.2,1896,146,73
P22,Encoding,enc_19,1,8,1088.3,768.4,2097,348,174
P22,Encoding,enc_19,1,9,1058.3,732.5,2507,190,95
P22,Encoding,enc_19,1,10,1218.2,487.6,2762,320,160
P22,Encoding,enc_19,1,11,549.2,701.8,3148,234,117
P22,Encoding,enc_19,1,12,623.9,690.3,3424,226,113
P22,Encoding,enc_19,1,13,670.3,650.4,3680,214,107
P22,Encoding,enc_20,1,1,636.1,530.7,58,224,112
P22,Encoding,enc_20,1,2,876.8,756.3,312,260,130
P22,Encoding,enc_20,1,3,1011.8,621.0,617,280,140
P22,Encoding,enc_20,1,4,638.7,410.9,942,414,207
P22,Encoding,enc_20,1,5,1256.3,577.3,1410,340,170
P22,Encoding,enc_20,1,6,838.0,720.3,1811,210,105
P22,Encoding,enc_20,1,7,480.2,708.5,2071,250,125
P22,Encoding,enc_20,1,8,992.1,617.9,2347,256,128
P22,Encoding,enc_20,1,9,636.5,435.5,2634,366,183
P22,Encoding,enc_20,1,10,582.7,465.3,3050,260,130
P22,Encoding,enc_20,1,11,1062.0,614.6,3371,298,149
P22,Encoding,enc_20,1,12,628.7,428.9,3718,336,168
P22,Encoding,enc_20,1,13,888.4,775.5,4115,182,91
P22,Encoding,enc_20,1,14,908.5,705.7,4334,368,184
P22,Encoding,enc_20,1,15,1022.8,605.3,4733,292,146
P22,Encoding,enc_20,1,16,1261.6,580.1,5085,276,138
P22,Encoding,enc_20,1,17,561.2,464.1,5398,246,123
P22,Encoding,enc_20,1,18,867.1,754.0,5683,252,126
P22,Retrieval,ret_01,1,1,943.1,782.1,61,150,75
P22,Retrieval,ret_01,1,2,956.0,479.9,236,340,170
P22,Retrieval,ret_01,1,3,1079.8,379.9,636,374,187
P22,Retrieval,ret_01,1,4,889.4,668.7,1073,284,142
P22,Retrieval,ret_01,1,5,1396.8,368.9,1384,332,166
P22,Retrieval,ret_01,1,6,1177.2,499.0,1763,252,126
P22,Retrieval,ret_01,1,7,1333.0,422.2,2062,258,129
P22,Retrieval,ret_01,1,8,609.7,696.6,2367,326,163
P22,Retrieval,ret_01,1,9,1366.1,422.1,2759,142,71
P22,Retrieval,ret_01,1,10,961.6,560.8,2965,356,178
P22,Retrieval,ret_01,1,11,875.5,719.8,3348,432,216
P22,Retrieval,ret_01,1,12,1128.4,477.1,3835,246,123
P22,Retrieval,ret_01,1,13,687.8,735.9,4129,152,76
P22,Retrieval,ret_01,1,14,1044.8,378.1,4349,174,87
P22,Retrieval,ret_01,1,15,201.5,53.1,4566,204,102
P22,Retrieval,ret_01,1,16,1327.4,358.1,4824,228,114
P22,Retrieval,ret_01,1,17,820.5,500.1,5097,204,102
P22,Retrieval,ret_01,1,18,923.8,590.9,5359,278,139
P22,Retrieval,ret_02,1,1,897.0,517.8,71,370,185
P22,Retrieval,ret_02,1,2,624.6,583.8,470,270,135
P22,Retrieval,ret_02,1,3,1307.9,342.5,794,226,113
P22,Retrieval,ret_02,1,4,1016.7,506.0,1058,234,117
P22,Retrieval,ret_02,1,5,931.6,463.3,1345,386,193
P22,Retrieval,ret_02,1,6,463.2,591.5,1796,390,195
P22,Retrieval,ret_02,1,7,640.2,349.0,2240,328,164
P22,Retrieval,ret_02,1,8,750.5,345.9,2604,366,183
P22,Retrieval,ret_02,1,9,564.6,880.3,3005,294,147
P22,Retrieval,ret_02,1,10,641.3,297.3,3324,238,119
P22,Retrieval,ret_02,1,11,701.4,312.3,3595,252,126
P22,Retrieval,ret_02,1,12,1212.2,785.1,3904,96,48
P22,Retrieval,ret_02,1,13,820.6,523.2,4061,220,110
P22,Retrieval,ret_02,1,14,580.3,635.3,4319,352,176
P22,Retrieval,ret_02,1,15,922.3,442.1,4708,342,171
P22,Retrieval,ret_03,1,1,1069.6,556.5,112,292,146
P22,Retrieval,ret_03,1,2,1062.3,860.2,431,266,133
P22,Retrieval,ret_03,1,3,1174.5,655.0,749,226,113
P22,Retrieval,ret_03,1,4,677.8,731.9,1017,216,108
P22,Retrieval,ret_03,1,5,668.7,574.1,1260,268,134
P22,Retrieval,ret_03,1,6,567.4,338.7,1594,276,138
P22,Retrieval,ret_03,1,7,678.9,768.9,1907,244,122
P22,Retrieval,ret_03,1,8,801.0,920.0,2217,250,125
P22,Retrieval,ret_03,1,9,659.0,826.4,2519,346,173
P22,Retrieval,ret_03,1,10,866.1,661.3,2903,358,179
P22,Retrieval,ret_03,1,11,1205.6,648.8,3295,316,158
P22,Retrieval,ret_03,1,12,615.8,877.7,3664,460,230
P22,Retrieval,ret_03,1,13,917.8,582.0,4178,308,154
P22,Retrieval,ret_03,1,14,1130.1,617.6,4517,234,117
P22,Retrieval,ret_03,1,15,1138.6,697.4,4777,260,130
P22,Retrieval,ret_04,1,1,951.9,168.0,97,420,210
P22,Retrieval,ret_04,1,2,778.8,780.2,561,378,189
P22,Retrieval,ret_04,1,3,1244.6,680.1,973,144,72
P22,Retrieval,ret_04,1,4,1101.2,118.3,1170,444,222
P22,Retrieval,ret_04,1,5,624.1,376.9,1661,320,160
P22,Retrieval,ret_04,1,6,1371.5,593.9,2008,292,146
P22,Retrieval,ret_04,1,7,964.3,555.5,2339,142,71
P22,Retrieval,ret_04,1,8,740.2,733.8,2547,272,136
P22,Retrieval,ret_04,1,9,1273.9,556.0,2865,190,95
P22,Retrieval,ret_04,1,10,721.5,688.0,3085,196,98
P22,Retrieval,ret_04,1,11,1302.9,652.7,3306,230,115
P22,Retrieval,ret_05,1,1,1158.2,362.1,49,192,96
P22,Retrieval,ret_05,1,2,1116.8,695.5,297,454,227
P22,Retrieval,ret_05,1,3,880.8,621.5,812,124,62
P22,Retrieval,ret_05,1,4,1167.3,697.4,993,306,153
P22,Retrieval,ret_05,1,5,1433.4,292.7,1350,264,132
P22,Retrieval,ret_05,1,6,958.8,531.2,1638,274,137
P22,Retrieval,ret_05,1,7,154.5,37.5,1967,200,100
P22,Retrieval,ret_05,1,8,982.3,563.9,2235,314,157
P22,Retrieval,ret_05,1,9,1101.2,345.9,2584,158,79
P22,Retrieval,ret_05,1,10,1380.7,334.3,2776,186,93
P22,Retrieval,ret_05,1,11,1163.8,384.2,2988,364,182
P22,Retrieval,ret_05,1,12,843.2,642.8,3412,354,177
P22,Retrieval,ret_05,1,13,980.9,548.0,3810,320,160
P22,Retrieval,ret_05,1,14,976.2,582.5,4157,148,74
P22,Retrieval,ret_06,1,1,681.5,417.9,44,482,241
P22,Retrieval,ret_06,1,2,1115.5,213.1,589,334,167
P22,Retrieval,ret_06,1,3,1061.1,229.0,959,288,144
P22,Retrieval,ret_06,1,4,1270.6,236.3,1314,312,156
P22,Retrieval,ret_06,1,5,1130.1,240.8,1677,418,209
P22,Retrieval,ret_06,1,6,1468.0,582.9,2139,298,149
P22,Retrieval,ret_06,1,7,1444.3,713.7,2484,402,201
P22,Retrieval,ret_06,1,8,1008.8,577.8,2912,154,77
P22,Retrieval,ret_06,1,9,1251.6,218.0,3124,266,133
P22,Retrieval,ret_06,1,10,1091.7,275.3,3437,252,126
P22,Retrieval,ret_06,1,11,949.3,505.8,3739,212,106
P22,Retrieval,ret_06,1,12,982.5,591.6,4008,288,144
P22,Retrieval,ret_06,1,13,944.0,502.3,4334,318,159
P22,Retrieval,ret_06,1,14,1126.7,321.7,4716,346,173
P22,Retrieval,ret_07,1,1,719.5,768.4,107,372,186
P22,Retrieval,ret_07,1,2,801.1,761.2,540,248,124
P22,Retrieval,ret_07,1,3,817.0,411.8,838,440,220
P22,Retrieval,ret_07,1,4,1316.3,420.1,1306,332,166
P22,Retrieval,ret_07,1,5,818.7,395.3,1678,234,117
P22,Retrieval,ret_07,1,6,1357.9,525.0,1964,228,114
P22,Retrieval,ret_07,1,7,1334.0,569.4,2244,336,168
P22,Retrieval,ret_07,1,8,798.5,776.3,2639,478,239
P22,Retrieval,ret_07,1,9,565.9,757.2,3160,276,138
P22,Retrieval,ret_07,1,10,981.5,531.5,3471,380,190
P22,Retrieval,ret_07,1,11,819.1,634.5,3913,314,157
P22,Retrieval,ret_07,1,12,647.2,807.0,4295,402,201
P22,Retrieval,ret_07,1,13,854.1,424.8,4738,152,76
P22,Retrieval,ret_07,1,14,600.1,553.6,4931,212,106
P22,Retrieval,ret_08,1,1,1117.7,433.5,53,232,116
P22,Retrieval,ret_08,1,2,971.5,563.0,350,162,81
P22,Retrieval,ret_08,1,3,1328.0,450.9,549,290,145
P22,Retrieval,ret_08,1,4,635.6,209.5,863,304,152
P22,Retrieval,ret_08,1,5,515.4,299.5,1206,386,193
P22,Retrieval,ret_08,1,6,1240.3,197.4,1654,358,179
P22,Retrieval,ret_08,1,7,1089.7,497.8,2074,258,129
P22,Retrieval,ret_08,1,8,594.3,578.0,2367,360,180
P22,Retrieval,ret_08,1,9,922.6,566.0,2776,274,137
P22,Retrieval,ret_08,1,10,1091.2,427.5,3086,240,120
P22,Retrieval,ret_08,1,11,1084.7,451.0,3350,158,79
P22,Retrieval,ret_08,1,12,829.2,758.0,3557,164,82
P22,Retrieval,ret_08,1,13,1128.1,190.3,3753,104,52
P22,Retrieval,ret_08,1,14,851.7,820.4,3900,306,153
P22,Retrieval,ret_08,1,15,555.4,1023.2,4258,332,166
P22,Retrieval,ret_09,1,1,1109.1,194.2,69,238,119
P22,Retrieval,ret_09,1,2,1036.6,282.3,354,222,111
P22,Retrieval,ret_09,1,3,624.6,498.2,620,362,181
P22,Retrieval,ret_09,1,4,931.4,575.9,1047,296,148
P22,Retrieval,ret_09,1,5,1041.3,298.7,1370,226,113
P22,Retrieval,ret_09,1,6,1072.3,279.8,1632,282,141
P22,Retrieval,ret_09,1,7,1099.8,247.0,1945,360,180
P22,Retrieval,ret_09,1,8,1166.8,697.9,2359,242,121
P22,Retrieval,ret_09,1,9,1152.6,663.6,2669,270,135
P22,Retrieval,ret_09,1,10,1028.7,221.9,2988,152,76
P22,Retrieval,ret_09,1,11,1031.1,255.1,3169,278,139
P22,Retrieval,ret_10,1,1,784.7,372.4,78,192,96
P22,Retrieval,ret_10,1,2,502.6,717.3,318,230,115
P22,Retrieval,ret_10,1,3,784.6,428.7,599,312,156
P22,Retrieval,ret_10,1,4,977.8,735.0,966,346,173
P22,Retrieval,ret_10,1,5,993.2,732.8,1350,372,186
P22,Retrieval,ret_10,1,6,743.7,426.1,1755,264,132
P22,Retrieval,ret_10,1,7,832.9,364.0,2043,220,110
P22,Retrieval,ret_10,1,8,774.1,358.6,2301,310,155
P22,Retrieval,ret_10,1,9,1252.0,530.9,2661,210,105
P22,Retrieval,ret_10,1,10,665.9,404.2,2937,290,145
P22,Retrieval,ret_10,1,11,956.0,517.9,3292,210,105
P22,Retrieval,ret_10,1,12,1582.3,664.1,3545,354,177
P22,Retrieval,ret_10,1,13,951.5,541.5,3951,242,121
P22,Retrieval,ret_10,1,14,754.1,423.8,4252,292,146
P22,Retrieval,ret_11,1,1,949.2,562.2,72,234,117
P22,Retrieval,ret_11,1,2,1016.7,302.4,357,290,145
P22,Retrieval,ret_11,1,3,1018.1,546.0,706,376,188
P22,Retrieval,ret_11,1,4,919.6,511.5,1148,264,132
P22,Retrieval,ret_11,1,5,577.4,626.1,1445,352,176
P22,Retrieval,ret_11,1,6,1051.3,291.2,1855,366,183
P22,Retrieval,ret_11,1,7,546.2,174.1,2246,308,154
P22,Retrieval,ret_11,1,8,1067.9,262.9,2603,196,98
P22,Retrieval,ret_11,1,9,984.5,259.8,2826,288,144
P22,Retrieval,ret_11,1,10,1012.5,282.1,3153,312,156
P22,Retrieval,ret_11,1,11,515.1,783.9,3530,306,153
P22,Retrieval,ret_11,1,12,558.3,654.0,3877,80,40
P22,Retrieval,ret_11,1,13,926.8,634.9,3986,318,159
P22,Retrieval,ret_11,1,14,899.2,575.8,4359,362,181
P22,Retrieval,ret_12,1,1,1351.5,239.9,47,394,197
P22,Retrieval,ret_12,1,2,1207.0,492.4,486,316,158
P22,Retrieval,ret_12,1,3,970.9,572.5,845,288,144
P22,Retrieval,ret_12,1,4,1178.2,737.3,1194,434,217
P22,Retrieval,ret_12,1,5,901.2,424.6,1660,214,107
P22,Retrieval,ret_12,1,6,1533.8,994.6,1942,450,225
P22,Retrieval,ret_12,1,7,718.8,664.9,2418,300,150
P22,Retrieval,ret_12,1,8,1125.6,721.3,2742,224,112
P22,Retrieval,ret_12,1,9,791.6,511.6,3000,226,113
P22,Retrieval,ret_12,1,10,55.8,1047.6,3263,342,171
P22,Retrieval,ret_12,1,11,1070.0,660.6,3629,192,96
P22,Retrieval,ret_12,1,12,798.8,654.3,3882,344,172
P22,Retrieval,ret_12,1,13,966.2,526.6,4283,290,145
P22,Retrieval,ret_12,1,14,957.4,506.6,4600,80,40
P22,Retrieval,ret_13,1,1,1006.0,584.2,50,356,178
P22,Retrieval,ret_13,1,2,813.5,676.5,432,264,132
P22,Retrieval,ret_13,1,3,545.6,421.2,739,172,0
P22,Retrieval,ret_13,1,4,1001.1,482.7,971,286,143
P22,Retrieval,ret_13,1,5,678.2,867.9,1305,242,121
P22,Retrieval,ret_13,1,6,1004.7,508.6,1593,342,171
P22,Retrieval,ret_13,1,7,928.2,869.6,1982,292,146
P22,Retrieval,ret_13,1,8,1456.9,201.8,2308,202,101
P22,Retrieval,ret_13,1,9,1419.0,340.6,2556,232,116
P22,Retrieval,ret_13,1,10,906.5,512.9,2831,80,40
P22,Retrieval,ret_13,1,11,583.4,271.4,2957,392,196
P22,Retrieval,ret_13,1,12,621.1,336.3,3379,254,127
P22,Retrieval,ret_13,1,13,634.7,360.5,3686,80,40
P22,Retrieval,ret_13,1,14,1035.1,313.5,3825,456,228
P22,Retrieval,ret_13,1,15,675.1,362.7,4312,462,231
P22,Retrieval,ret_14,1,1,1181.0,792.7,54,308,154
P22,Retrieval,ret_14,1,2,731.6,259.9,388,498,249
P22,Retrieval,ret_14,1,3,1334.4,217.6,926,158,79
P22,Retrieval,ret_14,1,4,951.7,588.1,1138,302,151
P22,Retrieval,ret_14,1,5,1368.0,689.1,1478,360,180
P22,Retrieval,ret_14,1,6,934.5,515.8,1895,364,182
P22,Retrieval,ret_14,1,7,1433.2,906.3,2310,260,130
P22,Retrieval,ret_14,1,8,995.6,608.3,2614,384,192
P22,Retrieval,ret_14,1,9,667.2,269.2,3038,394,197
P22,Retrieval,ret_14,1,10,691.0,263.0,3485,254,127
P22,Retrieval,ret_14,1,11,1040.4,821.2,3802,244,122
P22,Retrieval,ret_14,1,12,677.9,388.6,4096,378,189
P22,Retrieval,ret_15,1,1,1235.4,516.5,117,428,214
P22,Retrieval,ret_15,1,2,938.6,510.7,600,344,172
P22,Retrieval,ret_15,1,3,1218.0,398.9,980,348,174
P22,Retrieval,ret_15,1,4,677.2,693.8,1354,452,226
P22,Retrieval,ret_15,1,5,615.2,658.1,1835,296,148
P22,Retrieval,ret_15,1,6,907.0,568.9,2194,300,150
P22,Retrieval,ret_15,1,7,569.4,594.2,2528,214,107
P22,Retrieval,ret_15,1,8,625.4,614.7,2798,370,185
P22,Retrieval,ret_15,1,9,1046.9,720.6,3221,240,120
P22,Retrieval,ret_15,1,10,568.5,570.7,3511,406,203
P22,Retrieval,ret_15,1,11,1080.8,744.5,3954,416,208
P22,Retrieval,ret_15,1,12,562.2,683.2,4428,210,105
P22,Retrieval,ret_15,1,13,682.9,721.4,4697,312,156
P22,Retrieval,ret_15,1,14,681.9,663.5,5034,288,144
P22,Retrieval,ret_15,1,15,1021.6,538.5,5376,336,168
P22,Retrieval,ret_16,1,1,1240.7,650.3,59,348,174
P22,Retrieval,ret_16,1,2,584.2,866.4,463,322,161
P22,Retrieval,ret_16,1,3,1158.8,624.2,853,310,155
P22,Retrieval,ret_16,1,4,1236.2,375.1,1225,246,123
P22,Retrieval,ret_16,1,5,1021.5,529.0,1518,394,197
P22,Retrieval,ret_16,1,6,729.0,605.9,1963,216,108
P22,Retrieval,ret_16,1,7,850.3,454.7,2230,364,182
P22,Retrieval,ret_16,1,8,759.3,420.0,2655,414,207
P22,Retrieval,ret_16,1,9,983.8,720.3,3136,352,176
P22,Retrieval,ret_16,1,10,994.7,510.8,3528,366,183
P22,Retrieval,ret_16,1,11,1229.7,667.7,3946,210,105
P22,Retrieval,ret_16,1,12,845.6,817.7,4195,162,81
P22,Retrieval,ret_17,1,1,1181.4,384.1,98,148,74
P22,Retrieval,ret_17,1,2,929.4,411.7,310,322,161
P22,Retrieval,ret_17,1,3,1141.5,406.8,700,190,95
P22,Retrieval,ret_17,1,4,1064.6,435.8,931,522,261
P22,Retrieval,ret_17,1,5,1028.6,519.8,1518,330,165
P22,Retrieval,ret_17,1,6,1183.9,352.9,1872,190,95
P22,Retrieval,ret_17,1,7,1190.0,451.7,2122,292,146
P22,Retrieval,ret_17,1,8,1039.1,441.5,2442,354,177
P22,Retrieval,ret_17,1,9,708.7,349.8,2836,230,115
P22,Retrieval,ret_17,1,10,1204.2,323.1,3108,256,128
P22,Retrieval,ret_17,1,11,1015.8,523.0,3415,328,164
P22,Retrieval,ret_17,1,12,1211.9,306.7,3804,326,163
P22,Retrieval,ret_17,1,13,1196.8,419.0,4198,238,119
P22,Retrieval,ret_18,1,1,955.1,577.8,49,330,165
P22,Retrieval,ret_18,1,2,989.6,513.2,413,384,192
P22,Retrieval,ret_18,1,3,962.0,476.7,862,292,146
P22,Retrieval,ret_18,1,4,917.5,744.6,1203,250,125
P22,Retrieval,ret_18,1,5,669.4,506.5,1488,262,131
P22,Retrieval,ret_18,1,6,904.3,700.9,1778,324,162
P22,Retrieval,ret_18,1,7,876.3,773.9,2167,210,105
P22,Retrieval,ret_18,1,8,927.6,671.7,2415,246,123
P22,Retrieval,ret_18,1,9,516.3,693.0,2708,368,184
P22,Retrieval,ret_18,1,10,625.6,428.1,3113,310,155
P22,Retrieval,ret_18,1,11,914.7,561.1,3464,372,186
P22,Retrieval,ret_18,1,12,984.8,643.0,3904,324,162
P22,Retrieval,ret_18,1,13,617.0,454.5,4255,222,111
P22,Retrieval,ret_18,1,14,918.0,759.3,4503,222,111
P22,Retrieval,ret_18,1,15,948.8,518.1,4773,282,141
P22,Retrieval,ret_19,1,1,901.6,561.9,80,358,179
P22,Retrieval,ret_19,1,2,864.7,595.8,492,288,144
P22,Retrieval,ret_19,1,3,881.4,595.5,814,316,158
P22,Retrieval,ret_19,1,4,721.0,190.1,1171,292,146
P22,Retrieval,ret_19,1,5,820.2,372.9,1500,328,164
P22,Retrieval,ret_19,1,6,1032.9,303.9,1860,324,162
P22,Retrieval,ret_19,1,7,932.1,613.2,2252,232,116
P22,Retrieval,ret_19,1,8,904.5,541.9,2519,446,223
P22,Retrieval,ret_19,1,9,881.4,627.0,3030,344,172
P22,Retrieval,ret_19,1,10,964.3,529.9,3401,362,181
P22,Retrieval,ret_19,1,11,1133.5,736.7,3829,306,153
P22,Retrieval,ret_19,1,12,922.6,502.9,4192,338,169
P22,Retrieval,ret_19,1,13,1139.6,826.1,4554,380,190
P22,Retrieval,ret_19,1,14,1155.9,810.3,4984,460,230
P22,Retrieval,ret_19,1,15,1087.7,782.3,5490,142,71
P22,Retrieval,ret_20,1,1,1234.2,785.1,103,294,147
P22,Retrieval,ret_20,1,2,1177.2,799.4,427,216,108
P22,Retrieval,ret_20,1,3,921.7,546.8,702,468,234
P22,Retrieval,ret_20,1,4,1187.8,475.7,1223,418,209
P22,Retrieval,ret_20,1,5,1017.7,554.6,1665,260,130
P22,Retrieval,ret_20,1,6,965.0,560.5,1962,346,173
P22,Retrieval,ret_20,1,7,1195.8,552.3,2366,206,103
P22,Retrieval,ret_20,1,8,1099.8,682.0,2618,246,123
P22,Retrieval,ret_20,1,9,974.5,553.5,2908,334,167
P22,Retrieval,ret_20,1,10,1212.0,497.6,3301,352,176
P22,Retrieval,ret_20,1,11,1253.8,742.4,3698,380,190
P22,Retrieval,ret_20,1,12,1171.2,837.3,4125,310,155
P22,Retrieval,ret_20,1,13,922.0,582.0,4476,196,98
P22,Retrieval,ret_20,1,14,1161.8,759.4,4722,188,94
P22,Retrieval,ret_20,1,15,1241.1,762.1,4942,336,168
P22,Retrieval,ret_20,1,16,1041.1,242.7,5341,222,111
P23,Encoding,enc_01,1,1,787.0,283.3,109,200,100
P23,Encoding,enc_01,1,2,941.3,418.4,370,186,93
P23,Encoding,enc_01,1,3,1023.5,712.0,596,446,223
P23,Encoding,enc_01,1,4,771.0,328.1,1068,378,189
P23,Encoding,enc_01,1,5,1071.2,632.4,1492,358,179
P23,Encoding,enc_01,1,6,1325.1,441.6,1898,354,177
P23,Encoding,enc_01,1,7,542.1,669.7,2317,360,180
P23,Encoding,enc_01,1,8,1280.2,188.7,2739,320,160
P23,Encoding,enc_01,1,9,528.1,721.4,3116,416,208
P23,Encoding,enc_01,1,10,1061.9,661.8,3585,316,158
P23,Encoding,enc_01,1,11,751.4,340.5,3950,244,122
P23,Encoding,enc_01,1,12,794.1,369.0,4219,358,179
P23,Encoding,enc_01,1,13,963.9,286.6,4640,304,152
P23,Encoding,enc_01,1,14,1047.7,624.2,5010,238,119
P23,Encoding,enc_02,1,1,1192.6,808.2,64,350,175
P23,Encoding,enc_02,1,2,545.0,456.0,465,156,78
P23,Encoding,enc_02,1,3,1142.2,370.2,685,150,75
P23,Encoding,enc_02,1,4,1159.0,761.4,895,80,40
P23,Encoding,enc_02,1,5,1144.5,392.3,1004,230,115
P23,Encoding,enc_02,1,6,1151.7,824.0,1295,280,140
P23,Encoding,enc_02,1,7,545.5,433.8,1601,370,185
P23,Encoding,enc_02,1,8,1128.7,765.0,2013,334,167
P23,Encoding,enc_02,1,9,656.9,278.5,2393,324,162
P23,Encoding,enc_02,1,10,1122.5,784.0,2778,426,213
P23,Encoding,enc_02,1,11,670.4,308.0,3268,212,106
P23,Encoding,enc_02,1,12,1165.9,776.0,3528,364,182
P23,Encoding,enc_02,1,13,1156.7,379.1,3916,378,189
P23,Encoding,enc_02,1,14,1153.1,752.2,4340,252,126
P23,Encoding,enc_02,1,15,859.1,817.6,4635,198,99
P23,Encoding,enc_03,1,1,1014.7,450.6,109,408,204
P23,Encoding,enc_03,1,2,705.5,265.9,568,268,134
P23,Encoding,enc_03,1,3,966.7,342.1,884,314,157
P23,Encoding,enc_03,1,4,1044.1,400.3,1235,218,109
P23,Encoding,enc_03,1,5,707.0,298.7,1522,262,131
P23,Encoding,enc_03,1,6,683.2,279.4,1850,246,123
P23,Encoding,enc_03,1,7,701.3,337.2,2120,380,190
P23,Encoding,enc_03,1,8,1156.3,429.2,2547,322,161
P23,Encoding,enc_03,1,9,1332.3,563.5,2895,344,172
P23,Encoding,enc_03,1,10,709.6,243.7,3265,450,225
P23,Encoding,enc_03,1,11,1004.2,368.5,3746,204,102
P23,Encoding,enc_03,1,12,1132.5,398.2,4014,326,163
P23,Encoding,enc_03,1,13,99.4,1042.7,4371,236,118
P23,Encoding,enc_04,1,1,1176.1,720.3,108,368,184
P23,Encoding,enc_04,1,2,806.4,256.0,515,382,191
P23,Encoding,enc_04,1,3,1195.0,708.3,932,312,156
P23,Encoding,enc_04,1,4,795.7,286.3,1294,318,159
P23,Encoding,enc_04,1,5,806.7,217.7,1680,374,187
P23,Encoding,enc_04,1,6,1170.8,533.8,2118,436,218
P23,Encoding,enc_04,1,7,789.7,255.5,2615,262,131
P23,Encoding,enc_04,1,8,1143.0,532.1,2926,284,142
P23,Encoding,enc_04,1,9,1155.1,785.3,3267,268,134
P23,Encoding,enc_04,1,10,873.6,178.4,3595,292,146
P23,Encoding,enc_04,1,11,1134.7,771.5,3920,384,192
P23,Encoding,enc_04,1,12,740.4,238.7,4352,336,168
P23,Encoding,enc_04,1,13,1218.9,775.7,4728,214,107
P23,Encoding,enc_04,1,14,1203.5,558.9,4970,278,139
P23,Encoding,enc_04,1,15,1171.5,542.1,5291,260,130
P23,Encoding,enc_05,1,1,1033.0,395.4,40,312,156
P23,Encoding,enc_05,1,2,648.8,749.1,416,292,146
P23,Encoding,enc_05,1,3,1083.4,724.9,741,272,136
P23,Encoding,enc_05,1,4,1066.2,699.8,1080,162,81
P23,Encoding,enc_05,1,5,1277.5,279.5,1301,332,166
P23,Encoding,enc_05,1,6,1106.7,685.2,1691,280,140
P23,Encoding,enc_05,1,7,650.9,779.2,2025,328,164
P23,Encoding,enc_05,1,8,1448.2,83.7,2394,378,189
P23,Encoding,enc_05,1,9,655.6,770.3,2828,318,159
P23,Encoding,enc_05,1,10,1046.5,377.1,3213,434,217
P23,Encoding,enc_05,1,11,1018.5,423.7,3707,256,128
P23,Encoding,enc_05,1,12,641.6,697.9,4017,300,150
P23,Encoding,enc_05,1,13,1273.3,585.7,4363,228,114
P23,Encoding,enc_05,1,14,1103.3,389.6,4655,126,63
P23,Encoding,enc_05,1,15,670.4,728.1,4825,156,78
P23,Encoding,enc_05,1,16,1136.4,871.0,5034,328,164
P23,Encoding,enc_05,1,17,1216.5,347.2,5402,280,140
P23,Encoding,enc_06,1,1,1014.4,579.1,111,208,104
P23,Encoding,enc_06,1,2,972.3,246.8,373,254,127
P23,Encoding,enc_06,1,3,1009.1,321.5,657,220,110
P23,Encoding,enc_06,1,4,991.5,568.3,936,326,163
P23,Encoding,enc_06,1,5,1106.6,503.1,1305,190,95
P23,Encoding,enc_06,1,6,1024.5,584.4,1540,164,82
P23,Encoding,enc_06,1,7,807.7,308.2,1766,274,137
P23,Encoding,enc_06,1,8,1071.8,555.7,2079,322,161
P23,Encoding,enc_06,1,9,1028.4,273.0,2431,228,114
P23,Encoding,enc_06,1,10,822.4,290.4,2710,340,170
P23,Encoding,enc_06,1,11,1037.9,575.0,3107,362,181
P23,Encoding,enc_06,1,12,758.9,305.0,3538,204,102
P23,Encoding,enc_06,1,13,638.1,345.7,3799,178,89
P23,Encoding,enc_06,1,14,775.4,281.7,4034,394,197
P23,Encoding,enc_07,1,1,1380.3,303.1,73,398,199
P23,Encoding,enc_07,1,2,705.5,595.9,509,162,81
P23,Encoding,enc_07,1,3,516.1,661.8,733,248,124
P23,Encoding,enc_07,1,4,1131.0,551.9,1041,464,232
P23,Encoding,enc_07,1,5,652.2,602.3,1532,250,125
P23,Encoding,enc_07,1,6,1162.7,493.2,1851,294,147
P23,Encoding,enc_07,1,7,857.1,550.2,2199,278,139
P23,Encoding,enc_07,1,8,844.7,547.2,2545,162,81
P23,Encoding,enc_07,1,9,809.9,194.5,2773,290,145
P23,Encoding,enc_07,1,10,1102.1,434.6,3131,122,61
P23,Encoding,enc_07,1,11,735.2,397.6,3282,214,107
P23,Encoding,enc_07,1,12,1238.5,315.8,3549,290,145
P23,Encoding,enc_07,1,13,1117.5,533.1,3908,386,193
P23,Encoding,enc_07,1,14,1318.6,312.6,4360,524,262
P23,Encoding,enc_08,1,1,776.7,682.7,52,240,120
P23,Encoding,enc_08,1,2,728.0,654.6,358,126,63
P23,Encoding,enc_08,1,3,1459.2,203.5,511,226,113
P23,Encoding,enc_08,1,4,744.5,642.4,803,242,121
P23,Encoding,enc_08,1,5,1256.0,451.7,1099,270,135
P23,Encoding,enc_08,1,6,1287.3,405.8,1428,294,147
P23,Encoding,enc_08,1,7,580.8,867.1,1778,232,116
P23,Encoding,enc_08,1,8,744.2,642.4,2071,346,173
P23,Encoding,enc_08,1,9,1045.9,734.6,2450,228,114
P23,Encoding,enc_08,1,10,1081.7,724.1,2717,174,87
P23,Encoding,enc_08,1,11,1043.2,681.5,2916,240,120
P23,Encoding,enc_08,1,12,717.4,614.2,3216,246,123
P23,Encoding,enc_08,1,13,704.6,592.9,3487,288,144
P23,Encoding,enc_08,1,14,1201.5,880.6,3842,452,226
P23,Encoding,enc_08,1,15,822.4,890.3,4339,180,90
P23,Encoding,enc_08,1,16,1106.9,735.7,4571,490,245
P23,Encoding,enc_08,1,17,548.0,424.6,5096,180,90
P23,Encoding,enc_09,1,1,1042.4,792.8,97,312,156
P23,Encoding,enc_09,1,2,868.7,115.0,449,362,181
P23,Encoding,enc_09,1,3,1343.5,679.9,855,306,153
P23,Encoding,enc_09,1,4,1284.6,506.4,1203,258,129
P23,Encoding,enc_09,1,5,1061.5,804.5,1507,344,172
P23,Encoding,enc_09,1,6,888.3,646.0,1896,308,154
P23,Encoding,enc_09,1,7,1625.2,308.9,2235,88,44
P23,Encoding,enc_09,1,8,654.0,637.9,2370,150,75
P23,Encoding,enc_09,1,9,569.7,733.8,2579,190,95
P23,Encoding,enc_09,1,10,741.7,632.8,2835,472,236
P23,Encoding,enc_09,1,11,1039.9,772.3,3347,204,102
P23,Encoding,enc_10,1,1,1011.9,624.2,44,356,178
P23,Encoding,enc_10,1,2,1040.5,607.1,441,374,187
P23,Encoding,enc_10,1,3,1255.3,617.4,859,284,142
P23,Encoding,enc_10,1,4,1597.0,961.8,1186,308,154
P23,Encoding,enc_10,1,5,1007.5,548.7,1537,388,194
P23,Encoding,enc_10,1,6,847.3,719.7,1968,462,231
P23,Encoding,enc_10,1,7,859.8,727.0,2477,182,91
P23,Encoding,enc_10,1,8,632.8,450.4,2724,208,104
P23,Encoding,enc_10,1,9,494.6,468.3,2966,344,172
P23,Encoding,enc_10,1,10,1238.8,579.2,3359,376,188
P23,Encoding,enc_10,1,11,1059.2,416.2,3797,470,235
P23,Encoding,enc_10,1,12,849.2,697.3,4320,284,142
P23,Encoding,enc_10,1,13,819.8,711.8,4640,440,220
P23,Encoding,enc_10,1,14,1027.6,654.1,5139,276,138
P23,Encoding,enc_11,1,1,794.4,553.1,94,362,181
P23,Encoding,enc_11,1,2,680.2,379.7,515,256,128
P23,Encoding,enc_11,1,3,901.5,772.2,834,164,82
P23,Encoding,enc_11,1,4,907.5,603.6,1023,274,137
P23,Encoding,enc_11,1,5,1122.8,572.7,1360,212,106
P23,Encoding,enc_11,1,6,562.2,643.9,1636,282,141
P23,Encoding,enc_11,1,7,1167.9,608.5,1963,302,151
P23,Encoding,enc_11,1,8,896.4,564.8,2312,262,131
P23,Encoding,enc_11,1,9,929.0,594.7,2630,310,155
P23,Encoding,enc_11,1,10,901.7,588.0,2992,80,40
P23,Encoding,enc_11,1,11,904.5,615.5,3126,378,189
P23,Encoding,enc_11,1,12,1152.0,610.8,3567,328,164
P23,Encoding,enc_11,1,13,854.7,582.1,3935,282,141
P23,Encoding,enc_11,1,14,1157.9,601.7,4247,332,166
P23,Encoding,enc_12,1,1,652.3,714.3,42,458,229
P23,Encoding,enc_12,1,2,786.7,835.2,563,332,166
P23,Encoding,enc_12,1,3,1180.8,281.4,925,88,44
P23,Encoding,enc_12,1,4,1127.0,322.2,1079,294,147
P23,Encoding,enc_12,1,5,818.4,468.9,1413,376,188
P23,Encoding,enc_12,1,6,1356.1,351.0,1819,256,128
P23,Encoding,enc_12,1,7,631.9,694.3,2120,306,153
P23,Encoding,enc_12,1,8,828.7,434.5,2477,288,144
P23,Encoding,enc_12,1,9,1268.7,888.2,2823,296,148
P23,Encoding,enc_12,1,10,1752.6,567.3,3160,264,132
P23,Encoding,enc_12,1,11,152.9,563.3,3487,382,191
P23,Encoding,enc_12,1,12,894.3,397.4,3928,328,164
P23,Encoding,enc_12,1,13,881.2,442.4,4299,482,241
P23,Encoding,enc_12,1,14,888.6,414.0,4844,156,78
P23,Encoding,enc_12,1,15,1146.0,286.3,5044,336,168
P23,Encoding,enc_13,1,1,985.5,825.8,49,340,170
P23,Encoding,enc_13,1,2,789.2,383.2,458,212,106
P23,Encoding,enc_13,1,3,667.5,810.3,708,346,173
P23,Encoding,enc_13,1,4,984.9,569.0,1084,248,124
P23,Encoding,enc_13,1,5,688.0,788.6,1363,310,155
P23,Encoding,enc_13,1,6,990.1,593.0,1735,252,126
P23,Encoding,enc_13,1,7,954.4,620.4,2012,412,206
P23,Encoding,enc_13,1,8,1395.7,642.8,2488,304,152
P23,Encoding,enc_13,1,9,974.4,796.3,2832,464,232
P23,Encoding,enc_13,1,10,1345.3,608.5,3336,278,139
P23,Encoding,enc_13,1,11,746.3,366.9,3654,220,110
P23,Encoding,enc_13,1,12,1365.3,641.2,3939,456,228
P23,Encoding,enc_13,1,13,821.9,345.6,4435,262,131
P23,Encoding,enc_13,1,14,1220.4,370.3,4735,344,172
P23,Encoding,enc_14,1,1,978.3,527.9,103,188,94
P23,Encoding,enc_14,1,2,906.5,469.2,330,278,139
P23,Encoding,enc_14,1,3,1273.5,723.7,653,212,106
P23,Encoding,enc_14,1,4,950.1,682.6,904,284,142
P23,Encoding,enc_14,1,5,1347.2,373.1,1219,390,195
P23,Encoding,enc_14,1,6,1255.3,676.6,1671,220,110
P23,Encoding,enc_14,1,7,654.5,524.4,1918,278,139
P23,Encoding,enc_14,1,8,587.1,461.4,2229,184,92
P23,Encoding,enc_14,1,9,959.0,465.9,2449,198,99
P23,Encoding,enc_14,1,10,937.2,503.4,2716,304,152
P23,Encoding,enc_14,1,11,1258.6,378.8,3058,348,174
P23,Encoding,enc_14,1,12,899.6,463.6,3456,178,89
P23,Encoding,enc_14,1,13,976.9,677.7,3684,314,157
P23,Encoding,enc_15,1,1,1299.4,707.5,53,280,140
P23,Encoding,enc_15,1,2,1270.8,589.9,399,292,146
P23,Encoding,enc_15,1,3,1313.4,624.5,742,372,186
P23,Encoding,enc_15,1,4,1287.9,643.2,1154,442,221
P23,Encoding,enc_15,1,5,1703.6,337.0,1649,366,183
P23,Encoding,enc_15,1,6,845.2,435.8,2058,246,123
P23,Encoding,enc_15,1,7,628.6,277.9,2350,264,132
P23,Encoding,enc_15,1,8,734.4,452.3,2645,286,143
P23,Encoding,enc_15,1,9,599.6,321.7,2993,252,126
P23,Encoding,enc_15,1,10,619.6,213.0,3313,434,217
P23,Encoding,enc_15,1,11,896.6,349.0,3788,224,112
P23,Encoding,enc_15,1,12,577.8,306.1,4074,234,117
P23,Encoding,enc_15,1,13,895.2,393.6,4344,296,148
P23,Encoding,enc_15,1,14,1255.1,632.5,4695,308,154
P23,Encoding,enc_15,1,15,877.9,384.8,5037,314,157
P23,Encoding,enc_16,1,1,721.3,529.6,48,320,160
P23,Encoding,enc_16,1,2,660.6,689.1,394,268,134
P23,Encoding,enc_16,1,3,627.7,710.8,711,204,102
P23,Encoding,enc_16,1,4,776.2,546.9,951,238,119
P23,Encoding,enc_16,1,5,1216.3,629.8,1232,346,173
P23,Encoding,enc_16,1,6,1292.6,318.3,1645,282,141
P23,Encoding,enc_16,1,7,1295.1,388.8,1981,324,162
P23,Encoding,enc_16,1,8,640.2,754.2,2360,218,109
P23,Encoding,enc_16,1,9,648.1,724.3,2643,236,118
P23,Encoding,enc_16,1,10,663.8,735.7,2926,322,161
P23,Encoding,enc_16,1,11,1210.4,661.0,3306,338,169
P23,Encoding,enc_16,1,12,691.6,764.2,3686,178,89
P23,Encoding,enc_16,1,13,1245.4,596.4,3927,226,113
P23,Encoding,enc_17,1,1,1161.4,765.3,118,292,146
P23,Encoding,enc_17,1,2,910.2,601.2,445,152,76
P23,Encoding,enc_17,1,3,376.9,948.8,651,348,174
P23,Encoding,enc_17,1,4,847.9,594.0,1042,270,135
P23,Encoding,enc_17,1,5,1156.8,96.2,1358,346,173
P23,Encoding,enc_17,1,6,997.8,292.8,1730,284,142
P23,Encoding,enc_17,1,7,1177.8,783.8,2044,382,191
P23,Encoding,enc_17,1,8,789.4,335.2,2464,462,231
P23,Encoding,enc_17,1,9,1026.0,314.1,2954,200,100
P23,Encoding,enc_17,1,10,842.9,368.3,3201,342,171
P23,Encoding,enc_17,1,11,1146.8,776.4,3600,360,180
P23,Encoding,enc_17,1,12,649.1,566.2,3992,298,149
P23,Encoding,enc_17,1,13,1090.5,757.9,4327,322,161
P23,Encoding,enc_17,1,14,948.6,622.0,4716,170,85
P23,Encoding,enc_18,1,1,1051.1,667.2,65,282,141
P23,Encoding,enc_18,1,2,962.2,379.0,372,204,102
P23,Encoding,enc_18,1,3,961.6,340.7,623,180,90
P23,Encoding,enc_18,1,4,987.5,336.7,872,214,107
P23,Encoding,enc_18,1,5,1007.9,1005.1,1153,278,139
P23,Encoding,enc_18,1,6,506.3,686.1,1493,212,106
P23,Encoding,enc_18,1,7,961.1,352.8,1762,286,143
P23,Encoding,enc_18,1,8,945.0,385.1,2116,340,170
P23,Encoding,enc_18,1,9,936.9,345.7,2483,292,146
P23,Encoding,enc_18,1,10,1429.0,273.9,2827,288,144
P23,Encoding,enc_18,1,11,1775.1,46.7,3141,296,148
P23,Encoding,enc_18,1,12,945.2,357.3,3498,258,129
P23,Encoding,enc_18,1,13,1073.5,610.7,3782,258,129
P23,Encoding,enc_18,1,14,1091.4,689.1,4064,422,211
P23,Encoding,enc_18,1,15,942.1,385.9,4552,342,171
P23,Encoding,enc_18,1,16,1094.4,631.6,4951,328,164
P23,Encoding,enc_19,1,1,563.7,663.1,112,204,102
P23,Encoding,enc_19,1,2,1215.3,801.7,359,278,139
P23,Encoding,enc_19,1,3,1286.5,756.7,695,194,97
P23,Encoding,enc_19,1,4,1320.4,799.2,933,410,205
P23,Encoding,enc_19,1,5,964.1,880.9,1367,324,162
P23,Encoding,enc_19,1,6,715.4,688.3,1743,228,114
P23,Encoding,enc_19,1,7,586.3,327.0,2011,246,123
P23,Encoding,enc_19,1,8,1232.6,743.5,2326,98,49
P23,Encoding,enc_19,1,9,1268.1,723.9,2481,186,93
P23,Encoding,enc_19,1,10,531.7,662.9,2725,190,95
P23,Encoding,enc_19,1,11,570.6,322.3,2969,394,197
P23,Encoding,enc_19,1,12,1002.8,317.7,3415,274,137
P23,Encoding,enc_19,1,13,1025.8,374.6,3717,274,137
P23,Encoding,enc_19,1,14,557.0,716.2,4053,328,164
P23,Encoding,enc_19,1,15,557.2,727.6,4408,190,95
P23,Encoding,enc_19,1,16,585.2,669.2,4637,432,216
P23,Encoding,enc_20,1,1,1123.6,584.2,80,244,122
P23,Encoding,enc_20,1,2,958.3,274.4,357,240,120
P23,Encoding,enc_20,1,3,1201.9,459.9,628,264,132
P23,Encoding,enc_20,1,4,894.2,280.9,928,154,77
P23,Encoding,enc_20,1,5,1029.5,236.8,1122,226,113
P23,Encoding,enc_20,1,6,949.8,408.9,1409,274,137
P23,Encoding,enc_20,1,7,964.1,429.2,1720,298,149
P23,Encoding,enc_20,1,8,1182.2,462.0,2058,180,90
P23,Encoding,enc_20,1,9,1007.4,252.9,2291,330,165
P23,Encoding,enc_20,1,10,1266.0,588.8,2656,396,198
P23,Encoding,enc_20,1,11,1292.8,596.9,3081,346,173
P23,Encoding,enc_20,1,12,838.6,711.4,3456,218,109
P23,Encoding,enc_20,1,13,1236.4,593.3,3720,210,105
P23,Encoding,enc_20,1,14,875.7,519.8,3980,196,98
P23,Encoding,enc_20,1,15,937.5,236.6,4230,198,99
P23,Encoding,enc_20,1,16,157.0,57.8,4487,256,128
P23,Retrieval,ret_01,1,1,544.6,818.7,61,80,40
P23,Retrieval,ret_01,1,2,1074.5,681.9,203,298,149
P23,Retrieval,ret_01,1,3,779.7,256.3,555,236,118
P23,Retrieval,ret_01,1,4,906.1,508.4,853,394,197
P23,Retrieval,ret_01,1,5,414.2,604.5,1271,276,138
P23,Retrieval,ret_01,1,6,1311.3,201.3,1607,266,133
P23,Retrieval,ret_01,1,7,740.5,374.5,1905,242,121
P23,Retrieval,ret_01,1,8,893.7,445.6,2194,210,105
P23,Retrieval,ret_01,1,9,922.0,728.6,2445,250,125
P23,Retrieval,ret_01,1,10,853.3,401.8,2757,260,130
P23,Retrieval,ret_01,1,11,762.0,348.3,3059,228,114
P23,Retrieval,ret_01,1,12,1297.4,448.7,3340,292,146
P23,Retrieval,ret_01,1,13,1040.9,547.6,3672,298,149
P23,Retrieval,ret_01,1,14,909.8,532.7,4015,268,134
P23,Retrieval,ret_01,1,15,918.4,502.4,4347,312,156
P23,Retrieval,ret_02,1,1,824.4,872.7,71,114,57
P23,Retrieval,ret_02,1,2,1063.2,713.4,237,372,186
P23,Retrieval,ret_02,1,3,1018.7,480.4,638,354,177
P23,Retrieval,ret_02,1,4,1098.8,771.1,1036,420,210
P23,Retrieval,ret_02,1,5,558.0,886.2,1480,106,53
P23,Retrieval,ret_02,1,6,1229.4,436.6,1639,386,193
P23,Retrieval,ret_02,1,7,613.4,420.8,2059,296,148
P23,Retrieval,ret_02,1,8,1125.3,736.8,2383,358,179
P23,Retrieval,ret_02,1,9,532.8,829.7,2808,292,146
P23,Retrieval,ret_02,1,10,1189.5,865.1,3169,368,184
P23,Retrieval,ret_02,1,11,654.9,814.3,3584,262,131
P23,Retrieval,ret_02,1,12,666.1,531.9,3892,344,172
P23,Retrieval,ret_02,1,13,951.2,611.6,4276,310,155
P23,Retrieval,ret_02,1,14,893.0,510.6,4634,214,107
P23,Retrieval,ret_02,1,15,635.2,382.2,4893,442,221
P23,Retrieval,ret_02,1,16,745.5,599.7,5373,344,172
P23,Retrieval,ret_02,1,17,1122.1,735.7,5770,124,62
P23,Retrieval,ret_02,1,18,971.1,1042.8,5955,130,65
P23,Retrieval,ret_03,1,1,958.7,485.8,109,338,169
P23,Retrieval,ret_03,1,2,901.1,274.0,471,444,222
P23,Retrieval,ret_03,1,3,1363.5,603.5,970,292,146
P23,Retrieval,ret_03,1,4,1263.1,619.6,1315,182,91
P23,Retrieval,ret_03,1,5,899.6,364.1,1544,162,81
P23,Retrieval,ret_03,1,6,1230.7,649.4,1767,204,102
P23,Retrieval,ret_03,1,7,1273.9,757.7,2014,278,139
P23,Retrieval,ret_03,1,8,844.6,387.1,2318,210,105
P23,Retrieval,ret_03,1,9,1326.0,681.8,2567,404,202
P23,Retrieval,ret_03,1,10,590.6,299.8,3026,352,176
P23,Retrieval,ret_04,1,1,1148.0,766.7,78,264,132
P23,Retrieval,ret_04,1,2,1175.4,764.7,393,248,124
P23,Retrieval,ret_04,1,3,1138.8,321.0,701,208,104
P23,Retrieval,ret_04,1,4,868.2,827.1,949,146,73
P23,Retrieval,ret_04,1,5,557.0,472.8,1129,424,212
P23,Retrieval,ret_04,1,6,1130.4,374.0,1577,310,155
P23,Retrieval,ret_04,1,7,1123.1,339.4,1924,256,128
P23,Retrieval,ret_04,1,8,1172.4,811.0,2227,370,185
P23,Retrieval,ret_04,1,9,1136.7,768.6,2639,398,199
P23,Retrieval,ret_04,1,10,1159.9,305.4,3092,362,181
P23,Retrieval,ret_04,1,11,571.7,325.1,3508,280,140
P23,Retrieval,ret_04,1,12,1150.8,866.0,3850,304,152
P23,Retrieval,ret_05,1,1,986.4,503.4,46,296,148
P23,Retrieval,ret_05,1,2,1402.2,553.4,403,254,127
P23,Retrieval,ret_05,1,3,712.9,647.9,697,262,131
P23,Retrieval,ret_05,1,4,1147.3,474.1,1007,424,212
P23,Retrieval,ret_05,1,5,638.4,635.3,1463,436,218
P23,Retrieval,ret_05,1,6,1374.1,712.0,1924,422,211
P23,Retrieval,ret_05,1,7,1367.6,607.0,2389,182,91
P23,Retrieval,ret_05,1,8,829.7,695.4,2622,352,176
P23,Retrieval,ret_05,1,9,572.5,745.5,3023,312,156
P23,Retrieval,ret_05,1,10,1322.6,437.5,3394,208,104
P23,Retrieval,ret_05,1,11,1106.1,818.9,3643,266,133
P23,Retrieval,ret_05,1,12,885.2,1055.3,3939,184,92
P23,Retrieval,ret_05,1,13,957.1,561.1,4158,358,179
P23,Retrieval,ret_06,1,1,1217.4,659.6,97,274,137
P23,Retrieval,ret_06,1,2,908.8,526.3,404,286,143
P23,Retrieval,ret_06,1,3,637.2,658.1,758,274,137
P23,Retrieval,ret_06,1,4,1335.5,330.1,1065,376,188
P23,Retrieval,ret_06,1,5,726.8,494.9,1505,328,164
P23,Retrieval,ret_06,1,6,832.0,562.5,1896,262,131
P23,Retrieval,ret_06,1,7,706.0,705.0,2182,366,183
P23,Retrieval,ret_06,1,8,979.2,489.6,2616,430,215
P23,Retrieval,ret_06,1,9,930.3,489.7,3081,284,142
P23,Retrieval,ret_06,1,10,647.8,708.8,3404,198,99
P23,Retrieval,ret_06,1,11,1187.1,640.3,3667,424,212
P23,Retrieval,ret_06,1,12,1280.0,336.1,4139,416,208
P23,Retrieval,ret_06,1,13,1208.2,625.9,4608,442,221
P23,Retrieval,ret_06,1,14,1242.5,591.4,5074,278,139
P23,Retrieval,ret_06,1,15,964.9,474.3,5418,260,130
P23,Retrieval,ret_07,1,1,912.6,532.9,60,172,86
P23,Retrieval,ret_07,1,2,1001.7,439.4,272,282,141
P23,Retrieval,ret_07,1,3,1030.6,524.9,622,88,44
P23,Retrieval,ret_07,1,4,677.4,305.1,742,396,198
P23,Retrieval,ret_07,1,5,1134.5,401.3,1166,174,87
P23,Retrieval,ret_07,1,6,1118.0,918.1,1405,340,170
P23,Retrieval,ret_07,1,7,692.5,306.2,1777,240,120
P23,Retrieval,ret_07,1,8,798.9,874.1,2070,390,195
P23,Retrieval,ret_07,1,9,1318.0,266.3,2509,278,139
P23,Retrieval,ret_07,1,10,507.7,431.6,2847,238,119
P23,Retrieval,ret_07,1,11,423.9,763.9,3126,296,148
P23,Retrieval,ret_07,1,12,1314.6,588.3,3462,340,170
P23,Retrieval,ret_07,1,13,1018.5,397.1,3842,110,55
P23,Retrieval,ret_07,1,14,968.8,463.1,4012,330,165
P23,Retrieval,ret_08,1,1,1860.9,997.3,81,438,219
P23,Retrieval,ret_08,1,2,1199.5,675.6,564,414,207
P23,Retrieval,ret_08,1,3,1351.3,988.9,1043,248,124
P23,Retrieval,ret_08,1,4,848.4,506.1,1326,318,159
P23,Retrieval,ret_08,1,5,850.8,707.7,1671,388,194
P23,Retrieval,ret_08,1,6,603.6,484.7,2086,258,129
P23,Retrieval,ret_08,1,7,1038.2,594.5,2406,364,182
P23,Retrieval,ret_08,1,8,946.0,467.6,2797,322,161
P23,Retrieval,ret_08,1,9,989.9,512.3,3160,224,112
P23,Retrieval,ret_08,1,10,1125.3,555.4,3428,264,132
P23,Retrieval,ret_08,1,11,937.5,560.1,3724,188,94
P23,Retrieval,ret_08,1,12,1025.2,857.7,3964,312,156
P23,Retrieval,ret_09,1,1,978.9,521.8,53,306,153
P23,Retrieval,ret_09,1,2,753.0,340.3,394,304,152
P23,Retrieval,ret_09,1,3,960.8,247.1,727,388,194
P23,Retrieval,ret_09,1,4,1181.9,765.0,1145,192,96
P23,Retrieval,ret_09,1,5,886.2,638.9,1400,362,181
P23,Retrieval,ret_09,1,6,981.8,598.5,1812,174,87
P23,Retrieval,ret_09,1,7,1122.4,793.4,2055,80,40
P23,Retrieval,ret_09,1,8,918.9,586.5,2163,322,161
P23,Retrieval,ret_09,1,9,153.2,990.1,2539,348,174
P23,Retrieval,ret_09,1,10,872.2,410.2,2913,332,166
P23,Retrieval,ret_09,1,11,852.0,358.7,3284,276,138
P23,Retrieval,ret_09,1,12,1108.6,797.0,3619,186,93
P23,Retrieval,ret_09,1,13,905.4,350.1,3850,202,101
P23,Retrieval,ret_09,1,14,648.8,567.1,4076,194,97
P23,Retrieval,ret_10,1,1,1122.9,816.2,70,266,133
P23,Retrieval,ret_10,1,2,1200.3,753.4,360,250,125
P23,Retrieval,ret_10,1,3,852.9,245.9,675,148,74
P23,Retrieval,ret_10,1,4,831.8,242.2,869,366,183
P23,Retrieval,ret_10,1,5,1226.9,734.2,1303,244,122
P23,Retrieval,ret_10,1,6,1187.5,518.7,1580,360,180
P23,Retrieval,ret_10,1,7,815.0,210.8,1978,336,168
P23,Retrieval,ret_10,1,8,719.3,242.1,2374,306,153
P23,Retrieval,ret_10,1,9,747.0,222.6,2738,310,155
P23,Retrieval,ret_10,1,10,856.6,404.2,3116,246,123
P23,Retrieval,ret_10,1,11,1005.1,552.6,3413,316,158
P23,Retrieval,ret_10,1,12,770.4,291.6,3786,322,161
P23,Retrieval,ret_10,1,13,1161.7,799.0,4171,266,133
P23,Retrieval,ret_10,1,14,766.1,254.4,4475,304,152
P23,Retrieval,ret_10,1,15,845.7,311.9,4829,482,241
P23,Retrieval,ret_11,1,1,1008.7,472.6,40,212,106
P23,Retrieval,ret_11,1,2,855.2,594.2,295,376,188
P23,Retrieval,ret_11,1,3,1114.5,613.6,724,248,124
P23,Retrieval,ret_11,1,4,951.1,797.2,1005,416,208
P23,Retrieval,ret_11,1,5,1018.1,513.8,1458,182,91
P23,Retrieval,ret_11,1,6,919.5,615.1,1695,360,180
P23,Retrieval,ret_11,1,7,551.3,641.6,2092,120,60
P23,Retrieval,ret_11,1,8,879.5,818.6,2271,406,203
P23,Retrieval,ret_11,1,9,829.3,559.9,2743,370,185
P23,Retrieval,ret_11,1,10,957.1,632.6,3166,244,122
P23,Retrieval,ret_11,1,11,968.5,535.7,3471,292,146
P23,Retrieval,ret_11,1,12,694.6,594.0,3807,324,162
P23,Retrieval,ret_11,1,13,874.0,552.2,4178,302,151
P23,Retrieval,ret_11,1,14,1089.4,606.0,4518,274,137
P23,Retrieval,ret_12,1,1,967.1,404.9,70,232,116
P23,Retrieval,ret_12,1,2,492.6,721.6,356,194,97
P23,Retrieval,ret_12,1,3,1468.0,298.7,614,286,143
P23,Retrieval,ret_12,1,4,962.7,371.2,959,148,74
P23,Retrieval,ret_12,1,5,1444.2,263.5,1132,272,136
P23,Retrieval,ret_12,1,6,172.7,1036.7,1461,362,181
P23,Retrieval,ret_12,1,7,917.6,338.5,1847,344,172
P23,Retrieval,ret_12,1,8,1153.5,724.6,2222,80,40
P23,Retrieval,ret_12,1,9,1119.5,608.1,2337,270,135
P23,Retrieval,ret_12,1,10,963.7,284.3,2650,370,185
P23,Retrieval,ret_12,1,11,785.0,1043.0,3075,352,176
P23,Retrieval,ret_12,1,12,1414.6,247.9,3463,342,171
P23,Retrieval,ret_12,1,13,948.1,552.9,3850,236,118
P23,Retrieval,ret_12,1,14,984.0,529.0,4142,250,125
P23,Retrieval,ret_12,1,15,997.7,497.7,4458,242,121
P23,Retrieval,ret_13,1,1,1049.7,640.6,54,258,129
P23,Retrieval,ret_13,1,2,1172.3,291.7,343,338,169
P23,Retrieval,ret_13,1,3,912.0,581.8,748,80,40
P23,Retrieval,ret_13,1,4,993.5,512.2,875,332,166
P23,Retrieval,ret_13,1,5,1111.1,660.1,1234,340,170
P23,Retrieval,ret_13,1,6,1272.9,892.4,1600,288,144
P23,Retrieval,ret_13,1,7,1006.5,575.3,1935,302,151
P23,Retrieval,ret_13,1,8,1456.7,797.7,2267,466,233
P23,Retrieval,ret_13,1,9,1092.0,652.3,2801,266,133
P23,Retrieval,ret_13,1,10,939.1,509.9,3128,376,188
P23,Retrieval,ret_13,1,11,1029.2,450.2,3551,368,184
P23,Retrieval,ret_13,1,12,1283.9,622.5,3979,336,168
P23,Retrieval,ret_13,1,13,1259.0,377.5,4362,178,89
P23,Retrieval,ret_13,1,14,706.5,986.5,4592,202,101
P23,Retrieval,ret_13,1,15,1335.8,577.4,4822,286,143
P23,Retrieval,ret_14,1,1,661.6,585.0,80,346,173
P23,Retrieval,ret_14,1,2,1359.5,393.2,475,328,164
P23,Retrieval,ret_14,1,3,858.8,461.1,834,250,125
P23,Retrieval,ret_14,1,4,934.6,384.2,1127,288,144
P23,Retrieval,ret_14,1,5,1143.1,663.3,1454,142,71
P23,Retrieval,ret_14,1,6,1214.0,301.2,1659,388,194
P23,Retrieval,ret_14,1,7,1187.7,657.2,2089,324,162
P23,Retrieval,ret_14,1,8,928.9,417.1,2475,318,159
P23,Retrieval,ret_14,1,9,834.4,575.2,2831,326,163
P23,Retrieval,ret_14,1,10,878.0,453.5,3189,370,185
P23,Retrieval,ret_14,1,11,893.5,499.5,3589,238,119
P23,Retrieval,ret_14,1,12,840.2,480.3,3854,286,143
P23,Retrieval,ret_14,1,13,1108.7,344.6,4187,292,146
P23,Retrieval,ret_14,1,14,777.8,851.4,4542,272,136
P23,Retrieval,ret_14,1,15,1099.5,344.7,4846,296,148
P23,Retrieval,ret_14,1,16,813.5,407.2,5188,242,121
P23,Retrieval,ret_15,1,1,592.4,325.3,115,122,61
P23,Retrieval,ret_15,1,2,590.8,693.5,293,198,99
P23,Retrieval,ret_15,1,3,913.4,556.7,533,120,60
P23,Retrieval,ret_15,1,4,1348.2,804.9,700,342,171
P23,Retrieval,ret_15,1,5,785.4,83.4,1099,212,106
P23,Retrieval,ret_15,1,6,543.3,638.6,1352,180,90
P23,Retrieval,ret_15,1,7,1084.4,353.3,1597,232,116
P23,Retrieval,ret_15,1,8,1008.2,518.1,1894,304,152
P23,Retrieval,ret_15,1,9,598.7,618.9,2267,296,148
P23,Retrieval,ret_15,1,10,591.2,354.1,2589,372,186
P23,Retrieval,ret_15,1,11,1058.1,436.4,3015,268,134
P23,Retrieval,ret_15,1,12,1304.3,697.8,3343,292,146
P23,Retrieval,ret_15,1,13,488.4,590.8,3694,148,74
P23,Retrieval,ret_15,1,14,548.2,678.7,3889,288,144
P23,Retrieval,ret_15,1,15,892.7,507.6,4224,326,163
P23,Retrieval,ret_16,1,1,1002.8,435.9,56,214,107
P23,Retrieval,ret_16,1,2,992.8,324.4,329,334,167
P23,Retrieval,ret_16,1,3,772.4,241.9,714,102,51
P23,Retrieval,ret_16,1,4,1135.8,506.4,848,170,85
P23,Retrieval,ret_16,1,5,565.7,324.3,1064,328,164
P23,Retrieval,ret_16,1,6,923.3,200.6,1441,160,80
P23,Retrieval,ret_16,1,7,909.3,269.0,1626,158,79
P23,Retrieval,ret_16,1,8,616.6,345.8,1850,344,172
P23,Retrieval,ret_16,1,9,975.7,526.7,2228,314,157
P23,Retrieval,ret_16,1,10,989.0,347.3,2571,290,145
P23,Retrieval,ret_16,1,11,1098.9,497.5,2900,300,150
P23,Retrieval,ret_16,1,12,999.4,215.5,3265,280,140
P23,Retrieval,ret_16,1,13,1013.6,309.5,3589,398,199
P23,Retrieval,ret_16,1,14,1023.8,487.0,4025,196,98
P23,Retrieval,ret_16,1,15,974.7,527.3,4250,294,147
P23,Retrieval,ret_17,1,1,1417.0,639.7,69,262,131
P23,Retrieval,ret_17,1,2,935.8,468.4,369,182,91
P23,Retrieval,ret_17,1,3,943.1,862.5,600,224,112
P23,Retrieval,ret_17,1,4,1346.4,606.4,870,274,137
P23,Retrieval,ret_17,1,5,689.1,780.6,1179,368,184
P23,Retrieval,ret_17,1,6,323.5,612.9,1585,298,149
P23,Retrieval,ret_17,1,7,791.7,346.7,1937,254,127
P23,Retrieval,ret_17,1,8,818.7,289.5,2244,258,129
P23,Retrieval,ret_17,1,9,726.5,803.6,2549,208,104
P23,Retrieval,ret_17,1,10,617.2,792.3,2822,298,149
P23,Retrieval,ret_17,1,11,1046.7,504.2,3158,434,217
P23,Retrieval,ret_17,1,12,1072.8,840.4,3626,148,74
P23,Retrieval,ret_18,1,1,946.7,446.4,111,482,241
P23,Retrieval,ret_18,1,2,1035.5,266.1,626,236,118
P23,Retrieval,ret_18,1,3,975.4,482.3,910,178,89
P23,Retrieval,ret_18,1,4,943.0,584.4,1139,310,155
P23,Retrieval,ret_18,1,5,942.0,485.6,1508,312,156
P23,Retrieval,ret_18,1,6,1004.5,223.8,1847,370,185
P23,Retrieval,ret_18,1,7,1241.5,607.7,2272,218,109
P23,Retrieval,ret_18,1,8,1033.7,245.7,2552,232,116
P23,Retrieval,ret_18,1,9,940.0,567.3,2843,286,143
P23,Retrieval,ret_18,1,10,882.0,487.7,3187,250,125
P23,Retrieval,ret_18,1,11,924.9,357.1,3503,466,233
P23,Retrieval,ret_18,1,12,1365.7,608.1,4029,376,188
P23,Retrieval,ret_18,1,13,1027.2,528.3,4474,370,185
P23,Retrieval,ret_18,1,14,855.7,674.0,4895,296,148
P23,Retrieval,ret_19,1,1,699.6,412.9,76,366,183
P23,Retrieval,ret_19,1,2,928.7,510.6,478,194,97
P23,Retrieval,ret_19,1,3,511.5,594.5,738,274,137
P23,Retrieval,ret_19,1,4,658.4,638.8,1068,400,200
P23,Retrieval,ret_19,1,5,1066.0,464.1,1536,218,109
P23,Retrieval,ret_19,1,6,820.5,572.6,1814,250,125
P23,Retrieval,ret_19,1,7,1147.9,621.8,2024,140,70
P23,Retrieval,ret_19,1,8,1253.4,306.8,2189,230,115
P23,Retrieval,ret_19,1,9,761.7,199.3,2466,80,40
P23,Retrieval,ret_19,1,10,1061.9,563.6,2611,222,111
P23,Retrieval,ret_19,1,11,826.8,543.6,2869,180,90
P23,Retrieval,ret_19,1,12,473.9,709.9,3111,248,124
P23,Retrieval,ret_19,1,13,980.7,597.1,3400,264,132
P23,Retrieval,ret_19,1,14,658.3,554.6,3712,440,220
P23,Retrieval,ret_20,1,1,1006.2,628.2,100,254,127
P23,Retrieval,ret_20,1,2,627.8,561.9,412,336,168
P23,Retrieval,ret_20,1,3,1251.5,666.0,775,382,191
P23,Retrieval,ret_20,1,4,1207.8,549.7,1197,306,153
P23,Retrieval,ret_20,1,5,1224.4,549.2,1562,182,91
P23,Retrieval,ret_20,1,6,1254.5,361.1,1786,410,205
P23,Retrieval,ret_20,1,7,604.1,467.4,2257,384,192
P23,Retrieval,ret_20,1,8,625.1,605.5,2706,342,171
P23,Retrieval,ret_20,1,9,907.8,457.6,3104,260,130
P23,Retrieval,ret_20,1,10,1009.2,549.0,3433,228,114
P23,Retrieval,ret_20,1,11,932.0,520.0,3705,400,200
P23,Retrieval,ret_20,1,12,934.9,580.2,4158,350,175
P24,Encoding,enc_01,1,1,953.1,631.7,81,388,194
P24,Encoding,enc_01,1,2,892.7,552.5,514,392,196
P24,Encoding,enc_01,1,3,1089.1,647.7,933,420,210
P24,Encoding,enc_01,1,4,1139.5,618.2,1377,302,151
P24,Encoding,enc_01,1,5,1099.1,616.1,1745,272,136
P24,Encoding,enc_01,1,6,858.8,501.2,2054,326,163
P24,Encoding,enc_01,1,7,911.3,583.5,2407,244,122
P24,Encoding,enc_01,1,8,1138.9,578.9,2707,178,89
P24,Encoding,enc_01,1,9,1123.7,578.1,2916,236,118
P24,Encoding,enc_01,1,10,894.8,614.1,3184,200,100
P24,Encoding,enc_01,1,11,881.1,638.9,3450,290,145
P24,Encoding,enc_01,1,12,1123.8,575.7,3778,194,97
P24,Encoding,enc_01,1,13,1126.8,591.1,4033,242,121
P24,Encoding,enc_02,1,1,655.4,676.3,81,222,111
P24,Encoding,enc_02,1,2,1170.3,259.7,349,192,96
P24,Encoding,enc_02,1,3,921.6,465.0,587,280,140
P24,Encoding,enc_02,1,4,1423.5,446.6,913,290,145
P24,Encoding,enc_02,1,5,894.4,481.7,1245,346,173
P24,Encoding,enc_02,1,6,834.7,430.0,1618,328,164
P24,Encoding,enc_02,1,7,1257.3,380.0,2011,340,170
P24,Encoding,enc_02,1,8,749.2,772.0,2396,312,156
P24,Encoding,enc_02,1,9,845.3,463.3,2761,252,126
P24,Encoding,enc_02,1,10,1020.2,350.9,3080,378,189
P24,Encoding,enc_02,1,11,1068.1,464.6,3524,110,55
P24,Encoding,enc_02,1,12,775.9,950.6,3669,256,128
P24,Encoding,enc_02,1,13,655.0,692.8,3979,172,86
P24,Encoding,enc_02,1,14,1203.5,649.2,4211,306,153
P24,Encoding,enc_02,1,15,900.4,428.4,4551,270,135
P24,Encoding,enc_02,1,16,915.0,439.4,4874,374,187
P24,Encoding,enc_03,1,1,1370.1,620.5,116,160,80
P24,Encoding,enc_03,1,2,1373.4,641.9,343,198,99
P24,Encoding,enc_03,1,3,1350.3,681.4,592,486,243
P24,Encoding,enc_03,1,4,1012.0,811.2,1131,384,192
P24,Encoding,enc_03,1,5,1037.2,604.2,1574,110,55
P24,Encoding,enc_03,1,6,1027.8,787.7,1717,278,139
P24,Encoding,enc_03,1,7,1315.8,642.2,2028,208,104
P24,Encoding,enc_03,1,8,812.4,402.7,2282,378,189
P24,Encoding,enc_03,1,9,1328.1,637.7,2709,298,149
P24,Encoding,enc_03,1,10,693.7,810.8,3049,374,187
P24,Encoding,enc_03,1,11,723.7,442.8,3457,366,183
P24,Encoding,enc_03,1,12,1362.7,634.4,3851,90,45
P24,Encoding,enc_03,1,13,984.0,826.0,3973,578,289
P24,Encoding,enc_03,1,14,1404.5,648.2,4612,308,154
P24,Encoding,enc_03,1,15,988.4,795.7,4984,278,139
P24,Encoding,enc_04,1,1,1282.2,334.7,107,348,174
P24,Encoding,enc_04,1,2,1254.1,708.3,491,164,82
P24,Encoding,enc_04,1,3,1246.5,690.3,719,352,176
P24,Encoding,enc_04,1,4,569.9,620.2,1118,488,244
P24,Encoding,enc_04,1,5,603.2,569.6,1631,314,157
P24,Encoding,enc_04,1,6,868.3,867.4,1995,170,85
P24,Encoding,enc_04,1,7,1269.4,650.7,2204,360,180
P24,Encoding,enc_04,1,8,1237.1,701.7,2615,150,75
P24,Encoding,enc_04,1,9,950.3,649.8,2814,182,91
P24,Encoding,enc_04,1,10,711.6,190.9,3042,282,141
P24,Encoding,enc_05,1,1,1243.7,572.1,105,248,124
P24,Encoding,enc_05,1,2,1265.1,595.1,381,174,87
P24,Encoding,enc_05,1,3,1148.6,275.5,615,260,130
P24,Encoding,enc_05,1,4,943.5,635.5,927,308,154
P24,Encoding,enc_05,1,5,1239.3,230.6,1282,170,85
P24,Encoding,enc_05,1,6,530.5,669.0,1501,330,165
P24,Encoding,enc_05,1,7,977.3,661.5,1878,384,192
P24,Encoding,enc_05,1,8,958.8,714.2,2301,228,114
P24,Encoding,enc_05,1,9,598.9,694.4,2558,406,203
P24,Encoding,enc_05,1,10,1223.6,560.2,3025,284,142
P24,Encoding,enc_05,1,11,929.1,733.3,3337,310,155
P24,Encoding,enc_06,1,1,1175.0,831.7,54,296,148
P24,Encoding,enc_06,1,2,599.0,708.7,382,382,191
P24,Encoding,enc_06,1,3,675.7,737.3,818,298,149
P24,Encoding,enc_06,1,4,652.5,708.3,1142,370,185
P24,Encoding,enc_06,1,5,637.9,696.5,1542,292,146
P24,Encoding,enc_06,1,6,1108.8,806.1,1882,218,109
P24,Encoding,enc_06,1,7,600.6,734.4,2137,130,65
P24,Encoding,enc_06,1,8,908.0,272.4,2315,312,156
P24,Encoding,enc_06,1,9,725.5,716.4,2694,178,89
P24,Encoding,enc_06,1,10,1182.9,819.7,2918,240,120
P24,Encoding,enc_06,1,11,1168.5,833.3,3219,250,125
P24,Encoding,enc_06,1,12,975.8,572.4,3522,526,263
P24,Encoding,enc_06,1,13,984.9,550.3,4095,268,134
P24,Encoding,enc_06,1,14,635.3,690.7,4421,516,258
P24,Encoding,enc_07,1,1,1149.6,771.9,107,214,107
P24,Encoding,enc_07,1,2,1063.7,754.2,387,494,247
P24,Encoding,enc_07,1,3,764.8,327.5,949,180,90
P24,Encoding,enc_07,1,4,668.8,62.4,1185,308,154
P24,Encoding,enc_07,1,5,724.5,348.5,1525,348,174
P24,Encoding,enc_07,1,6,560.1,706.0,1912,226,113
P24,Encoding,enc_07,1,7,1104.6,787.7,2180,204,102
P24,Encoding,enc_07,1,8,762.9,354.3,2451,330,165
P24,Encoding,enc_07,1,9,679.9,298.9,2843,198,99
P24,Encoding,enc_07,1,10,763.7,336.5,3067,362,181
P24,Encoding,enc_08,1,1,948.6,362.7,69,236,118
P24,Encoding,enc_08,1,2,956.9,301.9,361,304,152
P24,Encoding,enc_08,1,3,954.3,345.1,692,424,212
P24,Encoding,enc_08,1,4,1067.9,649.0,1166,210,105
P24,Encoding,enc_08,1,5,956.9,311.8,1429,326,163
P24,Encoding,enc_08,1,6,1078.4,649.3,1796,370,185
P24,Encoding,enc_08,1,7,1093.9,651.5,2218,280,140
P24,Encoding,enc_08,1,8,674.4,572.5,2544,238,119
P24,Encoding,enc_08,1,9,493.4,894.3,2834,278,139
P24,Encoding,enc_08,1,10,1066.2,650.7,3175,320,160
P24,Encoding,enc_08,1,11,544.9,699.2,3555,296,148
P24,Encoding,enc_08,1,12,1064.9,628.9,3900,334,167
P24,Encoding,enc_08,1,13,1037.0,638.5,4285,240,120
P24,Encoding,enc_08,1,14,1081.8,673.7,4592,198,99
P24,Encoding,enc_08,1,15,1285.0,449.9,4832,414,207
P24,Encoding,enc_08,1,16,582.4,705.5,5313,268,134
P24,Encoding,enc_09,1,1,561.3,326.7,106,314,157
P24,Encoding,enc_09,1,2,1339.8,395.3,484,266,133
P24,Encoding,enc_09,1,3,974.6,327.8,797,356,178
P24,Encoding,enc_09,1,4,1348.8,685.8,1218,426,213
P24,Encoding,enc_09,1,5,1264.6,800.0,1688,334,167
P24,Encoding,enc_09,1,6,576.3,338.8,2048,246,123
P24,Encoding,enc_09,1,7,557.6,715.7,2355,234,117
P24,Encoding,enc_09,1,8,1231.9,785.3,2625,240,120
P24,Encoding,enc_09,1,9,1001.4,300.3,2890,336,168
P24,Encoding,enc_09,1,10,964.4,394.5,3290,268,134
P24,Encoding,enc_09,1,11,546.9,681.4,3597,406,203
P24,Encoding,enc_09,1,12,555.7,689.6,4038,344,172
P24,Encoding,enc_10,1,1,1072.2,484.7,77,94,47
P24,Encoding,enc_10,1,2,965.2,440.1,200,238,119
P24,Encoding,enc_10,1,3,918.0,262.6,466,272,136
P24,Encoding,enc_10,1,4,1236.6,469.3,798,254,127
P24,Encoding,enc_10,1,5,1254.7,537.5,1088,234,117
P24,Encoding,enc_10,1,6,959.6,278.2,1346,338,169
P24,Encoding,enc_10,1,7,890.2,277.8,1718,340,170
P24,Encoding,enc_10,1,8,862.6,260.1,2121,184,92
P24,Encoding,enc_10,1,9,1180.8,474.0,2339,142,71
P24,Encoding,enc_10,1,10,1029.4,255.6,2542,250,125
P24,Encoding,enc_10,1,11,916.1,238.4,2818,354,177
P24,Encoding,enc_11,1,1,912.7,720.9,40,480,240
P24,Encoding,enc_11,1,2,637.3,593.8,552,132,66
P24,Encoding,enc_11,1,3,949.2,718.3,709,278,139
P24,Encoding,enc_11,1,4,1160.0,809.7,1030,362,181
P24,Encoding,enc_11,1,5,1256.9,424.7,1437,412,206
P24,Encoding,enc_11,1,6,1313.1,467.7,1918,466,233
P24,Encoding,enc_11,1,7,932.8,32.9,2430,176,88
P24,Encoding,enc_11,1,8,873.3,740.7,2642,326,163
P24,Encoding,enc_11,1,9,897.4,740.5,2999,346,173
P24,Encoding,enc_11,1,10,1180.7,810.9,3388,270,135
P24,Encoding,enc_11,1,11,1214.8,486.4,3701,358,179
P24,Encoding,enc_11,1,12,1312.9,726.9,4105,190,95
P24,Encoding,enc_11,1,13,1324.9,530.2,4322,276,138
P24,Encoding,enc_11,1,14,1196.3,810.6,4644,294,147
P24,Encoding,enc_11,1,15,1238.1,497.2,4991,294,147
P24,Encoding,enc_12,1,1,739.7,731.5,116,200,100
P24,Encoding,enc_12,1,2,1142.9,673.1,377,356,178
P24,Encoding,enc_12,1,3,865.8,249.9,783,308,154
P24,Encoding,enc_12,1,4,554.0,778.7,1132,334,167
P24,Encoding,enc_12,1,5,1451.2,675.8,1532,326,163
P24,Encoding,enc_12,1,6,834.9,293.5,1901,134,67
P24,Encoding,enc_12,1,7,848.2,261.6,2091,320,160
P24,Encoding,enc_12,1,8,1152.4,638.9,2479,430,215
P24,Encoding,enc_12,1,9,262.2,964.8,2936,196,98
P24,Encoding,enc_12,1,10,800.3,290.4,3185,360,180
P24,Encoding,enc_12,1,11,904.0,299.4,3580,420,210
P24,Encoding,enc_12,1,12,859.0,287.2,4037,340,170
P24,Encoding,enc_13,1,1,886.1,526.3,58,188,94
P24,Encoding,enc_13,1,2,625.1,689.2,272,158,79
P24,Encoding,enc_13,1,3,850.4,547.7,488,292,146
P24,Encoding,enc_13,1,4,1313.5,637.8,812,406,203
P24,Encoding,enc_13,1,5,1083.2,731.4,1255,504,252
P24,Encoding,enc_13,1,6,1164.4,725.0,1796,198,99
P24,Encoding,enc_13,1,7,718.1,314.3,2026,394,197
P24,Encoding,enc_13,1,8,775.8,373.3,2447,196,98
P24,Encoding,enc_13,1,9,589.8,681.2,2674,282,141
P24,Encoding,enc_13,1,10,1319.4,605.4,3006,436,218
P24,Encoding,enc_13,1,11,1307.4,508.6,3498,176,88
P24,Encoding,enc_13,1,12,1405.2,504.7,3699,280,140
P24,Encoding,enc_13,1,13,867.0,523.1,4005,274,137
P24,Encoding,enc_14,1,1,695.1,424.5,58,160,80
P24,Encoding,enc_14,1,2,804.0,819.7,246,304,152
P24,Encoding,enc_14,1,3,793.2,782.1,602,222,111
P24,Encoding,enc_14,1,4,1127.7,505.9,853,160,80
P24,Encoding,enc_14,1,5,750.8,842.4,1078,504,252
P24,Encoding,enc_14,1,6,810.9,821.8,1623,272,136
P24,Encoding,enc_14,1,7,635.0,426.0,1921,220,110
P24,Encoding,enc_14,1,8,1219.3,373.5,2208,290,145
P24,Encoding,enc_14,1,9,649.2,378.6,2541,344,172
P24,Encoding,enc_14,1,10,628.4,373.5,2935,306,153
P24,Encoding,enc_14,1,11,803.7,795.4,3267,426,213
P24,Encoding,enc_14,1,12,82.0,891.1,3738,206,103
P24,Encoding,enc_15,1,1,1302.8,611.5,85,112,56
P24,Encoding,enc_15,1,2,1188.0,435.4,234,190,95
P24,Encoding,enc_15,1,3,719.5,552.2,457,222,111
P24,Encoding,enc_15,1,4,1056.0,419.2,738,80,40
P24,Encoding,enc_15,1,5,970.5,425.1,887,298,149
P24,Encoding,enc_15,1,6,661.4,733.8,1226,290,145
P24,Encoding,enc_15,1,7,1303.8,589.7,1578,310,155
P24,Encoding,enc_15,1,8,1062.0,670.1,1957,140,70
P24,Encoding,enc_15,1,9,1339.4,612.7,2162,256,128
P24,Encoding,enc_15,1,10,1096.1,643.3,2485,162,81
P24,Encoding,enc_15,1,11,1121.7,673.3,2692,298,149
P24,Encoding,enc_15,1,12,1241.1,618.0,3049,104,52
P24,Encoding,enc_15,1,13,622.5,802.1,3205,266,133
P24,Encoding,enc_16,1,1,1389.5,268.8,104,302,151
P24,Encoding,enc_16,1,2,1010.3,285.3,453,226,113
P24,Encoding,enc_16,1,3,1015.1,289.8,705,136,68
P24,Encoding,enc_16,1,4,1033.9,584.8,880,294,147
P24,Encoding,enc_16,1,5,1095.4,548.3,1237,334,167
P24,Encoding,enc_16,1,6,1011.3,241.5,1619,426,213
P24,Encoding,enc_16,1,7,776.2,263.5,2090,364,182
P24,Encoding,enc_16,1,8,810.3,283.2,2482,142,71
P24,Encoding,enc_16,1,9,1020.7,283.7,2661,438,219
P24,Encoding,enc_16,1,10,347.2,969.9,3165,284,142
P24,Encoding,enc_16,1,11,1066.2,545.5,3479,310,155
P24,Encoding,enc_17,1,1,1305.3,297.1,85,282,141
P24,Encoding,enc_17,1,2,1083.6,500.8,421,374,187
P24,Encoding,enc_17,1,3,690.9,497.7,833,280,140
P24,Encoding,enc_17,1,4,713.4,324.0,1154,564,282
P24,Encoding,enc_17,1,5,1117.3,518.8,1781,184,92
P24,Encoding,enc_17,1,6,678.1,594.2,2019,254,127
P24,Encoding,enc_17,1,7,615.4,632.7,2309,154,77
P24,Encoding,enc_17,1,8,1289.3,315.7,2528,252,126
P24,Encoding,enc_17,1,9,1312.8,292.6,2846,342,171
P24,Encoding,enc_17,1,10,60.2,162.9,3222,350,175
P24,Encoding,enc_17,1,11,833.7,584.3,3611,450,225
P24,Encoding,enc_17,1,12,1155.3,516.5,4094,270,135
P24,Encoding,enc_17,1,13,714.4,338.3,4400,282,141
P24,Encoding,enc_17,1,14,1069.7,589.9,4744,340,170
P24,Encoding,enc_18,1,1,665.2,305.7,51,222,111
P24,Encoding,enc_18,1,2,1110.1,467.8,306,368,184
P24,Encoding,enc_18,1,3,556.1,540.8,725,310,155
P24,Encoding,enc_18,1,4,617.5,262.6,1104,228,114
P24,Encoding,enc_18,1,5,783.6,675.1,1376,292,146
P24,Encoding,enc_18,1,6,651.7,263.6,1715,124,62
P24,Encoding,enc_18,1,7,824.1,738.1,1881,236,118
P24,Encoding,enc_18,1,8,653.6,337.5,2156,128,64
P24,Encoding,enc_18,1,9,922.2,348.1,2323,432,216
P24,Encoding,enc_18,1,10,637.7,249.4,2789,268,134
P24,Encoding,enc_18,1,11,665.0,558.2,3124,292,146
P24,Encoding,enc_19,1,1,780.4,438.6,98,236,118
P24,Encoding,enc_19,1,2,1213.1,324.1,364,416,208
P24,Encoding,enc_19,1,3,644.1,496.6,805,272,136
P24,Encoding,enc_19,1,4,1232.2,649.7,1124,318,159
P24,Encoding,enc_19,1,5,1221.6,300.9,1471,300,150
P24,Encoding,enc_19,1,6,1211.9,739.5,1829,306,153
P24,Encoding,enc_19,1,7,781.9,487.1,2184,398,199
P24,Encoding,enc_19,1,8,799.9,476.0,2619,204,102
P24,Encoding,enc_19,1,9,877.9,520.0,2871,358,179
P24,Encoding,enc_19,1,10,839.5,509.1,3268,178,89
P24,Encoding,enc_19,1,11,59.5,409.6,3510,288,144
P24,Encoding,enc_19,1,12,1180.9,802.3,3826,446,223
P24,Encoding,enc_19,1,13,1203.1,309.7,4334,194,97
P24,Encoding,enc_19,1,14,797.5,464.2,4573,196,98
P24,Encoding,enc_19,1,15,1215.4,752.8,4837,196,98
P24,Encoding,enc_20,1,1,969.5,678.0,56,308,154
P24,Encoding,enc_20,1,2,1200.2,648.6,402,242,121
P24,Encoding,enc_20,1,3,965.1,656.3,698,502,251
P24,Encoding,enc_20,1,4,704.5,319.8,1254,356,178
P24,Encoding,enc_20,1,5,778.8,222.6,1636,246,123
P24,Encoding,enc_20,1,6,1199.2,693.4,1910,320,160
P24,Encoding,enc_20,1,7,1194.2,695.3,2295,394,197
P24,Encoding,enc_20,1,8,1366.9,747.1,2745,360,180
P24,Encoding,enc_20,1,9,906.5,345.9,3150,256,128
P24,Encoding,enc_20,1,10,949.0,361.2,3475,286,143
P24,Encoding,enc_20,1,11,704.8,281.7,3822,110,55
P24,Encoding,enc_20,1,12,1271.3,681.1,3982,332,166
P24,Encoding,enc_20,1,13,986.9,659.3,4356,332,166
P24,Encoding,enc_20,1,14,703.5,307.2,4715,336,168
P24,Retrieval,ret_01,1,1,1100.0,562.3,65,180,90
P24,Retrieval,ret_01,1,2,826.2,653.8,301,254,127
P24,Retrieval,ret_01,1,3,818.2,642.4,581,434,217
P24,Retrieval,ret_01,1,4,989.5,538.8,1071,364,182
P24,Retrieval,ret_01,1,5,913.5,549.2,1477,292,146
P24,Retrieval,ret_01,1,6,922.5,609.7,1808,234,117
P24,Retrieval,ret_01,1,7,1107.8,587.8,2072,340,170
P24,Retrieval,ret_01,1,8,893.6,650.1,2479,206,103
P24,Retrieval,ret_01,1,9,938.7,597.1,2730,318,159
P24,Retrieval,ret_01,1,10,856.2,614.9,3108,286,143
P24,Retrieval,ret_01,1,11,1083.2,609.8,3422,380,190
P24,Retrieval,ret_02,1,1,1357.8,363.2,51,304,152
P24,Retrieval,ret_02,1,2,985.6,501.2,379,322,161
P24,Retrieval,ret_02,1,3,1055.8,655.6,728,228,114
P24,Retrieval,ret_02,1,4,1321.0,438.4,993,352,176
P24,Retrieval,ret_02,1,5,499.8,860.9,1378,350,175
P24,Retrieval,ret_02,1,6,962.7,351.4,1774,408,204
P24,Retrieval,ret_02,1,7,954.8,328.6,2248,398,199
P24,Retrieval,ret_02,1,8,901.8,479.3,2688,426,213
P24,Retrieval,ret_02,1,9,1057.7,637.0,3150,260,130
P24,Retrieval,ret_02,1,10,947.9,575.0,3439,218,109
P24,Retrieval,ret_02,1,11,934.1,608.8,3685,304,152
P24,Retrieval,ret_02,1,12,937.0,311.6,4020,368,184
P24,Retrieval,ret_02,1,13,1113.2,623.0,4450,500,250
P24,Retrieval,ret_02,1,14,1122.1,664.4,4992,350,175
P24,Retrieval,ret_02,1,15,552.2,692.1,5400,284,142
P24,Retrieval,ret_03,1,1,1033.3,431.3,67,290,145
P24,Retrieval,ret_03,1,2,1156.9,459.5,393,384,192
P24,Retrieval,ret_03,1,3,1179.8,388.7,827,136,68
P24,Retrieval,ret_03,1,4,864.1,1020.4,1030,116,58
P24,Retrieval,ret_03,1,5,1058.1,430.9,1211,208,104
P24,Retrieval,ret_03,1,6,676.3,525.3,1479,248,124
P24,Retrieval,ret_03,1,7,1520.8,283.9,1787,308,154
P24,Retrieval,ret_03,1,8,926.3,527.9,2158,242,121
P24,Retrieval,ret_03,1,9,1205.8,446.7,2439,254,127
P24,Retrieval,ret_03,1,10,855.2,342.8,2754,388,194
P24,Retrieval,ret_03,1,11,1328.4,654.6,3192,250,125
P24,Retrieval,ret_03,1,12,1250.9,643.4,3511,316,158
P24,Retrieval,ret_03,1,13,966.6,551.6,3894,322,161
P24,Retrieval,ret_03,1,14,1399.5,596.0,4246,280,140
P24,Retrieval,ret_03,1,15,1100.8,685.4,4579,250,125
P24,Retrieval,ret_04,1,1,946.9,464.6,114,202,101
P24,Retrieval,ret_04,1,2,947.2,498.1,356,428,214
P24,Retrieval,ret_04,1,3,662.2,759.0,835,292,146
P24,Retrieval,ret_04,1,4,953.9,586.5,1170,146,73
P24,Retrieval,ret_04,1,5,1149.3,200.2,1359,188,94
P24,Retrieval,ret_04,1,6,873.9,394.9,1614,274,137
P24,Retrieval,ret_04,1,7,618.9,749.4,1931,326,163
P24,Retrieval,ret_04,1,8,1366.1,434.6,2312,210,105
P24,Retrieval,ret_04,1,9,970.8,438.4,2570,410,205
P24,Retrieval,ret_04,1,10,1444.6,389.7,3004,208,104
P24,Retrieval,ret_04,1,11,1178.3,225.9,3253,378,189
P24,Retrieval,ret_04,1,12,1456.6,430.0,3692,320,160
P24,Retrieval,ret_04,1,13,940.8,463.5,4048,312,156
P24,Retrieval,ret_04,1,14,903.4,508.9,4408,484,242
P24,Retrieval,ret_04,1,15,848.6,522.8,4948,360,180
P24,Retrieval,ret_05,1,1,562.6,738.1,68,412,206
P24,Retrieval,ret_05,1,2,1350.3,665.7,505,444,222
P24,Retrieval,ret_05,1,3,932.3,298.2,976,180,90
P24,Retrieval,ret_05,1,4,586.6,312.7,1202,432,216
P24,Retrieval,ret_05,1,5,579.9,318.9,1700,168,84
P24,Retrieval,ret_05,1,6,1294.4,375.5,1918,318,159
P24,Retrieval,ret_05,1,7,1013.0,302.0,2264,220,110
P24,Retrieval,ret_05,1,8,977.9,331.8,2523,426,213
P24,Retrieval,ret_05,1,9,591.1,354.4,3010,182,91
P24,Retrieval,ret_05,1,10,1367.7,389.9,3257,218,109
P24,Retrieval,ret_05,1,11,1259.6,784.4,3511,186,93
P24,Retrieval,ret_06,1,1,828.1,293.0,72,202,101
P24,Retrieval,ret_06,1,2,1121.6,647.3,335,272,136
P24,Retrieval,ret_06,1,3,873.7,263.5,673,224,112
P24,Retrieval,ret_06,1,4,682.1,1018.5,950,254,127
P24,Retrieval,ret_06,1,5,995.5,301.6,1233,366,183
P24,Retrieval,ret_06,1,6,854.9,237.1,1636,404,202
P24,Retrieval,ret_06,1,7,926.2,551.0,2106,304,152
P24,Retrieval,ret_06,1,8,1083.6,282.7,2473,120,60
P24,Retrieval,ret_06,1,9,1024.5,296.0,2627,352,176
P24,Retrieval,ret_06,1,10,761.2,275.9,3013,206,103
P24,Retrieval,ret_06,1,11,1032.2,638.8,3270,196,98
P24,Retrieval,ret_06,1,12,992.3,243.7,3501,228,114
P24,Retrieval,ret_06,1,13,978.4,673.5,3770,396,198
P24,Retrieval,ret_06,1,14,809.2,263.3,4197,262,131
P24,Retrieval,ret_06,1,15,1014.4,300.5,4509,310,155
P24,Retrieval,ret_06,1,16,1369.2,244.3,4870,210,105
P24,Retrieval,ret_06,1,17,924.2,554.8,5139,312,156
P24,Retrieval,ret_07,1,1,703.3,820.2,98,284,142
P24,Retrieval,ret_07,1,2,1331.8,643.0,441,352,176
P24,Retrieval,ret_07,1,3,1368.3,556.6,832,282,141
P24,Retrieval,ret_07,1,4,927.5,782.6,1138,254,127
P24,Retrieval,ret_07,1,5,969.0,483.3,1431,326,163
P24,Retrieval,ret_07,1,6,1368.4,599.3,1804,424,212
P24,Retrieval,ret_07,1,7,877.4,545.0,2261,170,85
P24,Retrieval,ret_07,1,8,688.3,477.5,2480,232,116
P24,Retrieval,ret_07,1,9,546.3,892.4,2763,312,156
P24,Retrieval,ret_07,1,10,684.0,79.3,3128,192,96
P24,Retrieval,ret_07,1,11,1231.1,241.0,3376,418,209
P24,Retrieval,ret_08,1,1,1180.9,479.7,110,268,134
P24,Retrieval,ret_08,1,2,909.9,255.8,425,172,86
P24,Retrieval,ret_08,1,3,842.5,295.2,654,222,111
P24,Retrieval,ret_08,1,4,985.8,255.2,919,330,165
P24,Retrieval,ret_08,1,5,570.4,774.8,1298,254,127
P24,Retrieval,ret_08,1,6,857.1,178.4,1599,176,88
P24,Retrieval,ret_08,1,7,775.6,453.9,1800,386,193
P24,Retrieval,ret_08,1,8,1268.1,421.7,2225,380,190
P24,Retrieval,ret_08,1,9,903.4,242.1,2651,444,222
P24,Retrieval,ret_08,1,10,853.8,347.2,3149,274,137
P24,Retrieval,ret_08,1,11,1132.0,228.6,3468,286,143
P24,Retrieval,ret_08,1,12,990.1,529.8,3797,446,223
P24,Retrieval,ret_08,1,13,890.4,264.3,4309,302,151
P24,Retrieval,ret_08,1,13,1278.4,718.2,4675,338,169
P24,Retrieval,ret_08,1,14,1340.5,494.2,5060,338,169
P24,Retrieval,ret_08,1,15,920.7,680.2,5437,152,76
P24,Retrieval,ret_09,1,1,147.1,172.9,112,200,100
P24,Retrieval,ret_09,1,2,1359.5,316.1,345,286,143
P24,Retrieval,ret_09,1,3,960.1,545.1,685,344,172
P24,Retrieval,ret_09,1,4,1296.2,241.3,1089,232,116
P24,Retrieval,ret_09,1,5,1111.5,443.1,1352,278,139
P24,Retrieval,ret_09,1,6,596.3,612.8,1679,148,74
P24,Retrieval,ret_09,1,7,1075.1,550.9,1859,322,161
P24,Retrieval,ret_09,1,8,962.2,529.0,2223,346,173
P24,Retrieval,ret_09,1,9,1003.2,549.2,2601,366,183
P24,Retrieval,ret_09,1,10,636.0,396.5,2993,356,178
P24,Retrieval,ret_09,1,11,1319.6,320.8,3387,378,189
P24,Retrieval,ret_09,1,12,1203.7,302.2,3796,204,102
P24,Retrieval,ret_10,1,1,920.4,554.0,92,228,114
P24,Retrieval,ret_10,1,2,955.4,655.8,372,144,72
P24,Retrieval,ret_10,1,3,1219.3,661.5,543,210,105
P24,Retrieval,ret_10,1,4,1315.2,641.0,818,256,128
P24,Retrieval,ret_10,1,5,974.6,629.9,1134,232,116
P24,Retrieval,ret_10,1,6,786.9,204.3,1397,344,172
P24,Retrieval,ret_10,1,7,1264.3,368.0,1784,212,106
P24,Retrieval,ret_10,1,8,1006.3,550.6,2020,130,65
P24,Retrieval,ret_10,1,9,1236.9,695.6,2182,280,140
P24,Retrieval,ret_10,1,10,624.6,647.7,2494,394,197
P24,Retrieval,ret_10,1,11,959.3,556.0,2926,112,56
P24,Retrieval,ret_10,1,12,728.6,198.1,3077,356,178
P24,Retrieval,ret_10,1,13,1256.8,315.3,3491,168,84
P24,Retrieval,ret_10,1,14,928.0,513.3,3691,424,212
P24,Retrieval,ret_10,1,15,968.8,675.1,4168,386,193
P24,Retrieval,ret_11,1,1,1267.0,511.3,74,352,176
P24,Retrieval,ret_11,1,2,920.2,702.4,455,360,180
P24,Retrieval,ret_11,1,3,1161.0,893.5,850,384,192
P24,Retrieval,ret_11,1,4,916.2,558.4,1265,238,119
P24,Retrieval,ret_11,1,5,894.7,561.9,1541,300,150
P24,Retrieval,ret_11,1,6,931.9,727.0,1867,316,158
P24,Retrieval,ret_11,1,7,1280.3,539.5,2224,358,179
P24,Retrieval,ret_11,1,8,962.3,530.9,2623,110,55
P24,Retrieval,ret_11,1,9,1156.5,861.0,2757,380,190
P24,Retrieval,ret_11,1,10,1213.4,514.0,3202,196,98
P24,Retrieval,ret_11,1,11,1238.9,468.6,3431,252,126
P24,Retrieval,ret_11,1,12,914.6,758.2,3719,332,166
P24,Retrieval,ret_11,1,13,1274.2,528.9,4082,192,96
P24,Retrieval,ret_11,1,14,926.1,503.0,4311,152,76
P24,Retrieval,ret_12,1,1,1111.2,427.8,76,326,163
P24,Retrieval,ret_12,1,2,783.0,683.8,469,282,141
P24,Retrieval,ret_12,1,3,580.1,536.4,777,324,162
P24,Retrieval,ret_12,1,4,555.0,228.3,1126,276,138
P24,Retrieval,ret_12,1,5,654.2,419.3,1454,276,138
P24,Retrieval,ret_12,1,6,638.4,307.0,1773,370,185
P24,Retrieval,ret_12,1,7,1008.0,535.9,2197,234,117
P24,Retrieval,ret_12,1,8,665.8,299.9,2484,434,217
P24,Retrieval,ret_12,1,9,1211.1,877.6,2984,422,211
P24,Retrieval,ret_12,1,10,935.8,548.3,3449,356,178
P24,Retrieval,ret_12,1,11,928.4,396.8,3855,394,197
P24,Retrieval,ret_12,1,12,901.0,302.8,4277,296,148
P24,Retrieval,ret_12,1,13,905.0,606.6,4599,316,158
P24,Retrieval,ret_13,1,1,834.9,187.9,73,402,201
P24,Retrieval,ret_13,1,2,619.3,668.0,516,274,137
P24,Retrieval,ret_13,1,3,931.4,657.4,849,246,123
P24,Retrieval,ret_13,1,4,1429.2,210.9,1151,98,49
P24,Retrieval,ret_13,1,5,1220.3,564.9,1302,376,188
P24,Retrieval,ret_13,1,6,1234.8,574.1,1719,312,156
P24,Retrieval,ret_13,1,7,914.5,765.5,2067,350,175
P24,Retrieval,ret_13,1,8,1176.7,211.3,2466,402,201
P24,Retrieval,ret_13,1,9,958.3,671.7,2912,248,124
P24,Retrieval,ret_13,1,10,1009.4,534.2,3215,340,170
P24,Retrieval,ret_13,1,11,1115.3,891.4,3616,96,48
P24,Retrieval,ret_13,1,12,237.2,770.9,3763,314,157
P24,Retrieval,ret_13,1,13,984.5,542.9,4132,456,228
P24,Retrieval,ret_13,1,14,911.4,537.3,4623,322,161
P24,Retrieval,ret_14,1,1,684.7,711.3,60,80,40
P24,Retrieval,ret_14,1,2,1360.6,352.0,168,342,171
P24,Retrieval,ret_14,1,3,1079.5,788.7,539,156,78
P24,Retrieval,ret_14,1,4,639.1,912.5,743,344,172
P24,Retrieval,ret_14,1,5,722.9,739.8,1127,314,157
P24,Retrieval,ret_14,1,6,949.6,468.2,1471,150,75
P24,Retrieval,ret_14,1,7,881.3,271.9,1686,258,129
P24,Retrieval,ret_14,1,8,948.8,512.5,1976,358,179
P24,Retrieval,ret_14,1,9,1275.4,350.7,2368,312,156
P24,Retrieval,ret_14,1,10,461.9,245.0,2708,324,162
P24,Retrieval,ret_14,1,11,1153.0,609.1,3061,412,206
P24,Retrieval,ret_14,1,12,818.8,274.1,3500,242,121
P24,Retrieval,ret_14,1,13,814.4,878.8,3805,154,77
P24,Retrieval,ret_14,1,14,1237.5,662.2,3995,188,94
P24,Retrieval,ret_14,1,15,835.2,270.7,4250,174,87
P24,Retrieval,ret_14,1,16,795.6,249.1,4486,360,180
P24,Retrieval,ret_14,1,17,733.0,619.1,4883,326,163
P24,Retrieval,ret_14,1,18,1157.6,609.3,5278,380,190
P24,Retrieval,ret_15,1,1,1241.3,664.8,104,304,152
P24,Retrieval,ret_15,1,2,1234.3,333.4,471,356,178
P24,Retrieval,ret_15,1,3,592.4,422.4,886,320,160
P24,Retrieval,ret_15,1,4,1174.5,314.2,1251,172,86
P24,Retrieval,ret_15,1,5,1199.9,707.7,1482,278,139
P24,Retrieval,ret_15,1,6,783.3,489.6,1784,276,138
P24,Retrieval,ret_15,1,7,1243.3,642.5,2121,322,161
P24,Retrieval,ret_15,1,8,1009.7,543.5,2477,188,94
P24,Retrieval,ret_15,1,9,852.6,544.7,2725,278,139
P24,Retrieval,ret_15,1,10,857.2,580.5,3028,94,47
P24,Retrieval,ret_15,1,11,743.0,510.4,3151,310,155
P24,Retrieval,ret_15,1,12,924.7,501.2,3485,390,195
P24,Retrieval,ret_15,1,13,964.9,467.0,3918,232,116
P24,Retrieval,ret_16,1,1,649.1,746.6,65,306,153
P24,Retrieval,ret_16,1,2,688.5,762.1,418,120,60
P24,Retrieval,ret_16,1,3,883.2,312.0,607,220,110
P24,Retrieval,ret_16,1,4,580.4,737.6,854,358,179
P24,Retrieval,ret_16,1,5,936.3,560.4,1248,164,82
P24,Retrieval,ret_16,1,6,611.5,636.0,1478,250,125
P24,Retrieval,ret_16,1,7,1418.4,352.4,1770,282,141
P24,Retrieval,ret_16,1,8,1074.2,793.6,2102,504,252
P24,Retrieval,ret_16,1,9,924.7,528.2,2675,228,114
P24,Retrieval,ret_17,1,1,1378.2,490.6,50,168,84
P24,Retrieval,ret_17,1,2,712.4,371.4,247,346,173
P24,Retrieval,ret_17,1,3,1345.0,545.5,660,346,173
P24,Retrieval,ret_17,1,4,1357.2,532.0,1031,80,40
P24,Retrieval,ret_17,1,5,603.6,669.9,1136,348,174
P24,Retrieval,ret_17,1,6,1112.2,753.9,1546,440,220
P24,Retrieval,ret_17,1,7,922.4,625.6,2034,282,141
P24,Retrieval,ret_17,1,8,1275.2,603.2,2382,80,40
P24,Retrieval,ret_17,1,9,904.9,499.5,2486,256,128
P24,Retrieval,ret_17,1,10,1331.6,644.5,2811,218,109
P24,Retrieval,ret_17,1,11,1288.5,591.8,3062,210,105
P24,Retrieval,ret_17,1,12,1364.2,507.1,3305,218,109
P24,Retrieval,ret_17,1,13,855.3,523.2,3590,502,251
P24,Retrieval,ret_17,1,14,873.6,531.1,4148,138,69
P24,Retrieval,ret_17,1,15,1195.6,795.8,4312,410,205
P24,Retrieval,ret_17,1,16,791.2,385.2,4765,218,109
P24,Retrieval,ret_18,1,1,950.7,463.8,60,350,175
P24,Retrieval,ret_18,1,2,1442.4,870.8,474,362,181
P24,Retrieval,ret_18,1,3,1461.8,242.0,896,198,99
P24,Retrieval,ret_18,1,4,939.8,380.1,1132,370,185
P24,Retrieval,ret_18,1,5,796.2,446.6,1541,318,159
P24,Retrieval,ret_18,1,6,1176.5,694.9,1890,288,144
P24,Retrieval,ret_18,1,7,697.7,354.4,2226,250,125
P24,Retrieval,ret_18,1,8,745.9,309.3,2515,222,111
P24,Retrieval,ret_18,1,9,1031.9,566.7,2787,364,182
P24,Retrieval,ret_18,1,10,670.6,296.8,3183,174,87
P24,Retrieval,ret_18,1,11,1014.8,212.2,3387,208,104
P24,Retrieval,ret_18,1,12,1140.6,639.8,3642,420,210
P24,Retrieval,ret_18,1,13,1019.7,797.6,4119,420,210
P24,Retrieval,ret_18,1,14,1189.2,726.9,4571,360,180
P24,Retrieval,ret_18,1,15,1645.7,877.3,4988,174,87
P24,Retrieval,ret_18,1,16,728.7,257.1,5215,374,187
P24,Retrieval,ret_18,1,17,726.9,318.5,5637,130,65
P24,Retrieval,ret_19,1,1,1088.5,774.8,102,286,143
P24,Retrieval,ret_19,1,2,1105.7,802.4,413,188,94
P24,Retrieval,ret_19,1,3,1436.0,608.3,664,134,67
P24,Retrieval,ret_19,1,4,574.8,740.5,824,216,108
P24,Retrieval,ret_19,1,5,1187.4,357.1,1090,216,108
P24,Retrieval,ret_19,1,6,1445.5,860.9,1338,290,145
P24,Retrieval,ret_19,1,7,1446.4,350.0,1695,434,217
P24,Retrieval,ret_19,1,8,905.3,535.1,2197,440,220
P24,Retrieval,ret_19,1,9,762.8,339.8,2695,138,69
P24,Retrieval,ret_19,1,10,1396.0,667.1,2900,278,139
P24,Retrieval,ret_19,1,11,540.1,892.5,3247,370,185
P24,Retrieval,ret_19,1,12,1007.1,488.6,3682,224,112
P24,Retrieval,ret_20,1,1,866.8,378.0,49,316,158
P24,Retrieval,ret_20,1,2,1179.8,373.5,397,346,173
P24,Retrieval,ret_20,1,3,1234.9,360.9,797,246,123
P24,Retrieval,ret_20,1,4,663.0,368.6,1098,334,167
P24,Retrieval,ret_20,1,5,704.5,352.3,1475,232,116
P24,Retrieval,ret_20,1,6,905.1,538.4,1738,428,214
P24,Retrieval,ret_20,1,7,1036.7,463.4,2203,430,215
P24,Retrieval,ret_20,1,8,1120.6,460.7,2686,270,135
P24,Retrieval,ret_20,1,9,1376.0,692.5,2988,336,168
P24,Retrieval,ret_20,1,10,776.2,800.4,3368,364,182
P24,Retrieval,ret_20,1,11,1161.8,437.3,3773,350,175
P24,Retrieval,ret_20,1,12,776.0,753.0,4192,206,103
P24,Retrieval,ret_20,1,13,1356.2,667.5,4444,312,156
